appid,name,overall_similarity,best_community_similarity,best_community
586380,VITATIO 2,0.175575242946607,0.499277310678923,8
2934190,Aooni,0.21505038127930703,0.4991301611865083,11
1337890,Choice of Life: Middle Ages,0.15254590034656412,0.499112636672268,10
428430,Endorlight,0.18160831162630917,0.49864619869969173,8
1356480,Sokpop S08: helionaut,0.17707209659919895,0.4985505348938417,8
640120,Youropa,0.27459648144039034,0.49852523454916925,8
1075370,Skywalk,0.19253035076820052,0.49846599635195654,8
1283190,Neighbours back From Hell,0.26798031046950543,0.4984554118808577,1
578470,Break Time!,0.16865057309179074,0.498444223010878,8
964440,Hell is Others,0.2787014525282627,0.4983243147018128,8
1097130,Circuit Superstars,0.2726121489043615,0.49830336264852093,0
1058980,Dinosaur Bone Digging,0.17668034391352183,0.4982125252650463,8
218640,Lucius,0.19399851827300407,0.4979545435262997,11
1155340,Rescue Team: Evil Genius,0.1770498507306266,0.49762530182023046,3
1149590,Dreamland Solitaire,0.21802361488225896,0.4970024144010871,12
1933980,Pool Slide Story,0.1856037981456638,0.49675362592444366,12
1018800,DEEEER Simulator: Your Average Everyday Deer Game,0.19376905151903207,0.4962082642127807,8
945590,Cliché - Critical Change,0.17668034391352183,0.49609612314864426,8
2476490,Isekai Rondo,0.2087422720370018,0.49577565632280096,9
1239020,TOGETHER BnB,0.17668034391352183,0.49534220528786715,10
301420,Third Eye Crime,0.16764396551092367,0.4948673256060888,8
2739980,Horny Suika: Wet Watermelon,0.2128640408516119,0.49459066330012563,12
1171320,Frog Detective 3: Corruption at Cowboy County,0.20684614913591298,0.4942525165612094,0
107200,Space Pirates and Zombies,0.29432721144421103,0.4941027752149499,11
1140890,Morbid: The Seven Acolytes,0.21400974848551124,0.49404710905818566,11
398670,Shadow Heroes: Vengeance In Flames,0.1433470105801885,0.4937712962894743,3
352680,HIS - [P-38J] Lightning R.Bong Pack,0.1433470105801885,0.4937712962894743,3
1335240,放置勇者：远征/idle Heroes: Odyssey,0.1806612498092963,0.4937240494333116,10
2441170,MagicShop2,0.21029043014256313,0.49349745166394615,11
516430,Ruin of the Reckless,0.20275140865620842,0.49339415224067557,11
705100,Marshmallow Melee,0.17668034391352183,0.4929330819674473,11
1984020,Everhood 2,0.23977080465657064,0.4928868586568489,8
748830,Yanone: Letter Splatter,0.18924339058631742,0.4928666392500959,8
694160,Guardians of Life VR,0.1860938303753482,0.4928218195119212,8
3132250,Heian City Story,0.20528927664532118,0.4927261754361801,12
455980,Judgment: Apocalypse Survival Simulation,0.28303193310370584,0.49253972676941044,12
1247640,Dwarf Shop,0.21802361488225896,0.4925250614763036,10
1917850,Haunted House Renovator,0.2082061102815587,0.491616440177263,0
1490060,Disillusion,0.20426993967956167,0.49132823039683526,11
612380,Cryptocracy,0.15445812169129963,0.49107334217101534,12
22180,Penumbra: Overture,0.22700590832781425,0.49059093118446856,1
1160020,AshenForest,0.19961579629053322,0.49001813705185165,11
402970,Fringes of the Empire,0.18924339058631742,0.48889838528184193,8
356650,Death's Gambit: Afterlife,0.2684486396420671,0.48876943521653354,8
228400,ACE COMBAT™ ASSAULT HORIZON Enhanced Edition,0.27197993429142525,0.4885688904484902,5
977210,尘沙的选择 THE CHOICE OF SAND,0.17784820270366652,0.48834105475692074,11
674500,Total Tank Simulator,0.19813587402347327,0.4877245507154705,12
1582650,Caravan Sandwitch,0.31492641379827035,0.48755254650733465,1
1277950,Heart's Medicine - Season One,0.18204771745733947,0.48750013669798076,8
280740,Aperture Tag: The Paint Gun Testing Initiative,0.17198686424857237,0.48737640340604793,8
908310,The Call,0.17030812854597832,0.4873548852408454,8
311860,Data Hacker: Initiation,0.19002983513371738,0.48724783833710583,10
353740,HIS - Rare Flight Pack,0.1433470105801885,0.4871050882027614,12
578840,Behind You Demo,0.1433470105801885,0.4871014141539351,8
717640,Reigns: Her Majesty,0.20704161063287788,0.48710016351221214,8
493770,Awakened,0.15445812169129963,0.48634749629315815,10
1996210,Sakura Hime 3,0.18663697259916334,0.4858907404163772,10
2484130,Fruitbus,0.2087591311945552,0.48580533502561873,8
1232570,Paper Beast,0.19961579629053322,0.48564410788919526,8
2844500,My Protogen Engineer,0.18326586708049675,0.4854404588132571,8
568830,Witch of Ice Kingdom II,0.20235689810883412,0.48533060121630894,11
1702180,Goat's Tale,0.17386030673212238,0.4853060021636943,8
2191490,Pocket Academy 3,0.18632744531514442,0.4852618075670125,12
806530,Unending Dusk,0.2035995571639081,0.48514743946542266,11
1120320,Builder Simulator,0.18924339058631742,0.48505546867592,8
1532690,BLACKTAIL,0.28476051978836053,0.4850460106402457,9
1759350,Space Trash Scavenger,0.2184420841953848,0.4847060738100298,8
2650630,Last Hope,0.21802361488225896,0.48468945842290406,8
702670,Donut County,0.2574289568442638,0.4841688563899714,1
2856370,Into the Emberlands,0.20578589759160326,0.48410196561145646,3
2101540,The Parasites Demo,0.17668034391352183,0.4840711111236322,8
3479710,Level Devil Demo,0.17668034391352183,0.4840711111236322,8
690260,Tower Miners,0.21872284085709515,0.48399014483067004,3
257750,Bloody Trapland,0.2082061102815587,0.48394554368270626,13
1366510,炼器师,0.21400974848551124,0.4835539024758518,13
893450,Life After The Living,0.17668034391352183,0.48339771045023144,8
559100,Phantom Doctrine,0.3092195003059428,0.48336022960542907,9
763090,Aqua Fish,0.1480859063237561,0.4830456714731898,3
1053710,The Red Lantern,0.21597844693046986,0.48297899067199934,10
1299690,Gori: Cuddly Carnage,0.2728199285228031,0.48294546448833375,5
1907720,Autonauts vs Piratebots,0.2174705939692625,0.4828449053026017,12
200650,Lightfish Demo,0.20426993967956167,0.4827382319360759,8
398250,Moonstrider,0.16764396551092367,0.4826980134367768,8
2191480,Jumbo Airport Story,0.16664196681548707,0.4824093130948358,12
1031910,The Path To Die,0.17668034391352183,0.48233950939203035,8
685990,Forgotten Land,0.17469273627417242,0.48220625214417967,1
898890,Endling - Extinction is Forever,0.3159928835429814,0.4821763412574686,13
1074340,Viking Sisters,0.15445812169129963,0.4821148438468764,2
370060,Coffee Shop Tycoon,0.17198686424857237,0.4821052759930597,12
368390,The Darkside Detective,0.2669889297155078,0.4819826732259755,5
1418020,Tavern of Gods,0.19253035076820052,0.48171728750960097,8
2441120,Viking Heroes 4,0.19679018830440415,0.48168506452669413,1
35000,Mini Ninjas,0.28736945964861704,0.48152800939860846,6
1160790,The Legend of Dark Witch Renovation,0.18158542329535052,0.4814405274220792,1
433300,Marvel: Ultimate Alliance,0.15591005725298412,0.48132640991835907,11
733950,Just One Line Demo,0.17302614952481807,0.48132086689955844,10
1650860,Chambers of Devious Design,0.21678717396804542,0.4810839190319368,12
3455450,Useless Princess and the Village Renovation,0.19087279531401294,0.4809742761634073,10
251850,Master Reboot,0.15950984156555345,0.4805735089983207,11
2715650,Humans are not that against Lizardwomen,0.15725540658515483,0.4805080126447497,10
331480,Pinstripe,0.2352437499810249,0.48050617932295664,1
398850,Epistory - Typing Chronicles,0.2511892740737416,0.48044235870760427,4
449710,REDCON,0.18312479041982616,0.4804324844969483,12
415740,OmniBus,0.17434113097546927,0.4804231799742743,8
286000,Tooth and Tail,0.23906382845608348,0.48020378693176385,1
240970,Half Minute Hero: The Second Coming,0.2951674014964482,0.4800316025505709,11
794540,Neo Cab,0.2808462692036766,0.47954227712236047,10
329000,Data Hacker: Corruption,0.16526859866208674,0.47947596341031035,10
1141550,CUCKOLD SIMULATOR: Life as a Beta Male Cuck,0.1595773381678007,0.4780556314219994,8
2981530,索罗灵魂之戒—神界篇,0.1975993840783818,0.4778027689338714,10
204860,Men of War: Condemned Heroes,0.19960485498096395,0.47740075424862277,11
1457630,幻想三国志2,0.17668034391352183,0.4769621794803575,3
1049280,Pilgrims,0.2516225769108066,0.47694369637383466,5
1286330,WhiteLily 2：梦醒少女,0.20275140865620842,0.4767174505914861,10
300620,Flyhunter Origins,0.17367923406464492,0.47628655497610645,8
467220,Dyna Bomb,0.14519363800359583,0.4761922787316378,8
776030,Choice of the Vampire: The Fall of Memphis Demo,0.15982549523511727,0.47616975474477896,10
557400,Midas Gold Plus,0.1671769373520935,0.4761199167223717,10
552000,Blowhards,0.14838522517636815,0.4760860197545875,8
390470,Divine Slice of Life - Soundtrack,0.13223589946907738,0.475990303042824,8
1406850,The Legend of Tianding,0.24907539863298378,0.4758345727412337,9
366320,Seasons after Fall,0.31968500968517505,0.4758254932401248,13
4100,Poker Superstars II,0.17668034391352183,0.47520032629799946,12
3273240,DYNASTY WARRIORS: ORIGINS Demo,0.21124127750531987,0.47473267689339776,9
1158420,SimCasino,0.19002983513371738,0.4746167734909972,12
514830,Stifled,0.19282815905708484,0.4744231850004429,8
1621760,Decision: Red Daze,0.2035995571639081,0.47440306197686216,11
2738380,Internet Cafe & Supermarket Simulator 2024,0.2053161083279755,0.47439605628074294,10
1354990,Dungeons of Voidria,0.20235689810883412,0.47421949010519787,11
2868430,XiuzhenWorld / 修真世界,0.17668034391352183,0.47413845119097225,8
2725200,Prisoners,0.1963288057605513,0.47408930780696207,1
2575060,Lively Chair Simulator,0.16702116836409522,0.47407422837785446,12
1849000,SEX with HITLER,0.21678717396804542,0.4738502353599232,8
1510070,Cliff & Field Tower Defense,0.19375622470824766,0.4737500635154075,3
919370,Overdungeon,0.1648092609243154,0.47373541337987585,3
2488340,Dream Town Island,0.1856037981456638,0.47372219112830305,12
3694360,How 2 Escape: Lost Submarine Demo + Companion App,0.21678717396804542,0.4736760878492463,8
3323590,Draft Day Sports: Pro Football 2025,0.17668034391352183,0.47361302471069794,12
3154850,Draft Day Sports: College Football 2025,0.17668034391352183,0.47361302471069794,12
1519090,Welcome to ParadiZe,0.28181983029857915,0.4735272870203758,9
13530,Prince of Persia: The Two Thrones,0.20333012693932961,0.4734525155365409,0
587100,Ys SEVEN,0.2841824425972062,0.473446397162502,9
612510,The Far Frontier,0.17707209659919895,0.47316578352597477,12
1423370,NOeSIS02-羽化,0.15445812169129963,0.4731199830656449,10
200190,Sideway,0.2852218764090172,0.47308738193759775,1
525680,Deisim,0.2059086354851852,0.4730637134927815,12
1831320,Rescue Team: Power Eaters,0.20463944649666643,0.4729549243757272,3
2776940,Echoes of Yi : Samsara,0.21678717396804542,0.47273578589827453,11
1755940,PlateUp! Demo,0.21610587518157723,0.4726744193726982,3
277890,Shantae: Risky's Revenge - Director's Cut,0.2150503817039261,0.472513417530782,11
254480,Obscure 2,0.21061544561802462,0.47213706563874047,11
1457620,幻想三国志,0.17668034391352183,0.47207817459635265,3
2690700,Golden Rails: Harvest of Riddles,0.1745330823497905,0.472050943874648,3
1898290,LEGO® Bricktales,0.2659760815530268,0.47193344419770195,13
745010,Mechanic Miner,0.2035995571639081,0.47191992623790946,11
1173200,Metal Unit,0.2035995571639081,0.47191992623790946,11
1608450,Hellslave,0.2035995571639081,0.47191992623790946,11
357780,Defend Your Life,0.18517813548895484,0.47190932775338407,12
315940,Top Hat,0.16648845226304507,0.47156418704314146,8
215530,The Incredible Adventures of Van Helsing,0.25347258791489063,0.4714902509594229,11
1303580,Mars Horizon Demo,0.23549836116330267,0.4711465013003185,12
2130000,Tailbound,0.19337454097165777,0.4709810231788741,11
1804010,Labyrinth Of The Demon King,0.21597844693046986,0.47087598594908286,11
207530,Noitu Love 2 Devolution,0.251982506532491,0.47073624452821705,8
3612390,New Yankee: The Way of the Knight,0.19094097613167954,0.4706609858217848,1
894730,The Chronicles of Noah's Ark,0.17668034391352183,0.4704347474872685,8
1290280,Vampire: The Masquerade — Night Road Demo,0.16470919729748507,0.470226972449795,10
1730140,Light,0.20888027997823702,0.47010019299176226,11
598700,The Vagrant,0.20710847379014038,0.4698851056348413,11
741670,Easy Red,0.15145701184242272,0.4695612194482779,12
2427100,Cafe Master Story,0.16849132762709165,0.4691817998673226,12
515230,Cleo's Lost Idols,0.1514353046668002,0.4691560840508215,12
1341200,DYNASTY WARRIORS 9 Empires,0.17464408533326403,0.4688577599150801,9
697960,Cute Monsters Battle Arena,0.15445812169129963,0.4688511199487932,12
233270,Far Cry® 3 Blood Dragon,0.2703148898621227,0.4687802781138556,0
2351120,Ebenezer and The Invisible World,0.1866330068334579,0.4686229208086819,1
17140,Hinterland,0.18979222846659483,0.4684915590074527,11
1199570,Rogue Heroes: Ruins of Tasos Demo,0.19844599065788382,0.46844184506121866,11
787810,Rogue Heroes: Ruins of Tasos,0.19844599065788382,0.46844184506121866,11
2296430,Paleo Pines Demo,0.15662914669330108,0.4680680696225438,10
681240,Dujanah,0.15839771640327205,0.4678129969472303,11
328730,Letter Quest: Grimm's Journey,0.28479722501117744,0.4674384004537856,6
1437850,三国群英传4,0.17668034391352183,0.4673787449751534,9
234270,Ken Follett's The Pillars of the Earth,0.23521603192126495,0.46584451234202123,1
272990,GAUGE,0.17828804846320456,0.465373953828193,8
1163460,Daenerys doesn’t want Hentai,0.18924339058631742,0.4650888614723181,8
520230,TwinForce,0.17784820270366652,0.46490349930102853,8
676570,Crazy Bowling,0.17668034391352183,0.46487919193171295,8
773870,Vector's Adventures,0.17668034391352183,0.46487919193171295,8
1354230,Love Tavern,0.19337454097165777,0.464130196879244,8
3389630,我的时光：大学日记 Demo,0.15445812169129963,0.464125274070936,10
3069040,Little Life: Idyllic Town Tales,0.15445812169129963,0.464125274070936,10
264840,Realms of Arkania: Blade of Destiny - For the Gods DLC,0.13223589946907738,0.46412527407093596,10
1445440,Blacksmith of the Sand Kingdom,0.21029043014256313,0.4640104736673178,9
296830,Lucius II,0.14760273759636003,0.4640082196133559,8
835650,Rising Lords,0.25938698484474026,0.4636395512425866,12
1065100,Golden Treasure: The Great Green,0.17880372423263716,0.46358691296719556,10
2378710,How 2 Escape - Companion App,0.21505038127930703,0.46357662415388207,8
2348680,The Lust City,0.172342729523601,0.4633246385320285,10
773490,RiddleBridge,0.17668034391352183,0.4632955643932376,12
1331090,进击的哥布林,0.17668034391352183,0.4632955643932376,12
304610,Monochroma Demo,0.1301778228253327,0.4630678119719091,11
1097420,No-brainer Heroes,0.13255826947543572,0.4630516374749621,10
234670,NARUTO SHIPPUDEN: Ultimate Ninja STORM 3 Full Burst,0.2712036189058363,0.46276832877872087,8
422910,Creeper World Anniversary Edition,0.19456495174582322,0.4619825776108334,12
1120210,Make War,0.16865057309179074,0.46190141634449633,12
359420,The Journeyman Project 1: Pegasus Prime,0.21802361488225896,0.46179383552728115,8
1108830,Synergia Demo,0.13644778204947514,0.46175020215889423,10
1952170,Cafeteria Nipponica,0.1856037981456638,0.461697179103291,12
1098940,Home Sweet Home EP2,0.17668034391352183,0.4616216313768453,6
1136440,HENTAI ARENA HOLY PUSSY,0.18764849537730985,0.4613628750145314,8
1189440,VenusBlood FRONTIER International,0.16741586022581806,0.4613194108890168,9
2855500,Jonesville,0.21597844693046986,0.46124942882422715,12
1428470,Stowaway,0.15445812169129963,0.461243115935207,3
1268870,Deskmate Girl,0.21678717396804542,0.4611900231892686,8
849100,Alaskan Road Truckers,0.19793819752983777,0.46099845526693517,8
2000330,Alaskan Road Truckers Demo,0.19793819752983777,0.46099845526693517,8
245470,Democracy 3,0.24202466794586291,0.4609085181785639,12
435010,Krinkle Krusher,0.19420908647079457,0.46085042856434777,3
864700,Dinosaur Fossil Hunter,0.15692772758299206,0.4607330112106469,8
1161830,Age of Reforging:The Freelands,0.21678717396804542,0.4605687588005205,11
13500,Prince of Persia: Warrior Within,0.22034627617282318,0.4605013635916638,0
1851610,River Tails: Stronger Together,0.208600620828933,0.4601991098748414,8
241600,Rogue Legacy,0.19967593255062585,0.4600630799006842,11
997270,傲皇忆剑诀,0.1860938303753482,0.4600559061945758,12
844330,The Goatman,0.17668034391352183,0.45970678730319575,9
2216130,沉默的蟋蟀,0.16097756655202494,0.4592618313145469,10
1244630,House Builder,0.1573211011269405,0.45860807755195065,8
1440170,House Builder Demo,0.1573211011269405,0.45860807755195065,8
1414000,Obscurite Magie: The City of Sin,0.19087279531401294,0.45860775379688484,10
1802880,The Devil Within: Satgat,0.20235689810883412,0.4584768874030095,11
310080,Hatoful Boyfriend,0.26456304612822445,0.4582422699677667,12
260570,Gray Matter,0.29301250192379924,0.45814166364277426,6
2333720,Draft Day Sports: College Basketball 2023,0.17668034391352183,0.45774000883768207,12
1002000,Spitlings,0.303346317019166,0.45717733993017334,1
880580,YORG.io,0.15551435855266393,0.45693688482193784,12
264560,Quest for Infamy,0.18497145057456893,0.4568497185129756,11
225270,Brütal Legend Soundtrack,0.17668034391352183,0.456718018450051,2
907090,Cursed Armor,0.17668034391352183,0.4567178666635286,10
2583430,Alice in the Nightmare Land,0.1775564752136568,0.4565732792968622,10
1924780,Arzette: The Jewel of Faramore,0.20001030683790752,0.4564803197013945,11
2102490,Basketball Club Story,0.1856037981456638,0.4563941488002606,12
2654470,BUNNY GARDEN,0.2116213817965379,0.45630627092900666,13
682550,ワールド・ネバーランド２～プルト共和国物語～,0.17668034391352183,0.45604446599012793,10
1634080,Nocturnal,0.24811494955865573,0.4548756210723138,8
1160950,Star Alliance,0.15982549523511727,0.45473940711440497,10
1486140,Microcosmum 2,0.20791720082771595,0.4546149161650048,8
1422420,Dodgeball Academia,0.2087591311945552,0.45451063270431974,11
447890,Cat on a Diet,0.21802361488225896,0.45438642811987373,8
598600,Silence in Space - Season One,0.19929431882142118,0.4541060904493972,8
1241910,Victory and Glory: The American Civil War,0.17668034391352183,0.45403630513397836,12
556860,Gladiator School,0.17668034391352183,0.45403630513397836,12
46500,Syberia,0.24462118917994763,0.4539465079941009,0
1433940,Adventure of Bears,0.17668034391352183,0.4537680808206018,8
675910,Visual Out,0.13223589946907738,0.4537680808206018,8
1103400,Codemancer,0.13223589946907738,0.4537680808206018,8
1007810,重明鸟 Bright Bird,0.20263902465936154,0.4537583865498119,10
1233260,FAIRY TAIL,0.16946206499724065,0.4537505086218988,9
354140,Five Nights at Freddy's 3,0.24026609119748932,0.4537307816556432,12
776490,永遠消失的幻想鄉 ～ The Disappearing of Gensokyo,0.19020501279014193,0.45324052053307073,11
1218360,Luna : The Dimemsion Watcher,0.13223589946907738,0.45297810407577727,12
506540,Last Man Standing,0.1433470105801885,0.45250145501963307,3
1232060,CHAT CHAMPIONS,0.21597844693046986,0.452218618343266,8
584640,SUPER CHICKEN JUMPER,0.21029043014256313,0.45212774891767094,8
1126310,风信楼,0.11902468055202835,0.4521164878619506,10
107310,Cthulhu Saves the World ,0.2943353937218129,0.4521054322010238,10
950700,VICCP,0.15484987437697675,0.45198968833299513,8
2719190,撩妹模拟器：渣男的秘密,0.19420908647079457,0.4519266679563124,8
912910,Nanoui Demo,0.17668034391352183,0.4516516787041997,8
3130500,Jitter Demo,0.17668034391352183,0.4516516787041997,8
2793960,Freaked Fleapit Demo,0.17668034391352183,0.4516516787041997,8
1012560,Snakeybus,0.18041680243713934,0.4515632715061252,3
1934080,浮生箓2：九九行歌,0.18764849537730985,0.4515393804764663,10
879050,Drakkar Crew,0.18036885246126175,0.45153843908531394,11
1153640,Chorus,0.3132028107792227,0.4515378821096053,3
1069820,Fog of War: The Battle for Cerberus,0.15885722100036084,0.45153547299916297,10
1540210,Arizona Sunshine® 2,0.29402500347606436,0.4514955471735898,8
2977520,Big Helmet Heroes Demo,0.18667256476291463,0.45149394878324084,1
2353760,Landfall Archives,0.15445812169129963,0.4513908024884757,12
1990050,Creature Creator,0.16584598569811873,0.4510103806252063,10
2232840,Garten of Banban,0.15445812169129963,0.45075409947075995,4
1746930,SunnySide,0.20263902465936154,0.45067351681877243,10
1206930,Malediction,0.15445812169129963,0.45059347764599866,8
988340,Mad Hunting Simulator VR,0.17668034391352183,0.4505934776459986,8
2251620,Sunrider 4: The Captain's Return,0.209599271350723,0.4502915449090089,11
849970,Forgotten Realm RPG,0.14479894614187303,0.4499970116905964,10
1224290,Horizon's Gate,0.20586031793133802,0.449688826210694,11
416210,Block'hood,0.28314745923053897,0.44940184292620355,12
370440,No70: Eye of Basir,0.16879729594866097,0.4493631444231596,11
340460,Spartans Vs Zombies Defense,0.1432040509328654,0.4492342910869391,12
2354000,Slackers - Carts of Glory,0.20263902465936154,0.44920851707801146,12
705150,Rhythm World - Master Project,0.15659492656110066,0.4491916861807269,12
555970,Awaken,0.17668034391352183,0.4490061760586971,8
784050,Filthy Hands,0.17668034391352183,0.4490061760586971,8
1816390,Rebirth evolution,0.17244493341577935,0.4489119209251059,12
1897650,Dream Tactics,0.1707918389047048,0.44890657448042476,11
50620,Darksiders,0.25652997311091325,0.4488187397985532,0
994140,Lightmatter,0.3193465102085164,0.44868239846387387,6
513210,Rescue Bear Operation,0.17198686424857237,0.4482229642526087,8
233980,Unepic,0.22297183668805445,0.44820930339531695,11
1580520,Lost Eidolons,0.31355613836314644,0.44786473470330224,10
1661260,Animal Shelter: Prologue,0.15445812169129963,0.4477010224829062,12
330620,It's A Wipe!,0.21400974848551124,0.4475829531261635,12
694500,Army Men RTS,0.22959363577614186,0.4473661294658904,11
1099220,The Alien Cube,0.2483895814747464,0.44722875907909454,1
437430,Valhalla Hills: Sand of the Damned DLC,0.11155549380421904,0.4470603416120612,12
400940,Budget Cuts,0.21802361488225896,0.44697902071246637,8
1051200,Trover Saves the Universe,0.21597844693046986,0.44689922409702093,5
1038810,GOD WARS The Complete Legend,0.20846151537529137,0.44684441937912195,9
391180,Ladra,0.21029043014256313,0.44683674362666564,8
1996770,Turok 3: Shadow of Oblivion,0.3130719219520995,0.4468250300085376,1
1490410,The fairy tale you don't know,0.1775564752136568,0.4468103350157053,3
713160,After Death,0.20263902465936154,0.44673941519308835,8
761170,Radical Dungeon Sweeper,0.2116213817965379,0.44663682134090776,12
928690,覇県を握れ ～47都道府県大戦～,0.17668034391352183,0.44662889772657094,12
1983990,Nexus 5X,0.25528731405583927,0.44650030513341826,9
275670,Space Run,0.28130429884979297,0.4463267069359923,1
22450,Hunted: The Demon's Forge,0.18683744872360283,0.44626042617749384,11
633060,Orwell: Ignorance is Strength,0.24168156761190082,0.4461995793039368,4
1074190,Dragon Spirits 龙魂：学院奇闻,0.18924339058631742,0.44619734145595735,11
2151580,Infinite Tao,0.21597844693046986,0.4461478859567441,8
1629830,Research Story,0.20671396324276609,0.4461105584278354,10
557340,My Friend Pedro,0.2732137031253399,0.44580046378063676,8
530620,Resident Evil 7 Teaser: Beginning Hour,0.19812405395060098,0.44568654877684905,0
1767750,Wild Life Demo,0.17668034391352183,0.44559008679836526,11
1974520,Dusk Pub - Adult Only,0.18284759023699143,0.4449639426320717,10
1641700,Moving Out 2,0.18571345982270684,0.4443692993809482,8
743230,Baseball Mogul 2018,0.19590145628686711,0.44430580122746494,12
745740,Reflex,0.1633258389400611,0.4442680797610497,8
2678990,Minami Lane,0.15369142957902884,0.4442597886178772,12
828070,Treasure Hunter Claire,0.17668034391352183,0.4442422331352635,10
2180700,ABI-DOS,0.18517813548895484,0.44361637314463986,12
732370,Juicy Realm,0.19621986197316257,0.4433710949127339,8
666620,Behind These Eyes,0.15445812169129963,0.44325987935306826,11
1478970,AI Olympius,0.1975993840783818,0.44325921576233457,11
411320,"Codename: Panzers, Phase Two",0.24271802284478722,0.4431595298501861,9
581520,Sakura Magical Girls,0.19929431882142118,0.4429285705668746,10
533890,ReBoot,0.1591970174348672,0.4429104407964009,8
348540,Divine Slice of Life,0.16858371901596275,0.44288325276762003,8
461950,Beat Cop,0.26862747750765503,0.4426925808336937,6
736570,The Crooked Man,0.21597844693046986,0.44268739675538715,13
560570,Breaking Bones,0.1433470105801885,0.44265696970949076,8
258470,Tetrobot & Co. Original Soundtrack,0.1433470105801885,0.44265696970949076,8
2820,X3: Terran Conflict,0.2661884262483078,0.44259243571125867,9
2084720,Home Run High,0.1856037981456638,0.44250525991137174,12
454350,Days of War,0.1370414033997902,0.44245742031977375,11
3323000,Mahjong,0.17668034391352183,0.4423946234878883,13
3509620,Wildcard Playtest,0.1433470105801885,0.4419194444376225,3
102600,Orcs Must Die!,0.25077440604944173,0.441888384015844,11
573730,Northern Tale 3,0.17668034391352183,0.4418669929646662,12
666610,Endless ATC,0.19087279531401294,0.4415930697203603,12
2051430,Deadlink Demo,0.23627972917099407,0.4410353349857369,8
810040,Swords 'n Magic and Stuff,0.19042434568109168,0.4408195517294362,10
257170,Rebuild 3: Gangs of Deadsville,0.30259225597022704,0.4407926550052607,9
232050,Eador. Masters of the Broken World,0.29395498281559196,0.4406785092079704,11
406110,Asdivine Hearts,0.15445812169129963,0.4405958623062301,10
2171630,地心归途 Return From Core,0.21872284085709515,0.4403254820673531,8
115800,Owlboy,0.15094763024865362,0.44027731783668844,0
2281360,Old Coin Pusher Friends 2,0.20263902465936154,0.4402138080833024,12
544920,Darwin Project,0.2860662775912548,0.4401290259656066,6
365770,Volume,0.2659439812483589,0.44011456127798254,8
1524790,Loneliness,0.15445812169129963,0.44005119999686193,10
1416000,The Dark: Survival RPG,0.18458446117990432,0.44002209216544785,11
458490,Who Must Die,0.18160831162630917,0.43991603996953293,8
772300,To the City of the Clouds,0.1328985402545211,0.43968013829806485,10
344760,Reign Of Kings,0.17668034391352183,0.4396266666791877,8
2553710,Birds Aren't Real: The Game,0.13223589946907738,0.4396266666791877,8
1366150,Greedy Dungeon,0.21029043014256313,0.43949665855321074,3
446340,Guns of Infinity Demo,0.16295591326673262,0.4393125066324593,10
3508630,ISLANDERS: New Shores Demo,0.22034627617282318,0.4391930422833425,0
1202910,Spiritfarer Demo,0.19803368997506954,0.43916460640308885,0
293160,AntharioN,0.15445812169129963,0.43913191237680405,11
2374190,Nikoderiko: The Magical World — Director’s Cut,0.27219047806131946,0.4390392488542402,0
844850,Tower Hunter: Erza's Trial,0.2095721110550553,0.4388716899641723,8
440740,Tap Tap Legions - Epic battles within 5 seconds!,0.1671769373520935,0.4388352571222414,3
289820,Dracula 2: The Last Sanctuary,0.19687737284898157,0.4388100953995255,1
1093910,Tales of the Black Forest,0.19929431882142118,0.43880589585596463,10
319170,G-Force,0.20102990012409394,0.4386175500904911,11
1073770,XANARTHRAXIA,0.18312479041982616,0.4386165544322816,10
806770,NoReload Heroes,0.19087279531401294,0.43861516318181815,8
395200,Ben and Ed,0.20586031793133802,0.4385777150995828,11
1124080,Brave's Rage,0.19040673721397114,0.4385593363404104,11
20550,Red Faction II,0.2027522440102805,0.43851797188255326,11
1164850,Sinking Simulator,0.16741586022581806,0.4384803744232655,13
1034060,Samosbor,0.17784820270366652,0.438407772805302,8
617830,SUPERHOT VR,0.2390076311241479,0.4384031383093527,0
523940,ZombVR,0.17668034391352183,0.43838346543598644,8
2169950,Yasha: Legends of the Demon Blade,0.2074900251491691,0.4383646654809175,11
3108790,三国志潜龙在渊,0.18832270887866404,0.4382400650931185,11
576960,🧠 OUT OF THE BOX,0.172342729523601,0.4382038655851686,10
3468150,Hotel Owner Simulator Demo,0.17668034391352183,0.4378569679020095,12
1114650,HorrorVale,0.19337454097165777,0.43772147145827084,10
3080880,XiuzhenWorld2 / 修真世界2,0.19420908647079457,0.43771269003807445,10
422920,Creeper World 2 Anniversary Edition,0.19664153281620458,0.4377116346866561,12
665370,Mutilate-a-Doll 2,0.18924339058631742,0.43759564024424497,13
25980,Majesty 2,0.2688394817032147,0.4375807799732156,12
674550,Tomb Robber,0.19590145628686711,0.4373976660872176,8
268750,Magicite,0.13223589946907738,0.43737752641189176,11
347600,Total Miner,0.17668034391352183,0.43737752641189176,11
294590,Wars and Warriors: Joan of Arc,0.18372132725873475,0.43728380797782124,11
57600,Tropico 3: Absolute Power,0.2623893882405786,0.43717190591785526,9
314790,Silence,0.24520409597411552,0.4370613342271568,1
2802110,SPY-der PIG,0.1669680897124515,0.4370217922384864,1
3173050,Jellitito,0.1893991595743157,0.43697889209979796,8
3001900,MangaRPG,0.15445812169129963,0.4369647802437755,10
3158480,Hotel Owner Simulator,0.20263902465936154,0.43691284291469046,12
582810,Awesome Metal Detecting,0.1860938303753482,0.43664898000574837,8
245280,ENSLAVED™: Odyssey to the West™ Premium Edition,0.27415092436971844,0.4365450033485786,1
646270,60 Parsecs!,0.1893991595743157,0.436434484421057,10
597240,johnsgame,0.17030812854597832,0.43641693430289447,8
94590,Puzzle Agent 2,0.1966172740186803,0.4363103789704796,1
356570,Party Hard,0.1876253337626907,0.4361825069420319,11
1740300,Smushi Come Home,0.18354237954134475,0.4357879238105722,10
2357950,Q2 HUMANITY,0.175575242946607,0.4357852471868595,8
493600,Abatron Demo,0.1433470105801885,0.4357466049314497,3
2554700,Mini Airways Demo,0.13448645057056308,0.4357360312962804,12
635390,Thief of Thieves: Season One,0.1975993840783818,0.4356546345050117,8
2510130,Auto Sale Life,0.20097729884425697,0.43560806634682964,8
967370,Dungeons of Necromancers,0.17355357075172126,0.43553358370938894,8
3494500,Blightstone Demo,0.17668034391352183,0.43552567456003993,11
271850,Men of War: Assault Squad 2 - Deluxe Edition content,0.17668034391352183,0.4355177866154598,12
721080,Bounce Ball,0.17668034391352183,0.4355177866154598,12
909380,中医模拟器,0.15445812169129963,0.4355177866154598,12
513620,SkyTime,0.14773919074230912,0.43549856900352,1
3320800,Book Bound,0.19420908647079457,0.4354460145291871,13
1120890,Clans to Kingdoms Demo,0.16741586022581806,0.43538147499318053,12
406220,Gnomes Vs. Fairies,0.14726837071210877,0.43513664136224267,8
966430,Neverinth,0.17734298469896553,0.434732616110473,11
381120,Shoppe Keep,0.1647331560632366,0.4346239987352328,10
1608640,OTXO,0.2594600279226426,0.4346014802199647,8
2283300,Chants of Sennaar Demo,0.22476541689476068,0.4345963365067726,0
2516820,LuckLand,0.18036885246126175,0.434546306945599,12
1161870,Epiphyllum in Love,0.18872941093805232,0.4345306196425659,8
1005120,Touhou Genso Wanderer -Lotus Labyrinth R-,0.20288347203151852,0.4344647901740523,10
2102450,Enotria: The Last Song,0.19218363518675355,0.4344530191480723,11
2183600,Kingdom Under Fire: War of Heroes,0.15921324937798623,0.43425257360007924,11
1961300,Is Simon There?,0.18764849537730985,0.4340724266714514,8
683600,Football Mogul 18,0.1975993840783818,0.43406791710096687,12
528250,Patchwork,0.1464283508695685,0.4339071883502683,12
225260,Brütal Legend,0.2092417298641308,0.4336713598014378,9
23490,Tropico 3 - Steam Special Edition,0.2623893882405786,0.4334682022141516,9
710640,PRO DRIFT RELOADED,0.15445812169129963,0.4332774603299814,8
211010,Alien Shooter 2 Conscription,0.18924339058631742,0.4332213820047251,11
766150,The Tension,0.18041680243713934,0.43304475298760675,3
496730,Sorcerer King: Rivals,0.20888027997823702,0.4328128881912478,11
2461710,Megaloot Demo,0.17668034391352183,0.4324874835851568,12
1305730,Way To Yaatra,0.1952483717470403,0.4323782372657735,13
1416130,Perfect Vermin,0.15938608940408697,0.431979532033025,8
2961530,Fears to Fathom - Woodbury Getaway,0.19087279531401294,0.4317775563442113,8
862370,Yahrit!,0.1860938303753482,0.43171070840081016,8
634160,Cattails,0.1813773349416859,0.4316357619360704,10
657590,Grav Blazer,0.17784820270366652,0.4315701659676952,8
575490,Let's Draw,0.17668034391352183,0.43154585859837963,8
1417770,Primeval Planet: Angimanation,0.17668034391352183,0.4315458585983796,8
1738990,Elf Sex Farm,0.15771905878219447,0.4315032155075128,1
1686290,IDLE HEROS,0.15445812169129963,0.4314598792198107,13
39160,Dungeon Siege III,0.2554433458756163,0.4313514419727286,9
344500,Three Fourths Home: Extended Edition,0.23661381021055863,0.4313411859970018,5
1020470,Evoland Legendary Edition,0.13463367762368597,0.4312821231651272,8
770200,Squally,0.13223589946907738,0.43120468690571895,11
490280,Realms of Magic,0.15270136880973817,0.4310911499418285,11
1239690,Retrowave,0.19917321191793297,0.4310890622133587,6
538100,Feel The Snow,0.21505038127930703,0.43105417927434,11
2951770,Leap Year,0.19659583424363425,0.4310357049262626,11
1733500,Looking for Aliens,0.18764849537730985,0.4308740168877493,13
878670,Shenmue III,0.22586938057149045,0.43084386746180064,1
2209680,Beach Invasion 1944,0.2032708634519406,0.43083660716162403,8
1406990,NEKOPARA Vol. 4,0.19659583424363425,0.43071951500058897,13
307030,Fractured Soul,0.1634691249964728,0.4305677318711118,8
2067050,Squirrel with a Gun,0.17864919842608876,0.43050177476921175,8
247950,Sacred 3,0.19984773116654034,0.43044287179108504,11
1274600,The Last Faith,0.1975993840783818,0.43036362921400634,8
1601970,Tunguska: The Visitation - Enhanced Edition,0.19065292389654612,0.43032729121169316,11
1112790,Automation Empire,0.21678717396804542,0.43029026823828614,12
2412890,"Warhammer 40,000: Rogue Trader Playtest",0.11266591415874155,0.43025517702972155,11
343070,World of Subways 4 – New York Line 7,0.21597844693046986,0.4302022008910547,8
290300,Rebel Galaxy,0.19580139266003677,0.4301586297096924,8
1307690,The Darkest Tales,0.3168695238740728,0.43013478896029905,4
264200,One Finger Death Punch,0.1633258399358999,0.4301148962170291,8
2019680,Lewd gym,0.17278323376963567,0.4299436494827534,12
1213700,Spirit of the North,0.2128640408516119,0.4299426514254447,8
995310,Marble Odyssey,0.20740035771117704,0.4298673684986443,8
2232600,Anomaly Exit,0.20426993967956167,0.42982817902602305,8
3224960,Pizzapocalypse,0.1753771618561596,0.4297467153078183,8
809310,Sipho,0.14219252815471892,0.42974236814345884,12
2246880,STANDBOX,0.19253035076820052,0.4296829275688877,8
1239050,Mists of Aiden,0.19253035076820052,0.4296829275688877,8
429720,IMSCARED,0.19253035076820052,0.4296829275688877,8
2347940,Sea of Survivors,0.1860938303753482,0.42964988052407516,8
504770,Slavistan,0.18764849537730985,0.4296168432684997,8
1697700,Who's Lila?,0.20618040813897756,0.4296003653205139,10
2881800,SuperTaxCity,0.21400974848551124,0.4295856485075978,13
993400,Finding summer,0.17784820270366652,0.4294537638512931,8
3498580,Pao Pao Demo,0.17668034391352183,0.42942945648197745,8
1634100,No More Rainbows,0.17668034391352183,0.42942945648197745,8
519160,Toon Ocean VR,0.17668034391352183,0.42942945648197745,8
2819030,诡拓,0.20263902465936154,0.42941976221118755,10
942930,枕边少女 MOE Hypnotist - share dreams with you,0.18037341744598795,0.4293725253068252,8
326590,Cinemaware Anthology: 1986-1991,0.1433470105801885,0.42934494710928706,12
1811500,LOOPERS,0.20888027997823702,0.42922520098345024,8
791330,Fallen ~Makina and the City of Ruins~,0.209599271350723,0.4291337723303771,10
2111870,Section 13,0.21400974848551124,0.42907204438186175,5
1186740,Kyle is Famous,0.15982549523511727,0.4290460304177875,8
1440440,Sam & Max Save the World,0.23908750719639973,0.4289261193065044,0
1548680,Untitled Crossing Record,0.21029043014256313,0.4289199107086495,10
2255190,FUMES Demo,0.18171855850970142,0.4287430245855054,8
511270,Bounce Paradise,0.10268552066388957,0.42874047640149265,10
1878970,Boom Bears on Stream,0.17668034391352183,0.42864730787374195,8
1000010,Crown Trick,0.23157957742785207,0.42862864594191685,11
3122150,Under the blue horizon,0.1866580577560148,0.4285299407263078,13
1063790,Citizen of Rome - Dynasty Ascendant,0.17153400248602546,0.42849606887397595,10
1528010,Faylinn's Quest,0.16781037077319236,0.4284909238820793,10
556090,FIGHTING SPACE,0.17953070751827857,0.42835534983814316,8
366440,Savage Resurrection,0.1725269845980047,0.4282749480978347,11
3334280,SpyFall,0.19420908647079457,0.42811714414678864,8
2061430,Oxygen,0.21505038127930703,0.4280753222126836,12
1031120,Bakery Simulator,0.21403208690374784,0.4280062335494439,12
2590810,Vox Populi: Polska 2023,0.21400974848551124,0.4280062335494439,12
214790,The Basement Collection,0.1753771618561596,0.42797621338402175,3
3535780,魔法書自走棋：契約 Demo,0.17668034391352183,0.4279097826018737,3
420840,BLARP!,0.1433470105801885,0.42784215489467586,8
417840,Mysterious Castle,0.1433470105801885,0.42784215489467586,8
1033580,Nano Driller,0.19253035076820052,0.4277589256448858,8
1921980,Between Horizons,0.24841119705710882,0.427727159153816,0
516000,Candy Thieves - Tale of Gnomes,0.15445812169129963,0.42763373015190814,3
1052990,A Monster's Expedition,0.13553446245416922,0.42735897895657554,3
215510,Rocketbirds: Hardboiled Chicken,0.2837152652599133,0.4273554760181254,6
1067540,Röki,0.2956936809285844,0.42727812820894046,3
435300,We Know the Devil,0.16090256819760396,0.42717988703451326,13
1081260,Crisis of the Middle Ages,0.15445812169129963,0.4270882370338989,10
370280,Season of 12 Colors,0.13868034597538173,0.4270261560562359,4
1909270,米可可大冒險,0.19253035076820052,0.426952367129104,10
912810,Sargon's Lair,0.15445812169129963,0.4267839538364748,8
2228280,MEMORIA POLIS,0.17668034391352183,0.4267458567908984,12
1350840,Song Of The Prairie,0.19042434568109168,0.42659159118698226,10
502740,50 years,0.19420908647079457,0.42654972043750417,12
299360,Block N Load,0.24665457598011953,0.42651837119932823,12
325090,Deep Dungeons of Doom,0.1866580577560148,0.4264802424932755,10
3089130,Retail Company Simulator,0.1975993840783818,0.42639595942900915,12
3250970,Isekai Reincarnation Magic Cock,0.19087279531401294,0.4263326215217526,10
1999170,Insect Swarm,0.1867199520463187,0.42621831177749486,1
792000,Pit Blocks 3D,0.1635277462084875,0.4262070888946432,3
2720270,VFurrika!,0.15445812169129963,0.42611607721375044,12
2185030,Dealer's Life Legend,0.20426993967956167,0.4260413653852289,12
2161620,Lysfanga: The Time Shift Warrior,0.17245407482199765,0.42576694780684016,3
488580,Hover 2030,0.16865057309179074,0.4257169502836052,8
1676910,Onde,0.16970680995315504,0.4255673855581208,1
788270,Exiled Kingdoms,0.13223589946907738,0.42554820601344034,11
3018410,VTOL VR Mod Loader,0.15445812169129963,0.4254852525377735,8
1059900,Tribe: Primitive Builder,0.24354249406602116,0.4251825982759936,7
584370,The Trail: Frontier Challenge,0.19178752626328902,0.42513211315383925,10
1268110,ISEKAI QUEST,0.18763064549454347,0.42512946636309584,10
518920,Surgeon Simulator: Experience Reality,0.19420908647079457,0.425093493786829,8
922320,Sniper 3D Assassin: Shoot to Kill,0.13223589946907738,0.4250643771168981,8
513320,ALICE VR,0.18495532347525442,0.42505668390752244,11
1282890,Space Mouse 2,0.20019383555623818,0.42503422338373337,3
534200,Ultimate Solid,0.1474841748489436,0.42497124573216044,1
48950,Greed Corp,0.27063115838757473,0.42495517082956774,9
846050,Silent Depth 3D Submarine Simulation,0.18764849537730985,0.42489566674831475,12
456030,Odd||Even Demo,0.18764849537730985,0.42489566674831475,12
741510,The Hong Kong Massacre,0.2694460652153055,0.42476304624584743,1
2512930,Guardians of the Sanctree,0.20578589759160326,0.42457389235367227,13
752800,Mysterious Realms RPG,0.19253035076820052,0.4244807714214892,10
392330,Take Command - 2nd Manassas,0.17668034391352183,0.4244066755043487,12
1172450,Carto,0.1615973360205535,0.4243848637401342,10
65300,Dustforce,0.23207054112079736,0.42436413472189694,8
598730,Shakedown: Hawaii,0.21400974848551124,0.42406075677312116,5
820030,Picross Fairytale - nonogram: Red Riding Hood secret,0.19237545594199693,0.4238407080723356,13
1948100,Lustful Ponies,0.1401418059106021,0.4237704946078186,13
94200,Jamestown,0.24697761450636993,0.4237603732961131,8
1967450,捉妖物语/Monster Girl,0.18160831162630917,0.4237095386641266,10
508540,Haeven,0.16865057309179074,0.42368711887624994,10
6220,FlatOut,0.28978820198709615,0.4234918398480542,12
381780,80 Days,0.231061552226671,0.4234406557846116,0
1195290,Moncage,0.18583593972889875,0.42299431272210203,1
2475420,Parking Tycoon: Business Simulator,0.18160831162630917,0.4229382395795625,12
3464510,Parisian Brasserie Simulator Demo,0.17673652842055293,0.4229023893548853,12
3391500,侦探，请守护我的秘密吧！,0.17668034391352183,0.4228554328010947,10
344340,Front Office Football Seven,0.1678164358745287,0.42284341704891765,12
747340,Unforgiving - A Northern Hymn,0.1921073257039275,0.4226216204285826,11
648780,It's Quiz Time,0.2174705939692625,0.42257929222294643,12
680360,Regions Of Ruin,0.15408594012640314,0.4225207680214082,11
2572560,Messy Up,0.17173798968960804,0.42242276166670356,8
380150,STASIS,0.27059529589497494,0.4223217884706743,8
1736400,TramSim Munich,0.17668034391352183,0.4222902733879466,12
661970,SPACE BATTLE: Humanity,0.17668034391352183,0.4222902733879466,12
314810,Randal's Monday,0.1674970325323114,0.4222350199280962,11
513330,Party Hard Tycoon,0.20671396324276609,0.422224228313059,12
3089700,Whiskey-Four,0.15653285439981254,0.4221038726779099,10
697490,Space Wrangler,0.17784820270366652,0.4220463564438857,8
325430,Metaverse,0.15445812169129963,0.4220220490745701,8
3028150,Nao in Heat! ~Kemomimi Girl's Naughty Treatment~,0.17668034391352183,0.42202001091304125,10
680390,Hidden Dragon: Legend,0.19813587402347327,0.4215019323417106,8
2814610,The DeLuca Family - Season 1,0.17060593683486264,0.4212214906286704,8
1429850,Sumerian Six,0.2831774127878799,0.4210648567563167,9
2709040,Ultros Demo,0.2518044607636178,0.42100987842456694,8
263760,Turbo Dismount,0.1893991595743157,0.4209295093837485,8
1240060,A Highland Song,0.23062131054476018,0.4209282692013323,0
1097870,Polyrun,0.1866580577560148,0.4208918676501168,8
512770,IACTURA,0.19420908647079457,0.42088950213252535,11
214560,Mark of the Ninja,0.17626445709384259,0.42083499566793264,0
1013650,Tiny Dangerous Dungeons,0.18204771745733947,0.42083347003131405,8
1059880,Devious Dungeon,0.21018250145358378,0.42065859034359626,1
3400650,Creepy Shift: House For Sale,0.18312479041982616,0.4205537619246159,8
857080,Escape from the Princess,0.18517813548895484,0.4205421354021959,13
1649010,Miasma Chronicles,0.27541968090590646,0.4205105411393934,1
1649290,Deep Lake: Prologue,0.13223589946907738,0.4204347474872685,8
791180,1 Screen Platformer,0.14206676454351713,0.4202229920922703,3
618470,Qbik,0.14725324164494707,0.420148045195661,1
2179290,HerrAnwalt: Lawyers Legacy,0.17668034391352183,0.41990564695816796,8
502770,Voodoo Garden,0.20054865999761748,0.41962456005362797,12
395860,The Last Dream: Developer's Edition,0.17367923406464492,0.4196099028871776,13
930280,Murder Mystery Machine,0.18469382180505248,0.41948283671066866,1
306410,Crystals of Time,0.19087279531401294,0.41943187733186565,8
793350,Swarmlake,0.21597844693046986,0.41941438553903315,8
1146950,Hentai Girl Fantasy,0.14130552398626525,0.4192526516600274,10
1654660,En Garde!,0.2087591311945552,0.419138668358952,8
600080,Unto The End,0.2082061102815587,0.4191217925596058,8
924750,Harold Halibut,0.20671396324276609,0.4190872606987464,8
270630,Haunt the House: Terrortown,0.20474526479780747,0.4190516901493589,8
1272310,Disaster Report 4: Summer Memories Demo,0.18385564452783998,0.41900875234817625,11
1060210,Disaster Report 4: Summer Memories,0.18385564452783998,0.41900875234817625,11
1507120,The Spirit of the Samurai,0.19813587402347327,0.41895823307634694,8
598060,Slasher's Keep,0.21802361488225896,0.4189330199997362,11
677280,Sigi - A Fart for Melusina,0.19337454097165777,0.418899062839574,8
1022780,Animal Fight Club,0.16780761291149518,0.4188583306884755,8
272860,Wreckfest Throw-A-Santa + Sneak Peek 2.0,0.1433470105801885,0.4188474458999668,8
1720090,Aspire: Ina's Tale,0.19699034479100855,0.4188148366770078,13
552880,STARDROP,0.18326586708049675,0.41877379214659033,8
2801930,Uncover the Smoking Gun Demo,0.251982506532491,0.41855759529074427,8
646280,Too Many Weapons,0.16365719818974195,0.41855133727629007,8
2159670,maboroshi caravan,0.1635277462084875,0.4185469707658937,8
1962430,Monochrome Mobius: Rights and Wrongs Forgotten,0.21802361488225896,0.418521479120881,9
1089790,Winter Resort Simulator,0.16741586022581806,0.41852032105968007,8
2359170,Witch's Rhythm Puzzle,0.16741586022581806,0.41852032105968007,8
1019550,Thief Simulator VR,0.19419729658975046,0.41848922255510446,7
2412490,Abandoned Souls,0.1756273315843779,0.418428079854397,1
1550730,Ikonei Island: An Earthlock Adventure,0.19262235026489608,0.4184131778045331,9
1242980,KeyWe,0.30625551298282605,0.41835188503630133,6
629390,Diorama Worlds Demo,0.15445812169129963,0.41834606944374264,12
999220,Amnesia: Rebirth,0.2551752021228125,0.41833376757089846,8
1547860,EBOLA 3,0.20263902465936154,0.41830532556753464,8
2626620,Union of Gnomes Demo,0.16741586022581806,0.41828224829008565,11
801070,Xenoform Demo,0.21802361488225896,0.4181336176846804,8
796920,Xenoform,0.21802361488225896,0.4181336176846804,8
949480,BROK the InvestiGator,0.2452771488111079,0.41813074192681904,8
620220,Catmaze,0.15517135184608882,0.41811373837399757,11
1356670,Sakuna: Of Rice and Ruin,0.260856867656075,0.41808521296679113,8
2093010,Supernatural,0.21029043014256313,0.4178805146704367,8
2657120,My Sexy Neighbor 🔞,0.20888027997823702,0.4178615646198139,8
1126270,Neon Tail,0.2128640408516119,0.4177796079847182,11
946030,Axiom Verge 2,0.19456495174582322,0.41775110916211927,8
760060,Mutant Year Zero: Road to Eden,0.28207255804692927,0.4177497508980577,9
345180,Victor Vran,0.2105638546758117,0.41774973335762355,4
1951230,Pizza Possum,0.1975993840783818,0.41772170328280633,8
960980,Apsulov: End of Gods,0.20791720082771595,0.4177017711937652,11
1455070,Countess in Crimson,0.2035995571639081,0.4176445890544892,13
1086160,Space War: Infinity,0.19170510292922766,0.41761999830965923,1
2110820,Granny Remake,0.18924339058631742,0.41761411399757065,8
3454530,Lets Get Loot,0.21029043014256313,0.41759368149123216,13
764500,Deep Dark Fight,0.18312479041982616,0.41752345889431297,8
1984790,Drago Noka,0.20740035771117704,0.41751183237189293,13
1428900,Tadpole Tales,0.15949633628747922,0.4175001611687289,8
2795000,The WereCleaner,0.18013467588661192,0.4174538109754061,3
1511670,Enter The Backrooms,0.17668034391352183,0.4174044444569655,8
1282760,Mad Streets,0.17668034391352183,0.4174044444569655,8
915490,Frontline Zed,0.21597844693046986,0.41732073342088616,3
1424860,Bish Bash Bots,0.21597844693046986,0.417280607045951,3
1983710,Dungeon Village 2,0.1856037981456638,0.41725273465884655,12
2862520,Lucky Hunter Demo,0.1866580577560148,0.4171840112908795,3
921520,Puppy Chef Academy,0.15445812169129963,0.41716677363105936,8
2085040,ToriDori,0.19463235600838263,0.4171215757414649,6
2450120,Naughty College 18+,0.19177089552636675,0.4171093531992957,4
1245430,Golden Light,0.1637660128378949,0.4170190576230639,8
590840,Attack of the Giant Mutant Lizard,0.1464283508695685,0.4169627415293964,8
976920,Dance of Death: Du Lac & Fey,0.19376905151903207,0.41683622364927597,8
513590,So Many Cubes,0.18764849537730985,0.4168190646878629,3
3475100,Void War Demo,0.17668034391352183,0.4167822789018539,10
1461980,Nine：Ambition,0.17668034391352183,0.4167822789018539,10
33670,Disciples III: Renaissance,0.1921251913398199,0.4167536874873576,11
1281160,Castle in the Clouds,0.209599271350723,0.4166936613111253,11
611300,Task Force,0.1433470105801885,0.4166669191850973,3
2229890,Command & Conquer™: Renegade,0.17668034391352183,0.41666691918509724,3
397160,Aurora Dusk: Steam Age,0.21597844693046986,0.4166316795308633,11
1220150,Blue Fire,0.20142045700223365,0.41641141275217797,8
1185520,Love Rhythm,0.20001030683790752,0.4163924627015552,8
353190,Bombshell,0.20752294621538148,0.4163722637785604,11
630870,Chuusotsu! 1st Graduation: Time After Time,0.1870314831465376,0.4162315944719892,8
1933840,Moon Mystery,0.1832830682976843,0.41618971288192397,1
3060630,修仙：但系统让我种田,0.18312479041982616,0.4160688287469965,10
272270,Torment: Tides of Numenera,0.210434473167432,0.41606808148131624,11
1788850,你已经猜到结局了吗,0.16741586022581806,0.4160521459788479,3
532170,WaveLand,0.15163808450990016,0.4159938328515249,8
328790,Prophour23 - Soundtrack,0.13223589946907738,0.41599351851169647,3
3487060,Youtubers Life 3 - Stream Together!,0.19178752626328902,0.41598122152443184,12
461180,SurrealVR,0.15445812169129963,0.415961443013964,8
335670,LISA,0.2249350683272301,0.41590995793312596,10
3051380,lofi aquarium,0.2174705939692625,0.41584528548893973,12
2276980,FACEMINER,0.13882142263605232,0.4156692903051401,12
1114430,Ballex,0.19664153281620458,0.41556243593463316,8
711540,Lonely Mountains: Downhill,0.19849736107935267,0.4154609992793884,8
2001570,Yakiniku Simulator,0.20740035771117704,0.4154398712839275,12
2903660,マチョリウム -Muscle Aquarium Simulator-,0.20740035771117704,0.4154398712839275,12
2351860,Tower of Kalemonvo,0.21400974848551124,0.4153554303665069,11
1865930,Space Prison,0.16781037077319236,0.4152254131439965,9
612810,VALIANT KNIGHTS Typing Battle,0.17030812854597832,0.41513266301862317,8
1118240,Lake,0.26651584540971013,0.4151108690548543,1
1025140,LAMUNATION! -international-,0.18833490039067802,0.4151072530500708,5
1322290,The Case Book of Arne,0.16741586022581806,0.4149413446524634,10
943980,The logic of the miniature garden,0.16741586022581806,0.4149413446524634,10
1024330,Bhavacakra Grace,0.15445812169129963,0.41491892486458676,10
542550,Plankton,0.15949633628747922,0.41467922326543283,12
974600,Retro Wing Prime,0.18204771745733947,0.41466063052514124,8
583090,SeaBed,0.18515121419977687,0.41464554346146415,8
1253610,Knights of Braveland,0.18386348616827333,0.4145418980078078,11
3708980,GONE Fishing Demo,0.20888027997823702,0.4144128851305413,11
223000,7 Wonders: Ancient Alien Makeover,0.21505038127930703,0.4143187084560699,12
529670,The Bellows,0.15445812169129963,0.41426190798109563,8
248970,Vector,0.19087279531401294,0.41400219148392625,8
1058650,Beyond The Wire,0.16741586022581806,0.41383265344435904,12
1120370,場外人生,0.1635277462084875,0.4135648209721966,10
2093920,Dread Dawn,0.16236402813282433,0.4135211281387071,11
1909020,三国記II,0.15445812169129963,0.4132955643932376,12
832360,Hotel Magnate,0.13223589946907738,0.4132955643932376,12
1002430,Victory Road,0.17907812206813042,0.41281626326643694,12
1292540,Escape: The Brother's Saloon,0.19087279531401294,0.41264696992667355,3
551730,Toukiden 2,0.281856455344445,0.4125355055500356,9
1967700,Miami Hotel Simulator Prologue,0.1457447887347971,0.4124194378696115,12
503810,Ian's Eyes Demo,0.17668034433814084,0.41217009800166715,11
231200,Kentucky Route Zero,0.23287416833795221,0.41216000240268497,8
2322440,METAL SLUG ATTACK RELOADED,0.19420908647079457,0.4120308692549845,9
1122100,Giraffe and Annika,0.2088831862183334,0.41186506238492293,8
2710900,Zombotron Re-Boot Demo,0.15445812169129963,0.41166281766270707,8
1797680,Wee Tanks!,0.1532298432305443,0.41139345820157147,1
32640,Delta Force: Land Warrior,0.28736945964861704,0.41135931805488896,4
360380,Tiny Bridge: Ratventure,0.17030812854597832,0.4113107786856654,3
1207590,Builders of Egypt: Prologue,0.15445812169129963,0.4111791622768355,12
1324530,"Warhammer 40,000: Shootas, Blood & Teef",0.2862379183347781,0.41096407329357093,5
1336180,Floodland,0.31632574924091145,0.4109561032898532,9
2794610,Massacre At The Mirage,0.1731460405726001,0.4106608700448875,1
434530,Flobe,0.1866580577560148,0.41052351464390124,12
2063680,Crustacean Nations,0.15445812169129963,0.4102652613629346,12
1470110,Who's Your Daddy Playtest,0.1869553782854588,0.4102397372682143,8
849360,Wrecking Towers,0.20740035771117704,0.4097615483928243,8
406120,Astral Breakers,0.15982549523511727,0.4097223589202029,8
467390,Approaching Blocks,0.15653285439981254,0.40968214042090373,8
866400,On The Western Front,0.17707209659919895,0.4096737200339113,12
1022130,CLASH! - Battle Arena,0.19420908647079457,0.40959862562827015,8
65700,Arma 2: British Armed Forces,0.17668034391352183,0.4095918606895339,12
355510,Crazy Belts,0.19087279531401294,0.40955533412198913,8
858840,The Epic Bang Theory,0.18924339058631742,0.40953330591676257,8
872990,Stream Games,0.18458446117990432,0.409465695286884,8
887760,Shipbreakers Demo,0.17668034391352183,0.40932363637615743,8
674560,Piece of Memory Demo,0.17668034391352183,0.40932363637615743,8
655290,Escape The Pacific,0.16579770072332153,0.40901600776888714,8
374520,Champions of Anteria,0.26453467365915795,0.408667433290261,11
1439750,9-Bit Armies: A Bit Too Far,0.15792135698112084,0.40798582516980186,12
2318070,Little Big Adventure – Twinsen’s Quest,0.20474526479780747,0.40781342019318667,11
1296770,Her New Memory,0.15426326252078368,0.4076378353435963,8
1480120,100 hidden eternals,0.1635277462084875,0.40756761196044794,8
2806230,Gaming Cafe Life,0.16981363838042665,0.40753876314389936,8
1647190,World End Diner,0.17024205023972871,0.4075253263082622,8
1613770,Cave Quest 2,0.18806820792034093,0.4074798370946628,10
1847150,Touhou Genso Wanderer -FORESIGHT-,0.19019085478075665,0.40745617596579436,10
1338330,Lemon Cake,0.1827328934963626,0.4074470925083787,10
664830,Zombotron,0.16542627315508765,0.40739462104627744,8
2262080,Omega Crafter,0.17591365180125104,0.4073605182002964,8
1329880,Wild West Dynasty,0.20846151537529137,0.40734687988158247,9
1611430,The Bridge Curse Road to Salvation,0.20102594645485936,0.4072637627989471,11
749340,Chocolate makes you happy,0.1633820239897123,0.40724676978695834,8
1492420,EQUALINE,0.2128640408516119,0.4071975974027076,11
3282670,SEX Police 🔞🚨,0.15052498042555448,0.407142250042744,8
1268420,Britannia,0.15445812169129963,0.4071227248870648,12
1485350,Mech Mechanic Simulator: Prologue,0.15445812169129963,0.4071227248870648,12
247020,"Cook, Serve, Delicious!",0.12442098404280375,0.40706448305146425,12
1045110,Space Ops VR,0.21886375503842678,0.40705382798681256,11
292240,SPY Fox 2: Some Assembly Required,0.14976464202635015,0.407050952800792,13
1579660,Wyvia,0.14519363800359583,0.4070393848733092,11
638160,Moero Chronicle,0.23081716489456613,0.4069987267737643,11
2330870,CD 2: Trap Master,0.1753771618561596,0.40693206976065244,3
2532430,Supernormal,0.21029043014256313,0.40690115586499087,8
2075070,KinitoPET,0.19785543847846707,0.40689720894825876,13
654600,PowBall Renaissance,0.20740035771117704,0.4068629976681865,8
1552310,JANITOR BLEEDS,0.20740035771117704,0.4068629976681865,8
2067790,Crimson Snow,0.20426993967956167,0.4068238081955653,8
2769210,Scarmonde,0.20888027997823702,0.40677432270723757,10
2708450,Oh Deer,0.19929431882142118,0.4067630952803151,8
2078040,White Day 2: The Flower That Tells Lies - Complete Edition,0.1975993840783818,0.4067423444773605,8
3060300,POOP,0.13868034597538173,0.406664873035727,8
493200,RiME,0.30421867540807274,0.4066148094551241,5
1610120,MY FOX - Desktop Wild Pet,0.1717060220989342,0.40659296596872313,8
1111460,Bunny eShop,0.1519880673794869,0.40652101838807075,8
2747040,MycoRelic Demo,0.17668034391352183,0.4063833743651081,11
1589120,Above Snakes,0.209599271350723,0.4063762612289926,9
616040,Tales of the Tiny Planet,0.19664153281620458,0.4061557025446752,13
402040,The Guest,0.23949939908521856,0.4061556727809916,1
920450,Escape The Labyrinth,0.13223589946907738,0.40614903320155415,8
325260,PANZER BALL,0.17668034391352183,0.40605566251994824,8
2671210,Minesweeper Collector 2,0.20193048132944624,0.40580458072030284,1
2285650,Sword and Fairy Inn,0.16741586022581806,0.4057518453635509,12
3508710,the dreamland of lady zombie Demo,0.17668034391352183,0.4056875603796515,3
748730,Seek Not a Lighthouse,0.17668034391352183,0.40554470521828356,5
3175720,BM Love Cafe,0.17668034391352183,0.40553941548507744,10
2711320,CUM Queens 🔞💦,0.1975993840783818,0.40545977376478926,10
1324270,Space Station Tycoon,0.21872284085709515,0.4052072592674777,12
3160580,Trade Conquest,0.21886375503842678,0.40518345433238884,12
1144020,GolfTopia,0.21597844693046986,0.40512684227048995,12
61520,Age of Wonders: Shadow Magic,0.2304287377794565,0.405124285964795,9
2967920,ShapeHero Factory Demo,0.19650061863487295,0.40509603557101703,12
399520,Comedy Quest,0.17668034391352183,0.4050501321026531,8
2836860,The Horror at Highrook,0.19590145628686711,0.4050156252830516,10
388620,DungeonUp,0.18204771745733947,0.40499610256624174,3
1137300,Sherlock Holmes Chapter One,0.260843193436795,0.4049527300817386,9
1708480,暖雪 Warm Snow Demo,0.15087766921772408,0.40475486662676563,11
1116580,Shady Part of Me,0.2960183737446487,0.4047301089065774,5
1577670,Loop Timer,0.17784820270366652,0.4047244589897204,13
407840,Guardians of Orion (Phase 2),0.1768293466876444,0.404632747309985,11
2304030,天下霸圖,0.17668034391352183,0.40450396543370715,9
2248430,Touhou Artificial Dream in Arcadia,0.2082061102815587,0.40446633905968205,10
2237980,Outpath: First Journey,0.15445812169129963,0.4044414814940025,8
672150,LOGistICAL: Earth,0.1633258389400611,0.40441317506813823,12
733520,LOGistICAL: Switzerland,0.1633258389400611,0.40441317506813823,12
733540,LOGistICAL: Brazil,0.1633258389400611,0.40441317506813823,12
733500,LOGistICAL: Russia,0.1633258389400611,0.40441317506813823,12
452060,Caveblazers,0.20001030683790752,0.40436745067654317,8
1148560,Buccaneers!,0.19337454097165777,0.4043143565122073,11
1336040,Easter Pairs,0.17668034391352183,0.40429938539265026,13
2337460,Gym Manager,0.1975993840783818,0.404173737206787,12
3344950,Incredible Dracula: Academy of Shadows,0.19818334937356846,0.4040537649803444,1
3572870,Rescue Team: Attack of the Atom,0.19804243519223683,0.4040503354188414,1
2914420,Rescue Team: Clouded Mind,0.19610676830318707,0.404033633691561,1
2963890,Expelled!,0.24040645162194949,0.40402580167684754,10
3275600,Rescue Team: Ancient Guardian,0.1943699756144487,0.404020364485295,1
222980,Dead Pixels,0.19580139266003677,0.40395112080731066,11
1295790,The Longest Road on Earth,0.16781037077319236,0.4039103305136948,8
1015140,10 Miles To Safety,0.1633479833795351,0.4038944176035269,3
3496450,Shadowveil: Legend of The Five Rings Demo,0.15552226921493348,0.4038684454631939,11
502470,Airport Simulator 3: Day & Night,0.17542984888277635,0.403803581701289,12
296220,Farm Frenzy 4,0.1758183008461233,0.40378208856740827,1
294440,Shadowgate,0.2274573554370935,0.40372939270761826,1
1372320,Cloud Gardens,0.17030812854597832,0.40347539741372257,12
526920,SQUAKE,0.18204771745733947,0.40337315257099654,8
325210,Arctico,0.1442602877942297,0.4033077136538419,1
2650730,SEDAP! A Culinary Adventure,0.16613779700542766,0.4032332414836193,1
937940,Sea Dogs: City of Abandoned Ships,0.18683744872360283,0.4032321037374067,11
2088670,Puzzline,0.16865057309179074,0.40321935766243766,12
1426490,LOST EPIC,0.20710847379014038,0.4032184389681745,11
2626530,Legendary Tales: Stories,0.20586031793133802,0.40308881880417674,3
939100,Darksburg,0.18469018715987154,0.40293917322024053,11
1105040,Alchemist Simulator,0.19420908647079457,0.40293777102411965,12
477730,Eador. Imperium,0.21872284085709515,0.40285006065055584,11
955170,铁道物语：陆王（Railway Saga:Land King）,0.1666997750934284,0.402752722815505,12
595430,Sky Knights,0.2116213817965379,0.40274052125753906,11
2196980,Arcadie: Second-Born,0.16542627315508765,0.4027097551674155,10
1551030,涨粉二维码,0.18924339058631742,0.4026540165215143,10
695920,Super Seducer,0.1619623001049183,0.4025450954354996,9
1930750,shapez - Demo,0.1358100271969313,0.4023330890834499,12
1028860,Star Chef: Cooking & Restaurant Game,0.1413852517673955,0.40232629884444476,12
1946140,Jigsaw Puzzles Infinite,0.17941859075422226,0.4022203873987163,12
741390,最強の囲碁 ～名人への道～ / Igo Meijin,0.17668034391352183,0.40218445328212654,12
816650,Armor Contest,0.17668034391352183,0.40218445328212654,12
16200,Virtual Families,0.17668034391352183,0.40218445328212654,12
317590,"Pre-order ""Delivering Justice"" mini-campaign",0.17668034391352183,0.40218445328212654,12
1769780,The Graffiti Creator,0.15445812169129963,0.4021844532821265,12
3276490,Infinity Sweeper Demo,0.15445812169129963,0.4021844532821265,12
1428560,Life with Mary,0.15445812169129963,0.402182983276248,13
2950480,Wax Heads Demo,0.15445812169129963,0.402182983276248,13
1087810,Forgetful Dictator,0.18517813548895484,0.4021303050331848,12
493180,Dynasty Feud,0.22800049766090863,0.40197360248352976,1
629690,Vaporum,0.23284228451351782,0.4017682759405804,1
597760,Yuppie Psycho,0.22587044541767828,0.4015448126684598,8
1055990,Erannorth Reborn,0.1767952207077125,0.4014787026968725,11
431460,Midnight,0.1464283508695685,0.4013681996190651,8
913720,Alchemic Cutie,0.14893009652721337,0.40135783509463446,10
2198830,Wet Sand,0.13463367762368597,0.4013528928282862,10
1473060,Reality Break,0.21886375503842678,0.40123130065398777,11
2953560,小松穿越记 Wanna Wake up?,0.16387160815312599,0.4011514888066452,10
234390,Teleglitch: Die More Edition,0.2581193207362889,0.4010755744828328,5
1637230,Metal Max Xeno Reborn,0.2128640408516119,0.40077025771955094,11
2020500,风色幻想3:罪与罚的镇魂歌,0.17668034391352183,0.4005097751650071,9
2917350,Spin Hero,0.21886375503842678,0.40040171371641153,11
1061610,Tenderfoot Tactics,0.14050015833864637,0.40038452899624216,11
1322630,The Bonfire 2: Uncharted Shores Demo,0.1813773349416859,0.40027445749795204,12
1430760,Aquarist,0.1842285176507012,0.4001276816840972,8
1291340,Townscaper,0.15445812169129963,0.40006805116572436,12
340360,Tomb of Tyrants,0.16295591326673262,0.399951655795712,12
1016930,The Great Perhaps,0.1324436194159325,0.3999149387690227,1
1107720,Spider Solitaire F,0.19087279531401294,0.3997201900381135,13
2473640,EcoGnomix,0.19853038457084757,0.3994554550256336,12
1098080,3000th Duel,0.15616178946738385,0.3994080989660721,8
853550,Equilinox,0.1328985402545211,0.3990588478774563,12
1402480,NARAKA: BLADEPOINT - Test Server,0.18264511359713653,0.3989852696741235,8
398710,Timberman,0.16295591326673262,0.3986504372817131,8
836420,Beginner'sGame,0.17838401168960608,0.39860188774038224,8
733110,8-Bit Adventures 2,0.21567827171467024,0.3985476629536132,11
873940,Crying Suns,0.24704385482338456,0.39852201721227193,3
2192900,Knock'Em Out,0.1627572733783741,0.39839915008161425,1
3501610,Cheap Car Repair Demo,0.17668034391352183,0.3982161993138726,12
386090,Nandeyanen!? - The 1st Sûtra,0.1433470105801885,0.3982125252650463,8
516670,Aleph Null Demo,0.17668034391352183,0.3982125252650463,8
20530,Red Faction,0.2717214188139135,0.39805331333255417,5
1497440,COCOON,0.18486072775033768,0.39793606976877394,0
932850,Simmiland,0.19375622470824766,0.3979243828941175,12
6000,STAR WARS™ Republic Commando,0.2717214188139135,0.3978007880800289,5
3232040,BodyRecords,0.1559999382486635,0.3977647027164291,1
2094600,Nowhere: Mysterious Artifacts,0.15445812169129963,0.3976834247359457,8
353850,Reassembly Soundtrack,0.13223589946907738,0.397474999993178,3
365080,Unheard Screams - King Leopold II's Rule Over The Congo,0.17668034391352183,0.39745860740426936,10
1571440,Lunch Lady,0.16334062447425016,0.3974509515412597,8
17500,Zombie Panic! Source,0.10968690597571053,0.39742465773852415,8
1948450,Sex Chess,0.15128757869571213,0.397332142825834,1
1666160,Blooming Business: Casino Demo,0.20474526479780747,0.39732639138363407,12
1166290,Death and Taxes,0.13238490224320001,0.3973006714877911,8
1027830,Sin; Vengeance,0.18171855850970142,0.3972454984762313,11
1621070,DeadPoly,0.19420908647079457,0.397176265379823,8
365160,Kona,0.2731335516842997,0.3971370519662071,6
607890,Sword Art Online: Hollow Realization Deluxe Edition,0.1975993840783818,0.39703029588067307,8
1696670,Agarta,0.21802361488225896,0.3969790207124663,8
382560,Hot Lava,0.21505038127930703,0.39688286629004615,8
1042780,Pine,0.14219252815471892,0.3965943507707403,8
1135260,The Falconeer,0.17929235898938725,0.39659128436556995,9
2956400,Break Games,0.16598879423130505,0.3965285537303978,8
1187510,Rock Simulator,0.18494460278309077,0.3964709928250792,8
1733640,This is Timmy Playtest,0.1433470105801885,0.3963606734131944,8
3126470,Ice World,0.17668034391352183,0.3963606734131944,8
2324110,FMTC,0.17668034391352183,0.3963606734131944,8
262230,99 Spirits - Weeping Demon's Bell,0.17668034391352183,0.3962185773118421,13
1255650,Geometry Arena,0.14110530132847618,0.39620310690636334,8
286480,Black Mirror III,0.2874850736204598,0.3961646361935404,4
1444650,Haydee 2,0.2087591311945552,0.3961342975284943,8
1161640,Kowloon's Curse: Lost Report,0.19375622470824763,0.3960766364545435,10
1071140,ORX,0.17668034391352183,0.3960156059612679,10
346250,The Old Tree,0.15445812169129963,0.3959660520593169,13
688630,Nightork Adventures 2 - Legacy of Chaos,0.19664153281620458,0.3958496335064138,8
813540,Scheming Through The Zombie Apocalypse: The Beginning,0.18363809570911582,0.3957324205910311,8
668630,Tricolour Lovestory,0.1534681533993001,0.39570501441585393,8
487730,Hat Trick Header,0.1299925058208596,0.3956417718700736,8
2907190,April 24th,0.17138856255948934,0.39560357363885684,8
2113540,梦魇：无归 Nightmare without return,0.16236402813282433,0.39559175780728056,10
1739300,Smack Studio,0.16741586022581806,0.39551595022922237,8
502600,The Multidimensional Underwear Drawer,0.20888027997823702,0.395472160537288,12
862800,Storm Chasers,0.17668034391352183,0.39543474748726853,8
1165380,To Be Headed Or Not To Be,0.16387160815312599,0.39534707203717373,8
95900,Air Conflicts - Secret Wars,0.22809125768440527,0.3953228582506409,9
510060,Punch Bomb,0.1575394619806796,0.39526961983627473,8
420290,Blackwake,0.1630782458358972,0.3952370749852173,3
1801860,WOLF RIOT,0.15562598048144433,0.39520652960405883,8
1507190,Machinika Museum,0.15445812169129963,0.39518222223474325,8
1741880,The Last Plague: Blight Demo,0.13223589946907738,0.39518222223474325,8
1802720,Sixtar Gate: STARTRAIL,0.13164400809423737,0.3951451455396514,8
2081400,Gal Guardians: Demon Purge,0.21597844693046986,0.39512803054230194,6
1842610,Dungeon Wizards,0.20586031793133802,0.39505231040765854,12
1119600,Help Will Come Tomorrow,0.22457505267685773,0.39503084157716395,9
2386580,Project Hardline,0.13223589946907738,0.3949445514088371,8
1872860,Conrad Stevenson's Paranormal P.I.,0.21802361488225896,0.3948913509613305,12
768590,BOX align,0.20263902465936154,0.3948875633412366,8
1269690,Attack on Toys,0.16097756655202494,0.3948851119809729,8
1035760,Glimmer in Mirror,0.19137241076867914,0.3948482748815368,1
804490,Creed: Rise to Glory™,0.21802361488225896,0.3947904685239142,8
496030,Dark Parables: The Swan Princess and The Dire Tree Collector's Edition,0.19420908647079457,0.39478381081345537,8
3391050,Crown and Adventure / 王冠与冒险  Demo,0.17668034391352183,0.3946874679323596,11
595080,Silver Grapple,0.18458446117990432,0.3946508804720692,8
2410490,Sneak Out,0.13437270433887846,0.3946273422148975,8
499110,Dark Parables: Rise of the Snow Queen Collector's Edition,0.18171855850970142,0.39460453827310604,8
1702760,In Next Life,0.15445812169129963,0.3945600566796317,10
995900,Haunted Hotel: Eclipse Collector's Edition,0.17668034391352183,0.3945088215613426,8
740500,Eseapner,0.17668034391352183,0.3945088215613426,8
622200,Cursery: The Crooked Man and the Crooked Cat Collector's Edition,0.17668034391352183,0.3945088215613426,8
569150,Dark Cases: The Blood Ruby Collector's Edition,0.17668034391352183,0.3945088215613426,8
347930,Hatland Adventures,0.17668034391352183,0.3945088215613426,8
1196390,Fairy Godmother Stories: Cinderella Collector's Edition,0.17668034391352183,0.3945088215613426,8
554560,Amaranthine Voyage: The Tree of Life Collector's Edition,0.17668034391352183,0.3945088215613426,8
432780,Dream Catcher Chronicles: Manitou,0.17668034391352183,0.3945088215613426,8
535840,Marblize,0.17668034391352183,0.3945088215613426,8
646330,Darkness and Flame: Missing Memories,0.18806820792034093,0.3943788134353657,3
339120,Fork Parker's Holiday Profit Hike,0.18041680243713934,0.39437384920301005,11
2191080,Poozle Mania,0.17842462543540805,0.3943241150606674,8
1587540,Anvil Saga,0.20917760050768103,0.394320955217916,10
998790,Piczle Lines DX+α,0.20097729884425697,0.3942050604829541,13
613420,BOROS,0.1464283508695685,0.3941707187373737,8
465520,PRICE,0.1353973620923739,0.3941652210688559,1
1571100,Passpartout 2: The Lost Artist,0.1813773349416859,0.39410161799177923,12
2918550,Drive Me Crazy,0.15023185259977545,0.3939595600039146,10
1485900,"Eye, caramba!",0.1975993840783818,0.39387759943644346,13
2090150,Furry Sex: Poker 🃏♥,0.20426993967956167,0.3938250726762312,12
25600,Eschalon: Book 1,0.22081840695379318,0.3937266644629454,10
2998750,Vending Machine Business Simulator,0.20702458945664143,0.3937105511939136,12
3136020,My Cheetah Friend,0.17086181970825734,0.39364909294719563,12
562210,Ancient Rus,0.20671396324276609,0.39363168980738167,8
1314000,Achilles: Legends Untold,0.206806605147952,0.3935030701956839,11
875240,Tree.Bonsai,0.1866580577560148,0.393351797472184,12
562500,Warstone TD,0.19492107251583277,0.39331934656209344,1
1034810,Pax Romana: Romulus,0.20945835716939137,0.3931931209206268,10
11550,Second Sight,0.28440547232550023,0.3931682210388201,6
2772990,Ghost Janitors,0.20888027997823702,0.3931045638222201,11
301670,Salammbo: Battle for Carthage,0.2793545868789188,0.39292835346517707,5
294370,Crowntakers,0.23705892358259079,0.3929003130162283,11
21100,F.E.A.R. 3,0.3133281403944568,0.3928040791610707,4
3114330,Artifact Seeker Resurrection Demo,0.1508776690614562,0.39272985227271623,11
2384690,真探2 Demo,0.1866580577560148,0.39244185750698496,12
416680,Zombie Night Terror,0.22960939883706327,0.3923989917377428,1
875340,Dead Mayhem,0.21597844693046986,0.39229305519223906,11
1895860,Monster Girls and the Mysterious Adventure 2,0.18924339058631742,0.3922660721140266,12
525300,Starship Annihilator,0.17522105062200877,0.39199148099002307,1
1844720,Friendsim 2,0.12337199143008429,0.3919896031861362,10
2261050,For the Queen,0.20513977534518174,0.39191599718532993,12
2497210,PUSHER - Drug Tycoon,0.1635277462084875,0.3919072636697903,12
2837870,ASTRAL GATE,0.17668034391352183,0.39190305184871377,10
2525520,SideQuest: Reanimated Demo,0.17668034391352183,0.39187702514420303,13
1859470,PAC-MAN WORLD Re-PAC,0.20798460509027536,0.3915061808102942,8
842640,Deadly Tropics,0.16596098548808788,0.39114312748643426,8
1327080,Tower and Sword of Succubus,0.19376905151903207,0.39107087866679435,9
1781030,Fishing Paradiso,0.14558539068927298,0.39077353817729904,10
485390,Machine Made: Rebirth,0.21872284085709515,0.39052519848724754,10
1602980,INSIGHT,0.17907812206813042,0.3903191537727446,13
2296400,Until Then Demo,0.1751674153377321,0.39027718369081804,1
2595130,Whisper of the House Demo,0.15445812169129963,0.390157971251236,13
2394650,Crypt Custodian,0.2596087117972727,0.3901185781121135,0
2169120,Lords of Infinity,0.1464283508695685,0.3900471478947674,10
6310,The Longest Journey,0.17991865148254635,0.3899984661668068,9
115200,Cossacks II: Napoleonic Wars,0.263241065679031,0.3898796712520191,1
1085150,Golf Defied,0.19375622470824763,0.38977142474115933,12
2210,Quake 4,0.24113491584430652,0.38942458523699547,8
2445990,Bloomtown: A Different Story,0.20578589759160326,0.3893700763690022,10
2379810,Bazaar Simulator,0.17784820270366652,0.3893172472220519,12
1443440,Little Nightmares II Demo,0.25312428942869275,0.3892589166223853,0
551630,Navalia,0.18312479041982616,0.38907445980559036,12
209230,Sherlock Holmes and The Hound of The Baskervilles,0.1975563447308096,0.3889956115088319,1
1722310,Spellarium 7,0.17668034391352183,0.3888108158633369,8
1841240,FOUNTAINS,0.15503635461961301,0.38864700620112863,11
2113770,In Woods,0.1860938303753482,0.38848603745241495,11
319910,Trine 3: The Artifacts of Power,0.16307824583589722,0.38821193381238545,11
1871580,Our Life: Now & Forever Demo,0.15445812169129963,0.38804303914071236,12
5330,Cricket Revolution Gameplay,0.1433470105801885,0.3878987389964122,12
686110,Robot Heroes,0.19664153281620458,0.3877846581568554,8
415900,Bugspeed Collider,0.1893991595743157,0.38759617605041524,8
1046470,Deep the Game,0.18763064549454347,0.38754668567668643,11
545750,Rise High,0.18517813548895484,0.38753932617060205,8
451900,WizardCraft,0.17668034391352183,0.3873775264118917,11
1494500,FWsim - Fireworks Display Simulator,0.17668034391352183,0.38736963846731176,12
1272450,Mahjong Deluxe,0.17668034391352183,0.38736963846731176,12
655360,Aftermath Y2K,0.16865057309179074,0.3873331118997669,8
1065970,Spice&Wolf VR,0.18764849537730985,0.3872888009404573,8
386930,Dragonflight,0.137274114065257,0.38719713086569857,8
203630,Warlock - Master of the Arcane,0.2852218764090172,0.38716584209124444,12
1461770,Fantasy Tavern Sextet -Vol.2 Adventurer's Days-,0.19253035076820052,0.38715336627512603,13
637110,Runes of Avalon - Path of Magic,0.15445812169129963,0.3871014141539352,8
219070,Miner Wars Arena ,0.15445812169129963,0.3871014141539352,8
895610,Where's Baby,0.15445812169129963,0.3871014141539352,8
1115780,The Almost Gone,0.21563567242348863,0.38697245864956736,11
900010,Meeple Station,0.15658150201041493,0.3868432705524725,12
3125250,STORROR Parkour Pro,0.17668034391352183,0.3868368638893849,8
614090,Deadbeat Heroes,0.23148155529199252,0.38669345092912033,11
9760,Act of War: High Treason,0.28736945964861704,0.38666796003019754,4
2356470,Lost Chapter,0.20671396324276609,0.3866028968707706,11
2231770,Resident Evil 4 Chainsaw Demo,0.15769642926032418,0.3865850690901806,0
531180,AIRHEART,0.19719241891785727,0.38638894876289276,11
1368130,Park Beyond,0.1903560573115318,0.386306169172181,12
459080,YIIK: A Postmodern RPG,0.2189000591538435,0.38616287871325544,11
2165470,Taora,0.19253035076820052,0.38605826933967025,9
1803960,Demon Sword: Incubus,0.2082061102815587,0.38601263531583413,11
589100,The Moonstone Equation,0.21400974848551124,0.3859504166370719,13
1491440,Hexarchy Demo,0.15445812169129963,0.38587061423201324,12
2832320,PC Tycoon 2,0.15819458021491714,0.38581287076208665,12
674170,DriftForce,0.18924339058631742,0.3857237821072387,8
1926620,The Backrooms: Lost Tape,0.18326586708049675,0.38570500907780725,8
2130060,Tower Walker,0.14736982619059116,0.38561417002108483,10
1816950,Nobodies: After Death,0.17357917043781457,0.38560335933680495,8
324680,Impossible Creatures,0.2788200505233081,0.38554645095354134,1
422900,Particle Fleet: Emergence,0.15369142957902884,0.3855296298877184,12
336940,Basingstoke,0.17162527380062212,0.385333702872242,6
265690,NaissanceE,0.19735594590355163,0.38520775830669285,1
2181720,Scarlet Tower,0.16344608613114886,0.3852068591654866,8
658530,Grisaia Phantom Trigger Vol.3,0.16934942946885906,0.38518776909756347,1
1912750,Terra Memoria,0.1869314195197073,0.3850417872646098,10
1717570,Pompom,0.13223589946907738,0.384985012037533,8
1683340,Kayak VR: Mirage,0.19483732596123196,0.3849755384091504,8
2367610,Critter Café,0.21659467878209807,0.38497221642594337,8
1219240,BioGun,0.1873770491285008,0.3849563308153661,8
237850,Dreamfall Chapters,0.2282886483401659,0.38481350386411006,1
442070,Drawful 2,0.12533520554432334,0.38478819327736197,1
2493620,While We Wait Here Demo,0.16949059293433097,0.3846315908571922,8
2291680,The Arrogant Kaiju Princess and The Detective Servant,0.20618040813897756,0.3845098850149345,10
936010,Feed the Pets Origins,0.21029043014256313,0.3844028811928032,8
247750,The Stanley Parable Demo,0.1568758227795758,0.384389800257555,0
568500,Atomic Reconstruction,0.16236223895768212,0.3843857027200573,13
355150,gravilon,0.13223589946907738,0.3842474867656648,3
1565660,S.P.A.T.,0.1860938303753482,0.38423596092606266,8
31880,Nancy Drew: Secret of the Old Clock,0.251982506532491,0.38417756308462503,8
236010,Bloxitivity,0.19087279531401294,0.38415850872516366,8
438560,Mystery Case Files®: Escape from Ravenhearst™,0.19087279531401294,0.38415850872516366,8
1917920,Polda 7,0.18204771745733947,0.3841456729199361,13
1861000,Black Sheep Demo,0.2128640408516119,0.38411480067507464,13
386050,Proto Raider,0.18764849537730985,0.38411419776585415,8
3060170,Chained in the Backrooms,0.17668034391352183,0.3840711111236321,8
1280260,Overgrown: Genesis,0.1577036060247477,0.3840297445320238,11
2924170,Stickman Strikes: Conquer Fantasy World,0.1969569501891373,0.3839928454069215,9
1768780,Of Blades & Tails,0.15056549982676906,0.3839872049792818,11
361830,in Space,0.17668034391352183,0.38392681097933196,8
809950,Asemblance: Oversight,0.18160831162630917,0.3838313838848769,8
1017580,The explorer of night,0.20263902465936154,0.3837565238093924,13
40350,Lost Horizon,0.2793545868789188,0.3836690942059178,5
3494930,Assemblands,0.17668034391352183,0.38366593476360805,12
866190,Irony Curtain: From Matryoshka with Love,0.2039839174706641,0.3836328373819054,8
2590260,Soulash 2 Demo,0.16741586022581806,0.38353921994227524,11
1364960,Hello Neighbor 2 Alpha 1.5,0.15445812169129963,0.3834653381574292,3
1715280,AirportSim,0.20142045700223365,0.38334262968339494,8
3536130,Monster Prom 4: Monster Con - Demo,0.14574641033631222,0.3831387745162287,12
1174380,ESPIONAGE: Mafia Evolved,0.13744048420799418,0.3830741799619407,3
1001850,Siluman Fantasy Demo,0.15574152655790882,0.3830627733566579,10
1123450,Chicory: A Colorful Tale,0.1926830917467508,0.3829845680245453,10
3169580,Never Second in Rome,0.21597844693046986,0.3829789906719993,10
351510,Quiplash,0.11602207897315356,0.3829364108177791,1
2234150,BACKROOMS: APPREHENSION,0.16236402813282433,0.38283619889814674,1
1628610,Pâquerette Down the Bunburrows,0.1550016350127965,0.38269068094180575,8
1039960,Grisaia Phantom Trigger Vol.5.5,0.16974394001623336,0.382650546386829,1
2516170,G.I. Joe: Wrath of Cobra,0.17401858460998051,0.38264860583268573,1
865750,Harmony of the bravest,0.17668034391352183,0.3826437925894546,10
596030,Construct: Escape the System Demo,0.14888489837620847,0.3825724276157871,1
490080,Lock's Quest,0.1622695187983217,0.38228190921644956,11
3089150,Retail Company Simulator: Prologue,0.16387160815312599,0.38227812841679804,12
597730,Dark Grim Mariupolis,0.1917128151565532,0.38223220335972324,13
622220,Fate/EXTELLA LINK,0.25517110932429743,0.38221871325423634,9
824550,SD GUNDAM BATTLE ALLIANCE,0.25392514772552754,0.3821135629978959,9
450850,Cube Land Arena,0.21400974848551124,0.38206502383655405,3
205610,Port Royale 3,0.17038828364116834,0.38188649470936364,9
1688320,OneBit Adventure,0.16295591326673262,0.38179659852674674,3
1098270,ColdSide,0.2095721110550553,0.38164967030446956,8
1684670,Best Forklift Operator,0.20263902465936154,0.3816279494974439,12
2820590,Sex College 🔞,0.17663088141912545,0.38160081026181947,12
298480,Victory At Sea,0.1671769373520935,0.38146022398923346,12
3392420,GeckoShop,0.20097729884425697,0.3814434163417247,12
1271280,Rift Wizard,0.20228462797366403,0.3814310005349471,11
2507640,Pyroworks,0.1893991595743157,0.3814233365442424,8
2306880,街机捕鱼城-经典万炮捕鱼,0.15445812169129963,0.38140523250290576,12
2260930,Kill Pill,0.16542627315508765,0.3811159614342845,8
1076200,Roguebook,0.19805868063535143,0.3810994175499052,1
1748750,Crystarise,0.20888027997823702,0.38107955179720804,11
876140,Police Air Transporter,0.18764849537730985,0.3809803228329708,12
863940,Treasure Adventure Game,0.15445812169129963,0.3809285746477623,8
327670,Ironcast,0.2744033313246591,0.380924303000432,11
431940,Wildfire,0.2625383910147012,0.3808979555584701,8
2445340,Love n Life: Lucky Teacher,0.20985286771676567,0.38068502191865133,10
1011390,Field of Glory: Empires,0.3061989094575142,0.3806636944376281,9
2722210,Dungeon of Erotic Master Plus,0.17668034391352183,0.38061776038808187,9
3053820,Bloobs Adventure Idle Demo,0.15406135525247372,0.38060886822770185,10
537990,Heroine Anthem Zero,0.15978059995146127,0.3804273707588797,11
1225590,Sea of Solitude,0.2363623302393218,0.3804144299699639,11
1051420,Jey's Empire,0.18204771745733947,0.38032349274754174,9
237890,Agarest: Generations of War,0.17413132693246658,0.3802059602391078,9
916380,Panco's Journey,0.15445812169129963,0.3801910493758941,3
425940,Essential Scenery,0.15445812169129963,0.3799622310599043,12
1151740,Prison Princess,0.20888027997823702,0.3798526920490592,13
31940,Nancy Drew: Legend of the Crystal Skull Demo,0.2623893882405786,0.37982515952498846,8
31860,Nancy Drew: Legend of the Crystal Skull ,0.2623893882405786,0.37982515952498846,8
1291790,Lakeview Cabin 2,0.19650061863487295,0.37974948972389794,11
987980,王者战车,0.15445812169129963,0.3796940067465277,8
31280,Poker Night at the Inventory,0.27952721658395907,0.3796653359917145,12
3233670,DigDigDrill Demo,0.17858248348438185,0.3796411261529719,13
31840,Nancy Drew: Danger on Deception Island ,0.24113491584430652,0.37956949684964936,0
1686870,中华富甲三国,0.2128640408516119,0.3795353482448105,12
365450,Hacknet,0.19185373136959738,0.3793631625801711,8
540860,Dragon Kingdom War,0.12402765264273793,0.37919916226491424,12
506500,Party Panic,0.16307824583589722,0.37911579554924735,8
1365900,Mystika 4 : Dark Omens,0.20740035771117704,0.37902166756593875,13
645790,Home Wars,0.1810528433727369,0.3789924746318233,1
510660,Big Bang Empire,0.15445812169129963,0.3789400888857508,10
1829520,Powerlust,0.17668034391352183,0.37892342013169855,11
1512940,Malody V,0.17668034391352183,0.37890255999582484,13
1372910,Project Crimson,0.19178752626328902,0.37886085341905257,8
3267910,Primordialis Demo,0.18312479041982616,0.3786367493678799,12
671970,Junkyard Simulator,0.19087279531401294,0.37858347369230816,12
2056200,Summa Expeditionis,0.18171855850970142,0.37831558690179656,12
9200,RAGE,0.2629329015620755,0.37831297703749683,8
939620,趣拼拼：肖像画 Pleasure Puzzle:Portrait,0.13286677172353573,0.37826082349214973,8
720560,Vigil: The Longest Night,0.28711289205556334,0.37806170217015594,11
2231040,Coloring Game: Studio,0.1633258399358999,0.37787263025932716,3
6980,Thief: Deadly Shadows,0.20333012693932961,0.3778296199136452,0
395900,Backgammon Blitz,0.19590145628686711,0.37749772738478576,12
1481970,Drugs and Crime Idle,0.1791982347800114,0.37748867240996437,12
462770,Pyre,0.20101676457804346,0.377147394260507,8
1370140,Kao the Kangaroo,0.18654268355241208,0.37695556302855965,8
3555700,Liar Game,0.17668034391352183,0.3769319280296013,12
454330,A Room Beyond,0.2116213817965379,0.3768174645724778,8
273280,Ethan: Meteor Hunter Demo,0.2087591311945552,0.37681062603090976,8
447690,Dimensional Intersection,0.17668034391352183,0.3767876278853011,12
423950,Deadlight Director’s Cut,0.21872284085709515,0.3766416204651222,8
1850960,The Jackbox Party Pack 9,0.14399462813540526,0.37643741999654246,1
1235360,Epic Conquest 2,0.17875507662203477,0.37641243388989054,11
1683380,噗噗的冒险乐园,0.2087591311945552,0.37623118214388723,12
732090,Dragon Perception,0.18764849537730985,0.37617768982934624,8
204120,LEGO® Harry Potter: Years 5-7,0.2308165211716331,0.376132883015355,8
1546400,GigaBash,0.17364497780947585,0.37612370160433534,1
1907350,Arena Renovation - First Job,0.15445812169129963,0.37599397709165033,12
463130,Bug N Out,0.17668034391352183,0.37599030304282405,8
1775270,The Dark Pictures Anthology: House of Ashes - Friend's Pass,0.1433470105801885,0.37599030304282405,8
370570,Color Assembler,0.17668034391352183,0.37599030304282405,8
1754840,Hacker Simulator,0.17668034391352183,0.37599030304282405,8
1265970,Dark City: Dublin Collector's Edition,0.17668034391352183,0.37599030304282405,8
1325030,"Fright Chasers: Thrills, Chills and Kills Collector's Edition",0.17668034391352183,0.37599030304282405,8
1321590,Dark Tales: Edgar Allan Poe's The Bells Collector's Edition,0.17668034391352183,0.37599030304282405,8
2658720,Vampire: The Masquerade - Reckoning of New York,0.2128640408516119,0.3759110864007876,10
603320,Age of Defense,0.2116213817965379,0.37580752905757187,3
938380,Townsmen - A Kingdom Rebuilt,0.14007922641113482,0.37567959393691275,12
1273220,Sphere: Flying Cities,0.18243306103762255,0.37545337613091717,12
1335530,Alisa,0.16030082035336304,0.3753939877737542,11
2157110,FUCK HITLER,0.11908330176404304,0.37528097749990036,8
46550,Post Mortem,0.24986292888224051,0.3752376768939287,1
2953440,Black Screen,0.15445812169129963,0.3752363851820471,10
2825110,Technotopia,0.186536908972333,0.37505806964208155,12
840710,Trivia Vault: Tennis Trivia,0.1633258389400611,0.3750228638569662,8
285800,Braveland,0.14326933940750702,0.3749371430661867,1
2197890,Paranormal Cleanup,0.15673018714961998,0.3749101812878061,8
1072390,BirdGut,0.16584598569811873,0.3748723505346071,13
1045580,Deleveled,0.16501391272494695,0.3747271940375337,8
712730,SIMULACRA,0.1906418186293897,0.3746516461344394,8
3168920,Click Click Dig: Demo,0.19087279531401294,0.37446766478558824,13
23380,Gyromancer,0.27102942500852606,0.3744587593436335,10
2337860,Nubs!,0.16788486381148893,0.37442090734381206,1
3175860,Driving Is Hard,0.18517813548895484,0.3743118129430888,8
2943280,Dustland Delivery,0.1533504219290797,0.37428656671725835,9
652980,Loading Screen Simulator,0.18517813548895484,0.37423314155309434,10
787450,KOEWOTAYORINI / 声之寄托,0.18517813548895484,0.37423314155309434,10
1171270,TroubleDays,0.19590145628686711,0.37416830744558227,13
2603020,Citadelum,0.20156157860690632,0.37410041284531675,12
250740,Ragnarok Online - Free to Play - European Version,0.2833084284054386,0.3740313889204051,9
1127110,Outpost,0.13847310867851512,0.37401023821404766,3
1865010,皓际大冒险,0.20097729884425697,0.3740039953362151,8
272040,KAMI,0.15445812169129963,0.3739963550896199,13
785780,OF MICE AND SAND -REVISED-,0.19813587402347327,0.3738894182475069,12
1226310,Return. (Free),0.15445812169129963,0.3738739009264219,8
1418530,Girls! Girls! Girls!? Demo,0.18252304257558524,0.3738250970966788,8
2438230,桌球大比拼,0.15445812169129963,0.3737893915537315,12
1636710,The Brew Barons,0.20752269028034165,0.37374631123239466,8
2599950,Backwoods Town,0.2035995571639081,0.373675170644802,8
1538730,Pirates: Golden tits chapter 1,0.16949059293433097,0.37365223205174647,8
2710,Act of War: Direct Action,0.2304287377794565,0.3735240361294176,0
510680,Re Angel,0.19961579629053322,0.373474795719883,8
1092710,Hello Neighbor Alpha 1,0.15445812169129963,0.3734009259191039,3
2019920,Food Factory,0.19087279531401294,0.37332345006401807,8
1384320,Grapple Tournament,0.14519363800359583,0.3732937280070001,8
437100,My Night Job,0.1531549396339374,0.3732772588383619,8
3039500,万象群侠传,0.17177921967400264,0.3732679450590541,10
823310,Alchemy Classic,0.17707209659919895,0.3732099396177004,8
212630,Tom Clancy's Ghost Recon Future Soldier,0.27102942500852606,0.3730121030053757,1
435790,10 Second Ninja X,0.19420908647079457,0.3729973184387277,8
630460,Fist's Elimination Tower,0.19664153281620458,0.3729698433420406,8
262100,Trench Run,0.13223589946907738,0.372960000012521,8
1669490,Jerma & Otto: The Curse of the Late Streamer,0.17198686424857237,0.37283578525229116,13
2986370,Food Delivery Simulator,0.2116213817965379,0.3728022153312248,12
404860,Inside Me,0.1866580577560148,0.3727437195019688,8
361200,Coast Guard,0.19664712287353994,0.3727387656727844,9
312720,Khet 2.0,0.14219252815471892,0.3727019783588434,3
1086410,Golf Around!,0.19580139266003677,0.3726637900624628,12
2108950,Mice Tea,0.17357917043781457,0.37264758564295913,13
2940490,Furry Aim Trainer,0.18684614894281626,0.3723789519770764,8
3103820,踩缝纫机模拟器,0.1635277462084875,0.372357226823426,10
1315200,Kingdom Under Fire: Heroes,0.16741586022581806,0.37225975866281397,11
2852980,Necroking,0.18598388805933647,0.37224264933241613,3
1660910,Tanks: The Crusades,0.11001367724685517,0.37222247474065273,3
2256280,Project Skyward,0.17668034391352183,0.37220608215174406,10
1938050,Unbridled: That Horse Game,0.17668034391352183,0.37220608215174406,10
1265780,The Lord of the Rings: Gollum™,0.18090161676374802,0.37197551150334596,9
210470,Sniper Elite V2 Demo,0.2010088358324427,0.3719671982447321,11
1846920,Lust Academy,0.1339094213408721,0.37185101311835,8
2413400,Bugaboo Pocket Demo,0.1542149949931656,0.3718366385285443,13
1773210,HumanitZ Demo,0.1945299550742389,0.3717819658708347,11
225000,Tomb Raider: Chronicles (2000),0.17668034391352183,0.3717167987693198,8
1126470,Jewel Match Atlantis Solitaire - Collector's Edition,0.1975759933215881,0.3717018368757183,1
510500,Executive Assault 2,0.14519363800359583,0.3716077015344034,3
1433570,Car Detailing Simulator,0.17284858536937195,0.3716048975366024,8
345010,Ascent - The Space Game,0.1642321740349169,0.3714147557141226,12
227020,Rise of Venice,0.22616369129274874,0.3712055465867405,9
3422700,Cribbish,0.17153400248602546,0.3711820887568871,12
1124190,Police Stunt Cars,0.1860938303753482,0.371167017305687,12
63940,Men of War: Vietnam,0.26461169373882687,0.3711071221597419,11
281640,The Banner Saga 2,0.21647077442680326,0.37100472710188287,11
765230,Unrect,0.17668034391352183,0.370966052059317,13
2903050,Snacko Demo,0.1320094388937722,0.3708815856839375,10
3034720,Tavern Manager Simulator: Prologue,0.1753771618561596,0.37084040387345363,12
857480,Seirei,0.19308404193047954,0.3707534700515728,12
871510,Wheelchair Simulator,0.2116213817965379,0.37068581321482275,12
1451720,Minesweeper Classy,0.18764849537730985,0.3706396749602475,13
1770210,Price of Power,0.1684195964071675,0.37062248115733265,10
765870,Leisure Suit Larry - Wet Dreams Don't Dry,0.2686663634725381,0.3704096179968114,1
1718160,Crimzon Clover World EXplosion,0.209599271350723,0.37036142887090356,11
339210,RESCUE 2,0.18517813548895484,0.37032202616608245,12
2111020,Edge Islands,0.20740035771117704,0.37032202616608245,12
2234660,Our Adventurer Guild Demo,0.212920225358643,0.3703046953920959,11
946720,To The Rescue!,0.12422513534433949,0.3702517437647809,13
415530,"Fly, Glowfly!",0.20097729884425697,0.3701759675813976,8
791500,Mahjong Riichi Multiplayer,0.18363809570911582,0.3701751161047447,12
2061440,Oxygen: First Breath,0.17030812854597832,0.37014206408038924,12
34880,Sniper Ghost Warrior 2 Demo,0.20763674800603932,0.3701240901244409,11
1747670,Jewel Match Twilight 3 Collector's Edition,0.2128640408516119,0.3700054532323939,13
556260,Gil's Lucid Dreams,0.18764849537730985,0.3700048503231734,8
2180210,冒险日记  Adventure Diary,0.14519363800359583,0.3699677996789184,10
2193720,Super Dark Deception,0.1987668074871746,0.3699409839758623,11
877180,Candy,0.17784820270366652,0.36984177090596687,8
888530,Yaga,0.18533911333046507,0.36982125796028137,11
574150,Samurai Sword VR,0.17668034391352183,0.36981746353665124,8
338300,Chicken Little Ace in Action,0.17668034391352183,0.36981746353665124,8
2269460,創業王 CEO,0.20740035771117704,0.3697522255962819,12
959150,Making History: The First World War,0.14130552398626525,0.36968504144756803,12
3399040,Office Simulator,0.19420908647079457,0.3696044376907864,12
943370,Bravery and Greed,0.1842978413491999,0.3695811139575934,1
931500,Touhou Genso Wanderer -Reloaded- / 不可思议的幻想乡TOD -RELOADED- / 不思議の幻想郷TOD -RELOADED-,0.1684501636407408,0.369542987061206,10
13140,America's Army 3,0.2575435197616254,0.36953353751005347,1
3001070,逐鹿问鼎：君王成长计划/Strive for power:King Growth Program,0.16741586022581806,0.3695319712754902,9
988240,Urban Trial Playground,0.1671769373520935,0.3693422077964469,8
31180,Tales of Monkey Island: Chapter 2 - The Siege of Spinner Cay ,0.17668034391352183,0.369175779121441,10
333320,Sneaky Sneaky OST,0.15445812169129963,0.3691235581579235,11
3222970,Find 100 Ducks and Blast Them!,0.16387160815312599,0.36905061518928484,12
2730530,Syn-Chorus 01: The New Life,0.17395129692184932,0.36899708766075706,13
3720,Evil Genius,0.2874850736204598,0.36894168925009374,3
1097300,Ostrofa,0.13592440801681732,0.3689196119669369,8
16450,F.E.A.R. 2: Project Origin,0.25312490455287484,0.3689160241026911,8
1074180,Smart City Plan,0.17668034391352183,0.36885111994879327,12
3076620,Empire City,0.15445812169129963,0.36885111994879316,12
2375040,위험한 그놈들-여성향 스릴러 연애 스토리,0.1866580577560148,0.3688236602869537,13
1506850,Cards & Tankards,0.15445812169129963,0.36865052334261444,3
1065460,ReThink | Evolved 3,0.20263902465936154,0.3684325368862101,8
330390,GRANDIA II HD Remaster,0.2184420841953848,0.36807102769694816,9
1810960,Andy's Apple Farm,0.17668034391352183,0.3680675013346793,13
1834500,做了个魔塔,0.16090256819760396,0.3680406683545102,3
461620,Predynastic Egypt,0.12105839359058246,0.36776398937820687,12
1959480,Eternal Edge Plus Prologue,0.15445812169129963,0.36768055671492206,11
1133760,CHRONO CROSS: THE RADICAL DREAMERS EDITION,0.21802361488225896,0.36764699390611644,9
2300920,Succubus Prison,0.17668034391352183,0.36729987724553914,10
3125890,Mineral Defense,0.14110376559572316,0.36727388395565824,3
1733110,Of Life and Land,0.14519363800359583,0.3672157840912154,12
544650,Sacred Almanac Traces of Greed,0.19580139266003677,0.3672069409403866,8
243780,PixelJunk™ Monsters Ultimate,0.25698958098676306,0.36695353330208913,12
97120,Kohan: Ahriman's Gift,0.2290560549072453,0.36680153554748496,9
1067860,NewCity,0.15445812169129963,0.3667347178323911,12
307110,We Need To Go Deeper,0.18582082383994333,0.3667002312882873,8
2582730,Black Smith4,0.18036885246126175,0.3666355149004954,12
946790,Colo Grid Zation,0.15949633628747922,0.3665310751172848,12
393530,Insanity Clicker,0.10976019686432459,0.3662803217912413,10
2237970,Outpath,0.1644362372580918,0.36620673367869294,9
252850,Streamline,0.16167212265852457,0.3660800754550679,11
1071680,Hentai energy,0.1635277462084875,0.3660217182406412,8
449540,There's Poop In My Soup,0.18806820792034093,0.3659478361430057,12
1552350,The Jackbox Party Pack 8,0.13473014444770148,0.36590068377776197,1
828580,NEKO-NIN exHeart 2,0.1676544947258197,0.365875270512058,1
1109570,《文字遊戲》,0.13433407779253595,0.3658637568273967,11
33610,Broken Sword 3 - the Sleeping Dragon (2003),0.22116425409175272,0.365774849115532,0
764670,Sea Dogs,0.27102942500852606,0.36564743826664287,9
2757630,Lonely Knight - Idle Roguelike RPG,0.14020745095551715,0.36564119087604474,12
1030360,Midnight Evil,0.21029043014256313,0.36535526214518416,8
646240,Bacon May Die,0.1866580577560148,0.3653363120945614,8
1518770,Re: LieF ~ Shin'ainaru Anata e~,0.19929431882142118,0.3652172015605084,8
1971230,Ghost Trick: Phantom Detective Demo,0.19338476814794683,0.3652069257622475,0
908790,Subdivision Infinity,0.19590145628686711,0.3651754438649954,8
1617090,Setup Developer Tool 2021,0.17668034391352183,0.3651474162450895,12
499930,FreeHolder Demo,0.15814663023903955,0.3651415839947997,12
575480,WAGAMAMA HIGH SPEC,0.19087279531401294,0.3651108896775447,8
433590,The Song of Seven : Overture,0.1464283508695685,0.3651108896775447,8
511490,Malavision: The Origin,0.18924339058631742,0.3650888614723181,8
351800,Dev Guy,0.16387160815312599,0.3650440417341435,8
1012840,Moons of Madness,0.2860637638581873,0.364939979746574,1
903910,Tranzient,0.17668034391352183,0.3648791919317129,8
436910,Jump Tanks Digital Artbook,0.13223589946907738,0.3648791919317129,8
1043230,東方神霊廟 〜 Ten Desires,0.17668034391352183,0.3648791919317129,8
853650,Middle-earth™: Shadow of War™ Demo,0.14327152194710766,0.36486751520616245,9
292930,Black Mirror I,0.18372132725873475,0.3647160248837224,11
1116290,Alien Escape,0.20263902465936154,0.3647089047617734,13
3205430,Condo Desires,0.11171734502293942,0.364636936860054,10
337760,Decisive Campaigns: The Blitzkrieg from Warsaw to Paris,0.17668034391352183,0.3645776156752889,12
483330,X3: Farnham's Legacy,0.13463367762368597,0.36445723810157177,12
730830,Escape from Monkey Island™,0.19670049601047504,0.3643897526697146,0
1373260,Obsidian Prince,0.20474526479780747,0.364312387583296,11
2458210,Tamer Vale,0.18013467588661192,0.3642868301725379,11
3206870,Claritas - Dungeon Crawler RPG,0.11023594622367079,0.36416752028598837,11
980940,My Little Blacksmith Shop,0.17668034391352183,0.364125274070936,10
404690,This Book Is A Dungeon,0.17668034391352183,0.364125274070936,10
2612700,S4U: CITYPUNK 2011 AND LOVE PUNCH,0.20578589759160326,0.36412109741687787,13
588110,One Dog Story,0.14356664749194348,0.3641177640582013,1
1399700,Kapital: Sparks of Revolution,0.1812432519428475,0.3640956933518976,12
212560,Hell Yeah! Demo,0.21141101342722377,0.3639656298683746,11
382140,SKYHILL,0.16281451682698833,0.3637836426726071,8
389510,Wild Animal Racing,0.15484987437697675,0.3637742001175069,8
2372330,Poetry of Blood: Eclipse,0.21802361488225896,0.36364568737913305,8
3550980,Night Club Simulator: Prolouge,0.1433470105801885,0.3636223617788586,12
2891310,Genome Guardian,0.16442726294330448,0.3635920329212699,3
1781260,Promenade,0.2128640408516119,0.3635767417131075,8
1098280,Mago,0.2128640408516119,0.3635767417131075,8
283960,Pajama Sam in No Need to Hide When It's Dark Outside,0.13223589946907738,0.36355864465190946,13
3200740,Ys X: Nordics Demo,0.16570138874389959,0.3634849353578491,9
1159420,Robin Hood - Sherwood Builders,0.1635277462084875,0.3634445708519465,10
673600,Prison Boss VR,0.2174705939692625,0.36332003296368726,12
977720,Starpoint Gemini 3,0.15413135042015497,0.3633091757969553,8
577670,Demolish & Build 2018,0.21400974848551124,0.3632941589049896,8
950050,Starlink: Battle for Atlas,0.20618040813897756,0.3632829322409554,8
735350,Bottle: Pilgrim Redux,0.2128640408516119,0.3632759847587781,8
67370,The Darkness II,0.2830910454025364,0.36324652437454,3
2201710,Three Kingdoms Zhao Yun,0.17284858536937195,0.3631534292286237,9
265210,Viscera Cleanup Detail: Santa's Rampage,0.19590145628686711,0.36305904174859327,8
1426540,Angry Cat,0.15430012042940663,0.3629574435842311,8
2304640,Hidden Through Time 2: Myths & Magic,0.2863123386745128,0.36295670191841684,7
1108620,Gangsta Woman,0.18458446117990432,0.36290484872603745,8
1367510,Gordian Rooms: A curious heritage Demo,0.18458446117990432,0.36290484872603745,8
952150,命运九重奏,0.2174705939692625,0.3628023483810399,10
556640,Gladius,0.17668034391352183,0.36276278981531085,8
617160,Home Sweet Home,0.17668034391352183,0.36276278981531085,8
3381200,Lost in Random: The Eternal Die Demo,0.17668034391352183,0.36276278981531085,8
740780,OnsenVR,0.17668034391352183,0.36276278981531085,8
383840,Nimbatus - The Space Drone Constructor,0.1651548269062786,0.36273410859314387,8
1344840,AKER FERN,0.12257672391965077,0.36269542438900915,10
798610,Mermaid Adventures: The Frozen Time,0.1555214059911376,0.36261260615946084,1
1159090,Zoria: Age of Shattering,0.14569846036043463,0.36250815384066953,11
354380,Assassin’s Creed® Chronicles: China,0.20426993967956167,0.36250013669798076,8
1184210,Fragile,0.20097729884425697,0.36245902873692243,13
1013540,Evospace,0.1952483717470403,0.3624503604013356,8
1121530,Globesweeper: Hex Puzzler,0.19580139266003677,0.36232293605638166,8
673850,Neofeud,0.2087591311945552,0.36220725332566783,13
1402020,SCP: Labrat,0.17030812854597832,0.3621023599883202,8
1100150,東方地霊殿 〜 Subterranean Animism.,0.17668034391352183,0.36210141415393515,8
234190,Receiver,0.12297141578137362,0.3620508645902236,8
3121490,My Sexy Neighbor 🔞 Prologue,0.16387160815312599,0.36201373870384046,8
300970,Fiesta Online NA,0.15445812169129963,0.36200887195453385,10
2318430,Forbidden Dojo,0.15819458021491714,0.3619709469362853,10
1435310,Shotgun Witch,0.16090256819760396,0.3619679033387574,8
1053560,Saint Hazel's Horsepital,0.16865057309179074,0.36193628650294146,8
2504380,Survival Nation: Lost Horizon,0.13789461471458084,0.36191628956441735,11
2383860,Octodad (Student Edition),0.15445812169129963,0.36184888890140987,8
2424660,Game Of Evolution - Season 1,0.15445812169129963,0.36184888890140987,8
3152590,Fortress 2 BLUE (疯狂坦克),0.15445812169129963,0.36184888890140987,8
282400,SuperPower 2 Steam Edition,0.1975993840783818,0.36184569487874474,12
251470,TowerFall Ascension,0.15780102664906376,0.3618329415829838,0
2877540,Heretical,0.16404497538536172,0.36173706490076524,11
227600,Castle of Illusion,0.19420908647079457,0.36172467414118015,13
592330,Roomscale Coaster,0.17668034391352183,0.36170458875710976,8
457580,The Visitor,0.15445812169129963,0.36170458875710976,8
1271750,Unferat,0.21597844693046986,0.36167066936367803,10
2919560,👑Idle Calibur：Zero👑,0.20235689810883412,0.36162870120587104,9
32620,Delta Force 1,0.18683744872360283,0.361494211999515,11
754520,Animals Memory,0.21872284085709515,0.36147741779112175,13
661230,Progress Bar Simulator,0.18637839860671077,0.3613882964925724,8
1328920,Mira and the Mysteries of Alchemy,0.17668034391352183,0.3613474962931582,10
3172280,SEX Amnesia - Lover Sim 🔞,0.17060593683486264,0.361289465911947,10
1287000,COVID: The Outbreak,0.2128640408516119,0.3612573299667923,12
609150,STAR OCEAN™ - THE LAST HOPE™ - 4K & Full HD Remaster,0.20888027997823702,0.3611071789907524,9
1087720,Your Island -KIMI NO SIMA-,0.21678717396804542,0.3611007433956659,12
1058710,中世纪君主 Medieval Monarch,0.21259327856322674,0.36102475209461793,12
583760,Slash It 2,0.07331741994086995,0.36096518740806294,8
32650,Delta Force: Task Force Dagger,0.17676076140207625,0.360959802334207,11
878620,Neotrie VR,0.17668034391352183,0.36091461201228525,12
1931090,Hexagonal Tower,0.21886375503842678,0.3608226993952201,12
3043310,Alchemist Shop Simulator,0.20740035771117704,0.3607982166422729,12
1373950,The Divine Speaker,0.14240170449837183,0.36077597999189676,10
1224700,Kingpin: Reloaded,0.21505038127930703,0.36068380890396967,11
221020,Towns,0.13223589946907738,0.3606639854458692,12
501080,Fishing: Barents Sea,0.28248542812381505,0.36055395888592834,9
2825300,AMANATSU ~Perfect Edition~,0.1860938303753482,0.3603725719921663,13
1310990,美少女万华镜 -理与迷宫的少女-,0.1860938303753482,0.3603725719921663,13
620570,Tower!2011:SE,0.1375328590946774,0.3603027972914609,12
1136330,Hazumi and the Pregnation,0.19420908647079457,0.3601874375128219,10
1155970,Roadwarden,0.19126229669638753,0.3601241546046265,0
283980,SPY Fox in: Dry Cereal,0.1464283508695685,0.3600885798182679,13
243950,Divinity: Dragon Commander,0.1635277462084875,0.36005639732977646,11
3181470,Cat & Farm Pals,0.16741586022581806,0.36000021137662286,12
426630,Bubsy Two-Fur,0.19087279531401294,0.35988213150761,8
3002620,Football Referee Simulator,0.17668034391352183,0.3598549409482058,13
1281200,The Walking Fish 2: Final Frontier,0.15445812169129963,0.359599748634114,11
554000,Crypt of the NecroDancer: AMPLIFIED,0.13223589946907738,0.3595997486341139,11
1434310,PAW Patrol The Movie: Adventure City Calls,0.21802361488225896,0.3595066763628662,11
400360,Adam's Venture Origins,0.19002983513371738,0.3592463377431493,8
436670,The Legend of Heroes: Trails in the Sky the 3rd,0.2587163135386084,0.359117162945014,9
294660,Putt-Putt Saves The Zoo,0.1464283508695685,0.3590830494009728,13
765640,Change,0.16858371901596275,0.3589326354836695,8
363680,Battlefleet Gothic: Armada,0.2953326988046652,0.35876894404155,9
31800,Nancy Drew: Danger By Design,0.26158787769692277,0.3587613595304459,1
19000,Silent Hill: Homecoming,0.2027522440102805,0.35862379198837335,11
2298690,Realpolitiks 3: Earth and Beyond,0.15982549523511727,0.35859255011032665,12
783180,Fairune Collection,0.20752269028034165,0.35858515355800047,10
6370,Bloodline Champions,0.2623893882405786,0.358547886073802,8
2132840,Deliverance & Reign,0.18924339058631742,0.3584869037455195,11
2761610,異世界の創造者,0.19178752626328902,0.35846544648717266,10
359220,MX vs. ATV Unleashed,0.27102942500852606,0.35825140983140535,12
2993680,天缘传说,0.15445812169129963,0.35815674719111257,11
457860,Apollo 11 VR,0.17668034391352183,0.35811948571589414,9
826000,Masked Forces 3,0.20426993967956167,0.35799489706350185,11
3217360,Reconquer Online,0.1514570118424227,0.3578457509913267,3
812960,Guilds Of Delenar,0.21400974848551124,0.35784473592086746,11
289340,Freight Tycoon Inc.,0.17668034391352183,0.35774000883768214,12
33530,Tropico 2: Pirate Cove,0.17668034391352183,0.35774000883768214,12
359790,Construction Simulator 2015: Liebherr LR 1300,0.13223589946907738,0.3577400088376821,12
3378000,尼古丁真大战芙蓉王源  Nigudin really fought against Furong Wangyuan,0.16090256819760396,0.3576502497817664,10
3214000,诸天刷宝录 - 东汉三国,0.15445812169129963,0.3575997008786961,10
1907000,Gloomgrave,0.1860938303753482,0.3574891929704363,10
3328900,MySims™,0.17668034391352183,0.35747178452430556,8
1100170,ダブルスポイラー 〜 東方文花帖,0.17668034391352183,0.35747178452430556,8
1954120,4D Miner Demo,0.17668034391352183,0.35747178452430556,8
607540,Outbreak Demo,0.14489126865807034,0.35744427558287967,11
800180,Momoiro Closet,0.1880618663721434,0.35733655953260907,1
7830,Men of War,0.251982506532491,0.35727562199308077,9
2369210,Shadow Gambit: The Cursed Crew Demo,0.20808758778004066,0.35712046744431103,9
728740,Sniper Elite V2 Remastered,0.1827930907883054,0.35710556972163876,11
3211690,Tobacco Shop Simulator: Prologue,0.16387160815312599,0.35702560316427284,12
1997660,GreedFall II: The Dying World,0.17668034391352183,0.356569445603811,11
809850,Sudoku Zenkai,0.1464283508695685,0.35636125147008585,12
3171460,Hatsuyuki Sakura,0.2128640408516119,0.35633641868331084,8
315630,Fantasy Grounds - PFRPG Rite Publishing's Adventure Quarterly #5,0.17668034391352183,0.356188766134428,10
1036740,METAL DOGS,0.1642321740349169,0.35616349898350524,11
588220,Tom Clancy's The Division Trial,0.12747560687870083,0.35615481981202934,9
294670,Putt-Putt Travels Through Time,0.15145701184242272,0.35611783939511416,13
340580,Armed with Wings: Rearmed,0.20740035771117704,0.355960378802181,8
283270,Jagged Alliance Gold,0.13223589946907738,0.35589604493041027,11
2309400,The Devourer: Hunted Souls,0.19269866681684825,0.3558404080288142,1
1729940,The Tribe Must Survive,0.1869314195197073,0.35576547289026794,12
314980,Supreme Ruler Ultimate,0.1877715596758751,0.3557339524350963,12
260210,Assassin's Creed Liberation,0.21458051509143347,0.3557313377917871,11
218510,Planets Under Attack,0.17778808461568532,0.35567516672232846,11
328900,B-17 Flying Fortress: The Mighty 8th,0.2133373110571575,0.35565535705551465,0
1875530,Grim Tales: Graywitch Collector's Edition,0.17668034391352183,0.35552246678551414,8
2385720,The Police Mystery,0.17668034391352183,0.35552246678551414,8
2235440,My Little Pony: A Zephyr Heights Mystery,0.19929431882142118,0.35539746767079233,11
500260,Ben and Ed - Blood Party,0.20235689810883412,0.35502757091327863,11
39650,The Guild II,0.18683744872360283,0.3549657001330736,12
2637990,Duck Detective: The Secret Salami,0.13200913398866443,0.3548810974655679,1
574820,Cat or Bread?,0.18458446117990432,0.35476484058602925,8
2142260,Mercenaries Wings: The False Phoenix,0.2184420841953848,0.35474981264912264,9
1461800,Eggs Catcher VR,0.15445812169129963,0.3547097058073791,12
3718700,水浒绘卷 Demo,0.15445812169129963,0.3547097058073791,12
1944250,Hana no No ni Saku Utakata no,0.21886375503842678,0.35445132482352204,8
332800,Five Nights at Freddy's 2,0.19095520970841956,0.3544208395974249,11
115220,American Conquest - Fight Back,0.19841376147930462,0.35437180511728,1
2392760,GLASS 2,0.11791798586609993,0.35435888830791834,1
2903160,Midori no Kaori,0.19253035076820052,0.35402155190751206,8
311100,Echelon: Wind Warriors,0.20878856800579873,0.35394966376212966,11
463150,BARRIER X,0.16387160815312599,0.3539329306230324,8
1095750,Faith of Fate,0.21400974848551124,0.3539242728462223,13
965890,我是渣男-dishonest,0.15445812169129963,0.35376808082060185,8
396060,The Rose and I,0.15445812169129963,0.35376808082060185,8
516470,CRAPPY ZOMBIE GAME,0.15445812169129963,0.35376808082060185,8
803330,Destroy All Humans!,0.20671396324276609,0.35374074652966647,11
1297100,Destroy All Humans! Demo,0.20671396324276609,0.35374074652966647,11
356430,Chris Sawyer's Locomotion,0.17668034391352183,0.3536996047972781,12
1388870,Arcade Paradise,0.1584496310330668,0.35361681360338093,8
512250,Oh...Sir! The Insult Simulator,0.18589739533187594,0.353590208118411,12
2218970,Plains of Pain,0.17512290650512846,0.3532968029138261,11
897610,Scrapland Remastered,0.19590145628686711,0.35327138625900223,11
2004640,Svarog's Dream,0.1548946598598689,0.3531196213328468,11
433020,Echoes of Aetheria: Soundtrack,0.13223589946907738,0.35301416295982485,10
319880,Fantasy Grounds - PFRPG: U1: Dark Days in Stoneholme,0.17668034391352183,0.35301416295982485,10
864060,Marble It Up! Ultra,0.12079383967660151,0.35279191333562265,8
1363690,Fantastic Contraption Classic 1 & 2,0.17668034391352183,0.35251125066774747,12
1928540,Horticular,0.1648092609243154,0.35227520892299496,12
1262060,Battle Ram,0.16401161831696906,0.35225747103807,8
461840,Zenge,0.1334037582592221,0.35219920646446784,13
936530,Close Combat: Last Stand Arnhem,0.1775564752136568,0.35218794302315687,12
3383440,Digital Diamond Baseball V13,0.15445812169129963,0.3521844532821265,12
1337280,Neon Girls,0.20710847379014038,0.35215782239751947,8
265970,Worlds of Magic,0.11183392197552011,0.3521413318863312,11
420930,CHKN,0.1644358355337926,0.35210879886704816,8
866020,Growtopia,0.14130552398626525,0.3520120564048924,8
1763030,Master Key,0.14597990123664728,0.3519748045776347,11
355630,Leo's Fortune,0.19580139266003677,0.3519578882266765,13
965230,DORAEMON  STORY OF SEASONS,0.1635277462084875,0.35188030409922705,8
3446150,Tsuki ni Yorisou Otome no Sahou 2,0.17668034391352183,0.35179571948686766,8
2411980,AMEDAMA,0.18764849537730985,0.35173137580251096,8
1104450,Bombergrounds: Reborn,0.13223589946907738,0.3517193064113975,3
1902490,Aperture Desk Job,0.13223589946907738,0.3516516787041997,8
1843540,Akimbot,0.20097729884425697,0.3516500208083275,8
427190,Dead Rising,0.20263902465936154,0.35163865890086804,8
546050,Puyo Puyo™Tetris® ,0.21400974848551124,0.3515382568272693,8
2334170,Metal Bringer,0.21505038127930703,0.3515245209317008,8
1271090,Let's Cook Together,0.21505038127930703,0.3515245209317008,8
889710,Muv-Luv photonmelodies♮,0.21678717396804542,0.3514962608320356,8
330680,Solar Struggle,0.21802361488225896,0.3514669510180137,8
635850,Sentience: The Android's Tale,0.19621986197316257,0.3514519029935421,8
2914470,Armored Suit Solgante,0.16741586022581806,0.3514492811604,10
985590,Necrolepsy,0.21872284085709515,0.35143659317846426,8
2522270,Rune Gate,0.19929431882142118,0.3513808796103084,12
2380410,SEX Tentacles [18+],0.21400974848551124,0.35126914687997757,8
508300,Strategy & Tactics: Dark Ages,0.17143720544295538,0.3512533926807137,9
615120,COMPOUND,0.20888027997823702,0.35119489795314723,8
1797930,Para Eyes,0.20740035771117704,0.3511756898069656,8
2423470,Suicide Guy: The Lost Dreams,0.20426993967956167,0.35113650033434435,8
308000,Gold Rush! Classic,0.20263902465936154,0.3511165195701928,8
509220,Save Jesus,0.20263902465936154,0.3511165195701928,8
2516590,Human Farm - Practice Section,0.20586031793133802,0.3510403553284063,10
2328540,Incantation,0.21029043014256313,0.3510103806252064,10
336060,Raptor: Call of The Shadows - 2015 Edition,0.19087279531401294,0.3509694755361305,8
1395560,Kandidatos,0.18764849537730985,0.350925164576821,8
2017370,Trash Horror Collection,0.18764849537730985,0.350925164576821,8
2074910,Photogenic Minds : Identity,0.21886375503842678,0.35090206447458516,12
1629530,Spark the Electric Jester 3,0.18458446117990432,0.3508798367010254,8
2994910,功夫至尊,0.15445812169129963,0.35086953009596417,8
3468160,Soccer Field Pro 3D,0.15445812169129963,0.35086953009596417,8
2636420,Graveyard Shift,0.18312479041982616,0.35085679222764626,8
1590600,"OPPAI Academy Big, Bouncy, Booby Babes!",0.17668034391352183,0.3507377777902988,8
2424390,MythForce Demo,0.17668034391352183,0.3507377777902988,8
716710,東方憑依華～ Antinomy of Common Flowers.,0.17668034391352183,0.3507377777902988,8
3460130,LockYourDoor Demo,0.17668034391352183,0.3507377777902988,8
1278150,Nayati River,0.17668034391352183,0.3507377777902988,8
1588340,Demonlore,0.21597844693046986,0.3506540667542195,3
461880,Hyposphere,0.17153400248602546,0.35063131675596443,8
1592680,Anarchy: Wolf's law : Prologue,0.1420099518126947,0.3506238731051247,8
1094530,ALIA’s CARNIVAL！,0.209599271350723,0.3506128964719318,8
1018000,Arcade Classics Anniversary Collection,0.20263902465936154,0.3504431188967921,8
1263230,Cooking Companions,0.09656964080158616,0.3504245387835237,1
1774100,Pet idle,0.17707209659919895,0.3504120669173377,13
514460,Cyberline Racing,0.16865057309179074,0.3502960748627298,8
1003400,The Lord of the Rings: Journeys in Middle-earth,0.12225533064898401,0.35025479248659347,9
1225070,Family Mysteries: Poisonous Promises,0.1684195964071675,0.35025236681264077,13
467210,Evo Explores,0.1432040509328654,0.35025176390342033,8
2141520,Survivor Mercs,0.16332624401721765,0.3502486922323625,8
645320,SCARF,0.19906450724954913,0.35012771655849506,1
887060,Asterix & Obelix XXL 2,0.19580139266003677,0.3501129238463695,8
1044750,Q&A: A Light-Roasted Romance,0.13223589946907738,0.3500643771168981,8
794230,Golden8bits,0.15445812169129963,0.3500643771168981,8
541670,Disney Infinity 3.0: Gold Edition,0.17668034391352183,0.3500643771168981,8
2778430,Deconstruction Simulator: Prologue,0.15445812169129963,0.3499838599295218,10
2756830,Sex Coach: Hot Yoga - Prologue,0.15445812169129963,0.3499838599295218,10
385800,NEKOPARA Vol. 0,0.18663697259916334,0.34996508809198906,13
296790,ThunderWheels,0.18764849537730985,0.3498956667483148,12
21800,Tom Clancy's EndWar,0.24026609119748932,0.34970573425753504,11
1107230,The 13th Doll: A Fan Game of The 7th Guest,0.16134145314715886,0.349702645291496,11
2803060,导演模拟器,0.16205492108721778,0.34955595967344005,10
1446850,Hentai Furry 2,0.20710847379014038,0.3493800446197417,8
1058060,Princesses Never Lose!,0.17668034391352183,0.3493104592561212,10
2351970,"Monster Girl 1,000",0.21678717396804542,0.3491832243906144,10
1078760,Motorcycle Mechanic Simulator 2021,0.18798724349908233,0.34914100257461456,8
2055410,The Kindeman Remedy,0.21029043014256313,0.3490286442238139,12
1119840,Sands of Aura,0.1414215906610537,0.3490261666420895,11
1341170,Strategic Mind: Spectre of Communism,0.21597844693046986,0.348959866534665,12
2137470,Regency Solitaire II,0.20740035771117704,0.34877320461726097,12
3618770,Fakutori Demo,0.17668034391352183,0.34874382983709473,13
2717850,Forklift Simulator,0.2128640408516119,0.34853528013509055,12
674750,Yet Another Zombie Defense HD,0.21597844693046986,0.34852201142119527,11
277590,Assassin's Creed Freedom Cry,0.1907659866799691,0.34844430060038023,0
1514930,Erica,0.19818334937356846,0.3483664571191235,1
2602020,The Smurfs – Dreams,0.20001030683790752,0.34826775931492104,11
1606300,Puzzle Light,0.1819586189945032,0.3482328527974073,1
741430,Titanic VR,0.17668034391352183,0.34821252526504626,8
318970,StarCrawlers,0.16239694704942903,0.3481395523601629,11
326380,Mystery of Neuschwanstein,0.17707209659919895,0.3479332509432244,8
1511090,Great Paintings VR,0.14519363800359583,0.34790945044880944,8
1622900,Star Trek: Infinite,0.17043623361704593,0.347827438865111,9
287020,Harvester,0.16891137485696806,0.3477787695006766,11
1265930,Life is Strange: Before the Storm Remastered,0.209599271350723,0.3476955867633504,6
575890,Katy and Bob Way Back Home,0.21744981475348912,0.34766377156801886,12
358340,Word Rescue,0.15445812169129963,0.34759524131442904,8
389050,Pocket Rumble,0.17668034391352183,0.3475952413144289,8
1024630,Fighters Legacy,0.17668034391352183,0.3475952413144289,8
2073220,Outland Kingdoms,0.17668034391352183,0.34728442705474855,9
1753260,Inscryption Demo,0.18891930182412942,0.34716805192014094,0
1868170,Etrian Odyssey II HD,0.19961579629053322,0.34700890263597817,9
1367320,Close Combat: Cross of Iron,0.1775564752136568,0.34695918485322225,12
262150,Vanguard Princess,0.14144852831535779,0.3469451362980697,8
769680,Cupid Bistro 2,0.16236402813282433,0.34688457673697737,9
2812820,纸袋勇者（Pape Rangers）,0.21400974848551124,0.34685439775661625,11
5280,Global Agenda - No Elves Trailer,0.26158787769692277,0.3468349866197778,11
9300,Company of Heroes Singleplayer Demo,0.19217451288096155,0.3467499011929813,12
1453490,Deducto,0.12331314622473698,0.3467147102315389,12
276360,Riding Star,0.17668034391352183,0.346628897726571,12
3443890,OUTLAWED Demo,0.17668034391352183,0.3465785383369417,8
1272550,Phantom Galaxies,0.15445812169129963,0.3463722354066008,11
535490,Porno Studio Tycoon,0.17707209659919895,0.34635851978918697,12
1844130,Stellar Orphans,0.18764849537730985,0.3462039880566361,12
298520,Orbital Gear,0.12303306380311078,0.34620137512622856,11
970710,Kolumno,0.16865057309179074,0.3460632706299256,8
440430,Life Is Strange™ - Directors' Commentary - 1.Two directors,0.13223589946907738,0.3460131657683798,6
260690,Dark Fall 1: The Journal,0.24026609119748932,0.34596403089048183,1
2360210,Rune Coliseum,0.21226810303385382,0.34589544153050594,11
755500,ONE PIECE World Seeker,0.16163314115728028,0.3457634811113947,9
1074610,COLLAPSED,0.20740035771117704,0.3455640175286267,8
3602770,Shroom and Gloom Demo,0.15445812169129963,0.34547585598088554,13
547680,Guild Quest,0.11905170035925376,0.3450366530536565,12
2400290,富甲天下2,0.18171855850970142,0.3449822535684633,12
818320,LEGO® The Incredibles,0.17054631903026765,0.3449762393173376,1
203750,Binary Domain,0.25898571382319974,0.344971062249145,1
1270210,Love of Magic,0.14976464202635015,0.34478932552818786,10
916930,War Trigger Classic,0.15445812169129963,0.3447849338192992,11
1997180,dotAGE Demo,0.13223589946907738,0.3447770458747191,12
3002280,Tiny Bookshop Demo,0.13884016492889104,0.34465152940262767,10
1540150,Crazy Flasher Series 2021,0.16741586022581806,0.3446133313632168,8
558340,Faces of Illusion: The Twin Phantoms,0.15145701184242272,0.34460990288717763,13
1021210,Cyber Knights: Flashpoint,0.10994827005759374,0.3445675319040992,11
2324650,The Murder of Sonic the Hedgehog,0.13223589946907738,0.34451249561016883,12
719750,PUSS!,0.15958473522097344,0.34428020492802897,8
221180,Eufloria HD,0.15369142957902884,0.34425978861787715,12
712970,Clad in Iron: Philippines 1898,0.2039940677112824,0.3442147126502973,12
487430,KARAKARA,0.1772238572350187,0.3441425203834654,8
1848520,Fruit Salad,0.17357917043781457,0.34405395704933056,13
1462470,Vectorio Classic,0.11118153603699989,0.34395890186370653,12
1054430,Fling to the Finish,0.1760746772409646,0.34388260219995787,1
963770,Welcome To... Chichester Redux : The Spy Of America And The Long Vacation,0.11327877686254743,0.3438141430839598,8
2272250,Forgive Me Father 2,0.20985286771676567,0.3437756419056427,11
32660,Delta Force: Xtreme,0.21056251512713256,0.34377472454164043,11
466490,Princess Isabella: The Rise of an Heir,0.14479894614187303,0.34364139187823195,13
3413460,GameStonk Simulator Demo,0.17668034391352183,0.34359859469626797,12
1574700,Motorcycle Mechanic Simulator 2021: Prologue,0.17030812854597832,0.34356678750511266,12
3269960,鼓手余命十日谭,0.1753771618561596,0.343401059532162,10
1700270,Lucky Tower Ultimate,0.1656184842462135,0.3433044847075437,11
748300,Treasure Hunter Simulator,0.18912393401627758,0.3433009202401653,8
3095380,Ninja Rift,0.15445812169129963,0.34325987935306823,11
1354910,Tiny Lands,0.16399227627739268,0.34317320945490953,1
282760,Circuits,0.15484987437697675,0.3429949793382861,8
338160,Europa Universalis IV: El Dorado,0.13223589946907738,0.3429251940228673,12
1998330,Yomawari: Lost in the Dark,0.2039940677112824,0.34279836270224995,9
850040,Puzzgun,0.17668034391352183,0.3426569697094907,8
1928870,Minecraft Legends,0.20671396324276609,0.34262963541855534,11
501320,The Shrouded Isle,0.24393297499598046,0.34254149913040727,12
3176410,None Shall Intrude Demo,0.1638573549796102,0.342417029689898,3
392950,Lost Lands: A Hidden Object Adventure,0.1614158734868936,0.3423934310931727,3
1693000,Within the Range,0.17668034391352183,0.3423553934530667,12
1016770,Interrogation: You will be deceived,0.14314819062382522,0.34232778304629363,9
571530,Superdimension Neptune VS Sega Hard Girls,0.19307313658650152,0.34224064762284656,9
108110,Starpoint Gemini,0.16741854926053498,0.34210183847962394,10
1479390,Alekon,0.20671396324276609,0.3420443882200801,8
563200,Slay,0.17668034391352183,0.34186699296466627,12
2682580,DUCKSIDE,0.16741586022581806,0.341799593647085,5
2989250,Visions of Mana Demo,0.2003098613224697,0.3417283138466375,9
1976150,Hush Hush - Only Your Love Can Save Them Demo,0.1598945596449961,0.34144215693877294,12
783050,Bear With Me - Collector's Edition,0.13463367762368597,0.3413589212716174,13
1684930,CULTIC,0.2035995571639081,0.34106972864352875,11
2551170,Cats Hidden in Maple Hollow,0.154204641308769,0.3409669177571358,8
2428810,LEGO® Horizon Adventures™,0.20235689810883412,0.34088615677186446,11
1294810,Redfall,0.16858371901596275,0.34087947359541776,8
1160500,AstronTycoon2: Ritual,0.21802361488225896,0.3408754536487686,9
365620,WarBirds - World War II Combat Aviation,0.15445812169129963,0.3408051178576389,8
2292060,Spell Disk,0.18171855850970142,0.34078631934109394,8
1683860,Eronoctosis: Put Yourself Together,0.18695537828545877,0.34067451987691005,8
2631250,Slitterhead,0.20578589759160326,0.3406153855094034,8
1809530,Renryuu: Ascension,0.15517135184608882,0.34060590307773014,10
2420900,Diesel Legacy Playtest,0.2174705939692625,0.34060175201396575,11
658890,Arthurian Legends,0.21029043014256313,0.3405985267269317,8
2891870,Forgotten Hill: The Wardrobe,0.19375622470824766,0.34057099463898516,13
764570,Beavers Be Dammed,0.11001367724685517,0.34056829166596486,12
2687190,100 Christmas Cats,0.11279782625937029,0.3405117682264299,8
2400640,NanoApostle,0.209599271350723,0.340496053639672,8
1894080,I got a millenary cat,0.21802361488225896,0.3404875922125679,8
1497360,Open Roads,0.18388587212195798,0.340384244232284,13
1661630,KarmaZoo,0.20102594645485936,0.34030471258147266,8
2966850,Shotgun Cop Man,0.19961579629053322,0.3402857625308499,8
1731070,Asterigos: Curse of the Stars,0.17687652856499467,0.3402793711400361,9
566190,The Search,0.15881996897622944,0.34025211764567775,1
440420,True Fear: Forsaken Souls Part 1,0.19580139266003677,0.3402281532235268,13
373610,Shoot 1UP,0.19337454097165777,0.3402073841478954,8
1867510,WrestleQuest,0.14110627128418632,0.3401024165475499,10
3677410,Scribble Wolf (Open Beta Test),0.15445812169129963,0.34006759258577063,3
1263470,ATRI -My Dear Moments- Demo,0.17997890689861365,0.3400383119086066,8
1138840,Bad North Demo,0.13987765949741662,0.34002541810573506,12
2389570,Sniper Killer,0.19087279531401294,0.33999011673068474,8
3031150,Secret Hot Springs Girl,0.19087279531401294,0.33999011673068474,8
734910,Eternal Hour: Golden Hour,0.11791779451323765,0.3399412582756127,13
2579840,Chill Drive,0.15445812169129963,0.33987919193171295,8
2398180,Echo Point Nova Demo,0.17668034391352183,0.33975841898485304,8
654230,Phantasma Demo,0.17668034391352183,0.33975841898485304,8
1340560,Necrofugitive Demo,0.17668034391352183,0.33975841898485304,8
400510,FINAL TAKE,0.14479894614187303,0.33969203607549264,8
805420,Stack & Crack,0.1432040509328654,0.3396697533214097,8
3980,CivCity: Rome,0.22959363577614186,0.3395807456086133,1
551860,Abandon Ship,0.11147609387250039,0.3395065004419459,11
849980,Color by Numbers - Dinosaurs,0.13223589946907738,0.3394823665348875,8
1220260,Dialtown: Phone Dating Sim Demo,0.18089222649391956,0.33947167690141217,8
1035990,Dialtown: Phone Dating Sim,0.18089222649391956,0.33947167690141217,8
389440,Energy Balance Demo,0.13553446245416922,0.33936491123520585,8
360640,12 Labours of Hercules II: The Cretan Bull,0.16584598569811873,0.3393523584089106,3
1290750,Crawl Tactics,0.16956530404106682,0.33927352729525345,10
11130,Sherlock Holmes: The Mystery of The Mummy,0.16461522650138063,0.3392719897772927,11
1286340,Daily Wife,0.16741586022581806,0.33915524169460076,8
1600,Dangerous Waters,0.2304287377794565,0.339131019971529,9
1849890,Neko Maid,0.2039940677112824,0.33907324406424144,13
2775910,Infinite Blue,0.15445812169129963,0.33900450112407604,10
2400160,Glyphica: Typing Survival,0.16807666226636545,0.3390028099062085,3
1161900,Door2:Key,0.18533911333046507,0.3389616545421423,8
1896900,Rail Route: The Story of Jozic,0.12923478962020046,0.3389335743847622,13
2299900,Felvidek,0.17668034391352183,0.3388727488184108,10
1975340,HAITENAI RPG,0.17668034391352183,0.3388727488184108,10
1648560,Nursery Slime,0.17668034391352183,0.3388727488184108,10
1554260,Knightly Passions,0.14070676975533247,0.33885963313874096,8
1640300,Project Warlock II,0.1633258389400611,0.33885433379898516,8
1249040,American Arcadia,0.208600620828933,0.33870753202579174,13
2894560,Domino Fit,0.15445812169129963,0.33869238979006305,12
1591420,Hmmsim Metro,0.17668034391352183,0.33869238979006305,12
1269050,告死天使的审判 Death Angel Trial,0.21597844693046986,0.3386662985332202,10
624270,The Painscreek Killings,0.19769934839195757,0.33839660164053276,1
1389360,Mech Armada,0.21802361488225896,0.3382890965329892,12
955870,Battlecruisers,0.16741586022581806,0.33814261589540473,3
1535060,Incremental Epic Breakers,0.15472876747348857,0.338089560392219,11
1680000,Rewrite+,0.2039940677112824,0.3380576157448248,8
679110,Werewolf: The Apocalypse - Earthblood,0.2039940677112824,0.3380576157448248,8
770100,One Deck Dungeon,0.08450618245786952,0.3380189654806221,11
2000100,Life is Strange: True Colors Demo,0.20710847379014038,0.3380164082561053,8
3290040,魔剑镇魂曲 英雄之泪,0.21886375503842678,0.33797952748692095,9
3356790,Cozy Solitaire,0.19282815905708484,0.33797749561357704,8
252370,The Shivah,0.1464283508695685,0.3379597282776517,13
500810,Arcanum,0.24113491584430652,0.33789598685778094,9
222500,Rail Adventures - VR Tech Demo,0.17668034391352183,0.337895064947586,8
2087460,Ruff Ghanor,0.20740035771117704,0.3377938458118152,12
1905020,Greyhill Incident,0.20618040813897756,0.3377929479210491,8
3019160,Creeping Dusk,0.18363809570911582,0.33776770869733724,12
521200,Epic Battle Fantasy 3,0.1546071244654222,0.3376785884109108,10
57740,Jagged Alliance - Back in Action,0.13583883437338035,0.3376175304284624,9
539660,ChronoClock,0.18533911333046507,0.3375186530991408,8
391030,Hard to Be a God,0.17744230445117654,0.3373176702764485,11
1163870,Mecha Knights: Nightmare,0.16781037077319236,0.3372436638470281,8
391170,Void Invaders,0.17739357406831102,0.3371432260549801,8
1373350,Phobos,0.15445812169129963,0.3371129761473415,11
614260,Gates Of Nowhere,0.17008469190894887,0.3370724534994659,1
1732330,Ys IX -Monstrum NOX-,0.19590145628686711,0.33688431613676656,9
2429210,Shogun Showdown Demo,0.1647331560632366,0.3364428757938413,11
1630650,Neko Beach,0.20752269028034165,0.3363556754221015,13
372480,Spaceforce Rogue Universe HD,0.17668034391352183,0.3363474962931582,10
854570,Pamali: Indonesian Folklore Horror,0.1473777406302576,0.3360985273486054,8
2867410,深渊与地下城,0.15445812169129963,0.33604156363797205,9
598990,Pizza Connection,0.11106940334279183,0.33594923050095016,12
2325060,Alpacalypse,0.19621986197316255,0.3358845249884809,8
1248220,炎黄大陆,0.15445812169129963,0.33579022482459014,11
1422430,Next Space Rebels,0.19178752626328902,0.3357809313917621,8
1980210,Wylde Flowers Demo,0.20671396324276609,0.3357022246887599,9
1152300,Atelier Ayesha: The Alchemist of Dusk DX,0.21505038127930703,0.3356767187727106,9
284730,Dark Arcana: The Carnival,0.14024988812603567,0.3356551827570898,1
387130,"Zombie Hunter, Inc.",0.17668034391352183,0.33552567456003995,11
828660,War Of The Zombie,0.15445812169129963,0.3355177866154599,12
891200,Bike Dash Excite!,0.15445812169129963,0.3352495623020833,8
17080,Tribes: Ascend,0.17447827378825284,0.3352156587897383,0
377950,Jamestown+,0.20752269028034165,0.3351255140592991,11
284770,Enigmatis 2: The Mists of Ravenwood,0.15283323310447114,0.33511593798185485,1
1814170,Lingo,0.21195102443786604,0.335000912346097,1
1003090,Through The Darkest of Times,0.16993236029144274,0.3348170225781463,12
1545450,Incredibox,0.16441475037694114,0.33479753959110725,13
1339310,Solitaire 3D,0.15145701184242272,0.33478199170365536,12
542400,Pixel Gladiator,0.16044201474908226,0.3347421095149437,1
1689000,Namaiki Dark Elf Sisters,0.17412813006148642,0.33469446539645753,1
2540230,Vae Victis - Khan,0.11521826198577195,0.3346695084991365,11
839910,Mythgard,0.12297141578137362,0.3345706644973664,3
1159290,The Bloodline,0.167603644291064,0.3345649896875501,11
416640,Diabolical,0.16783957813753717,0.33421446348918327,10
1218900,Zup! Z,0.1633258389400611,0.3341521361303282,8
3596390,Dragon-Slaying War God,0.1433470105801885,0.3340711111236321,8
844750,Go-Kart Racing,0.19087279531401294,0.33390718835026845,12
931950,Labyrinth: The War on Terror,0.16387160815312599,0.3337932799319496,12
890400,Uncharted Waters Online - Steam,0.15445812169129963,0.3337808613772698,9
650500,Wolfenstein II: The New Colossus German Edition,0.1869096987305324,0.3337188380768479,0
1049890,Little Witch Nobeta,0.19805373572785823,0.3337103425276429,8
346750,Merchant,0.136505110814843,0.33350124184915203,10
654850,Masked Forces: Zombie Survival,0.18427714330943998,0.33340702869098426,1
1096550,Desktop Magic Engine,0.17668034391352183,0.33340138449905776,12
2142160,Turlock Holmes,0.18363809570911582,0.33312603305191724,3
1932160,Neptunia: Sisters VS Sisters,0.19929431882142118,0.3328266222600548,9
298280,XenoRaptor,0.16865057309179074,0.33263225719891215,8
945640,ItazuraVR Demo,0.13452210106386414,0.33250945907386537,4
354430,STAR WARS™: X-Wing Special Edition,0.15445812169129963,0.3324005594530804,8
585270,HeapVR,0.15445812169129963,0.33234318344085667,12
1289010,Haypi Monster 3,0.15445812169129963,0.3321935597899682,9
819790,Laplace：拉普拉斯的神子,0.15445812169129963,0.3321935597899682,9
364200,Farabel,0.14976464202635015,0.3320854693686714,11
1325270,Escapeworld Dilemma,0.18363809570911582,0.33196430464900206,8
2800900,Rift Riff,0.1650700972319781,0.33195801726081353,1
856100,Little Comet,0.17707209659919895,0.33188386822717497,8
1823390,Escape The Mad Empire,0.1975993840783818,0.3318369963247028,11
33540,Dawn of Magic 2,0.17668034391352183,0.3318219708563362,11
458480,Mythic Wonders: The Philosopher's Stone,0.1684195964071675,0.3317338482941222,13
3219650,Squeakross: Home Squeak Home Demo,0.15445812169129963,0.3315458585983796,8
669440,IKAROS,0.15445812169129963,0.3315458585983796,8
1901200,FPS Game: Dev Test,0.15445812169129963,0.3315458585983796,8
1502970,Atelier Sophie: The Alchemist of the Mysterious Book DX,0.21029043014256313,0.33145928894221993,9
21120,F.E.A.R.: Perseus Mandate,0.18712781582352908,0.3310096429032168,0
3029830,モンスターコマンダーズ - 深淵の夜想曲 -,0.15445812169129963,0.33090018199785526,12
21030,Watchmen: The End Is Nigh Part 2,0.17668091929138954,0.33086508638114015,11
2206270,Vampire Hunters,0.14436455380873375,0.33084807304341746,1
2810,X3: Reunion,0.2173204968763779,0.3308358959299238,12
3304770,Exposed Livestream,0.1841323680594816,0.3307983307593534,9
2783610,Malignant Survivors,0.18312479041982616,0.33060233821333257,11
561610,MotoGP™17,0.21872284085709515,0.33059842457983163,9
245970,Borderlands 2: Headhunter 5: Son of Crawmerax,0.13223589946907738,0.3304992195335849,11
1762270,Obama Boss Fight,0.21886375503842678,0.33037725074944796,8
938560,INMOST,0.18598388805933647,0.33023290367071695,8
2423070,Speakeasy,0.15445812169129963,0.3302253113185762,13
3161620,Keyframes Demo,0.13223589946907738,0.3302253113185762,13
2775370,Disillusion ST,0.21029043014256313,0.3301700769599989,8
585710,Blazing Beaks,0.20474526479780747,0.3301673947210742,11
1058200,Pixel Puzzles Traditional Jigsaw Puzzles,0.07777790167569448,0.33015873015873015,12
985830,SUCCUBUS,0.17618334838043664,0.33000218818997473,9
591990,Cosmic Awakening VR,0.19590145628686711,0.32999025867981013,8
1571600,Dark Romance: Sleepy Hollow Collector's Edition,0.15445812169129963,0.32995855701107796,8
917870,Gauge Of Rage,0.15445812169129963,0.32995855701107796,8
349250,Copy Kitty,0.18326586708049675,0.32981436326742786,8
915810,Midnight Ghost Hunt,0.20474526479780747,0.3296497625995262,8
1116550,Elon Simulator 2019,0.12257672391965077,0.3296391260225826,8
3127870,Lu[Idle],0.13223589946907738,0.32955191064517547,13
249230,Risen 3 - Titan Lords,0.22654062705287886,0.3294966360291516,11
399810,Call of Cthulhu,0.20426993967956167,0.3294868818618797,10
1456820, Marfusha,0.19813587402347327,0.3292871955792226,8
1750030,Post Trauma,0.19002983513371738,0.3291872931913511,8
801480,Agent A: A puzzle in disguise,0.19580139266003677,0.3291339028673485,8
2648050,Sam & Max: The Devil's Playhouse,0.18326586708049675,0.3291027546494659,8
2435900,SharpShooter3D,0.17838401168960608,0.32903667034907785,8
754500,Plutocracy,0.13716386718186474,0.32900897196608436,12
523070,Black Forest,0.1503750645636412,0.32890340530962686,1
711810,Never Split the Party,0.08925387165027816,0.3288638789846946,8
2772820,ButtKnight,0.17367923406464492,0.32881180750135897,8
2095890,Black Gunner Wukong: Prologue,0.16865057309179074,0.32874725331390825,8
3009990,SAEKO: Giantess Dating Sim Demo,0.17591365180125104,0.32867509838478526,13
2018230,Femdom Wife Game - Zoe,0.13223589946907738,0.3286473078737419,8
130,Half-Life: Blue Shift,0.22658498056408163,0.32856765856093123,1
3491570,FIND ALL 7: Japan,0.1412505341610493,0.32851995657712085,13
2544090,Milfy City - Final Edition,0.15445812169129963,0.32851555556807654,8
2720290,BRUTALISTICK VR Demo,0.17668034391352183,0.32851555556807654,8
1061150,Muscle Magic,0.15445812169129963,0.32851555556807654,8
1305080,GearBlocks,0.17668034391352183,0.32851555556807654,8
1561960,Yield! Fall of Rome,0.1403632391934162,0.32839029648019274,12
1848460,Odyssey of Gianna,0.20740035771117704,0.3282949522160655,9
2140100,Whisker Squadron: Survivor,0.1398845858354902,0.3282855705266205,1
1236240,Zero IDLE,0.19178752626328902,0.3281046440631854,13
2429310,Noxious Weeds,0.15949633628747922,0.3280879066426812,8
931690,Himno,0.11659920041383011,0.3280330514058496,8
393430,Ice Lakes,0.1416493859309038,0.3279458135819364,12
1683950,The Witch's Sexual Prison,0.17668034391352183,0.32789339001296497,10
1112930,Dredgers,0.17668034391352183,0.32789339001296497,10
603010,Chill,0.12234423885493788,0.32785109690729264,1
3071950,Our Home,0.15658150201041493,0.3278430465902235,13
696920,The Legend of the Dragonflame High School Demo,0.17668034391352183,0.3278421548946759,8
504130,Manual Samuel - Last Tuesday Edition,0.1647331560632366,0.32783857124839905,13
1892700,Exorcist Charlotte,0.16741586022581806,0.3278068417284869,10
317360,Double Action: Boogaloo,0.19621986197316257,0.3277395896791699,11
1098130,Get Stuffed!,0.17875507662203477,0.32761145548299897,3
1069390,Morningdew Farms: A Gay Farming Game,0.09093859479979978,0.3275805739677753,8
495110,Enigmatis 3: The Shadow of Karkhala,0.1439904202598094,0.32748913771910815,1
888040,Metal Fatigue,0.24026609119748932,0.32744551237196334,1
2154230,AI: Art Impostor,0.17668034391352183,0.32737630846957333,13
370360,TIS-100,0.1464283508695685,0.3271013221138426,4
230070,The Age of Decadence,0.22851762203232245,0.3270862620960021,8
1840660,Mad Adventures,0.15445812169129963,0.3270600062864403,8
1528080,Gas Station Simulator: Prologue - Early Days,0.19580139266003674,0.3270462331162128,12
333600,NEKOPARA Vol. 1,0.18515121419977687,0.3269998558157765,8
23320,Yosumin! Demo,0.17668034391352183,0.3269655467207607,6
785840,Moe Jigsaw,0.12961991800378034,0.32693314142258995,8
832770,Age of Fear: The Undead King GOLD,0.15954962326683797,0.3269110574456731,11
1310330,Goodbye Volcano High,0.18807872552969682,0.3268402217073946,1
3174920,Rise of a Porn Star,0.19154400215064052,0.3268355162191912,12
1620290,Zombie Cure Lab,0.18326586708049675,0.3267804014162513,12
889530,Sharp,0.14888214655133578,0.3265912421842288,8
2456940,Hired 2 Die Demo,0.19282815905708484,0.32643657465673537,11
717300,Arena,0.16956530404106682,0.3264189319621423,12
1236780,AKIBA'S TRIP: Hellbound & Debriefed,0.19420908647079457,0.32628419670015546,9
284910,Purgatory: War of the Damned,0.17668034391352183,0.32626641530078065,11
1507780,Space Warlord Organ Trading Simulator,0.17861391315656283,0.32612247993671767,12
573550,GoalkeepVr,0.17668034391352183,0.32599030304282395,8
336730,Supreme League of Patriots Issue 3: Ice Cold in Ellis,0.16584598569811873,0.32584908930567796,8
463020,Wander No More,0.11505189184303478,0.32579033437654403,12
2594290,Warlords Battle Simulator,0.1678164358745287,0.3255004218798355,12
1419330,Horizon Odyssey,0.20671396324276609,0.32549178575965954,11
875740,Scorch,0.15445812169129963,0.32537301909220673,8
1216200,Coloring Game 2,0.16780761291149518,0.32531832258045096,3
857060,CCCP CALLS!,0.1633258389400611,0.3252874141418769,8
612720,SAELIG,0.15653285439981254,0.32521446011276844,12
2155480,The Googol Clicker,0.17784820270366652,0.3250948293600908,13
376550,Max Gentlemen - King Pack,0.11155549380421904,0.32505515105950905,1
2589670,Love x Debut,0.17198686424857237,0.32502824094067656,12
3172450,Hidden Objects,0.14130552398626525,0.3247518769707998,8
1393820,Prodigal,0.20671396324276609,0.3247228658833141,9
1882500,Cattails: Wildwood Story,0.1546071244654222,0.32471562544794785,10
3154920,Rift of the NecroDancer Level Editor,0.15445812169129963,0.324679113713479,11
908730,TimeScar: Hyperion,0.15445812169129963,0.32440667550434876,12
534270,Solitaire 220 Plus,0.1433470105801885,0.3241384511909721,8
33760,Amelia Earhart,0.1433470105801885,0.3241384511909721,8
31250,Sam & Max 304: Beyond the Alley of the Dolls,0.1433470105801885,0.3241384511909721,8
2343710,Professional Fishing 2: Demo,0.17668034391352183,0.3236752718317686,12
3334660,Winion Virus,0.15445812169129963,0.3234913045845695,13
2549090,Riftstorm Playtest,0.17668034391352183,0.3232361122704776,11
385270,Jet Racing Extreme,0.14976464202635015,0.3228261388557833,8
2487070,Anonymous Hacker Simulator: Prologue,0.15445812169129963,0.3228193739170472,12
471550,Nine Parchments,0.18663697259916334,0.3226296003844624,11
2905790,PROJECT TACHYON,0.21212718885252219,0.32262425806692213,1
3157850,洪荒西行录,0.15445812169129963,0.32256271159707695,11
289600,Marauder,0.18924339058631742,0.3224329613178773,9
2285890,The Dark Pictures Anthology: The Devil in Me - Friend's Pass,0.1433470105801885,0.3221891334521807,8
46260,Star Wolves 3: Civil War,0.19590145628686711,0.322054455042071,11
2613060,My Recycling Center,0.20164081297644448,0.322021375512608,8
2803360,Project L33T,0.21872284085709515,0.3220119908354925,8
1419870,The Book of Shadows,0.16209937095421117,0.32180105901311357,10
340600,The Depths of Tolagal,0.14982082653338125,0.32177366898088633,11
2553050,Estate Agent Simulator,0.18458446117990432,0.321528835906708,12
1668720,구운몽,0.1666997750934284,0.32152661361612794,8
1607200,Cyanotype Daydream -The Girl Who Dreamed the World-,0.17825307371314153,0.3211598407177731,8
1082190,Elroy and the Aliens,0.22711860127648065,0.3210736076829009,8
42200,Nancy Drew Dossier: Resorting to Danger!,0.2793545868789188,0.3209706815075051,5
2859200,Alex Hill: Whispers at White Oak Inn,0.16611267816845582,0.3209539820019231,8
990390,Riddles of the Owls' Kingdom. Magic Wings,0.17707209659919895,0.32077275711606384,8
684270,Silicon Zeroes,0.14219252815471892,0.32074765914874986,12
355490,Stratus: Battle for the Sky,0.13223589946907738,0.32070297180064505,12
1221250,NORCO,0.17266582822244678,0.3205777510289763,0
200020,Global Ops: Commando Libya,0.21286404199755873,0.32052150918854294,11
2673820,silkbulb test Demo,0.17668034391352183,0.32043474748726847,8
1411030,Square Game,0.16702116836409522,0.32034621148643255,13
2932040,2.5 DIMENSIONAL SEDUCTION: Angels on Stage!,0.15445812169129963,0.32034220528786717,10
1182370,Mr. Hopp's Playhouse,0.17198686424857237,0.32012203603447165,12
528460,Rogalia,0.15205617419042852,0.3199645442126649,10
936160,Atelier Rorona ~The Alchemist of Arland~ DX,0.19590145628686711,0.3199530992055496,9
3453570,Supercar Collection Simulator: Prologue,0.15445812169129963,0.3199208231924095,12
2342030,Military Tanks - Tank Games,0.13223589946907738,0.31991087299942034,6
504210,SHENZHEN I/O,0.1401400167354599,0.31963429589010395,4
2413830,Dungeons & Degenerate Gamblers Demo,0.16307824583589722,0.31930979011874494,12
2078510,VIVIDLOPE,0.20177232831612782,0.31917579060050777,1
521560,The Mystery Of Woolley Mountain,0.1422385674572641,0.31913538424284893,3
769420,JuVentures,0.18494460278309077,0.31906217110564783,13
1800940,The Enjenir,0.16741586022581806,0.3190494215887806,8
866510,!Anyway!,0.12116652214076434,0.3190444814743353,13
3218880,The Succession of Changing Kings,0.1633479833795351,0.31893620488741786,9
1288900,Title_Pending,0.1813773349416859,0.31884750642130655,11
2370,Hexen: Deathkings of the Dark Citadel,0.1433470105801885,0.3188474458999669,8
1178830,Bright Memory: Infinite,0.18289234612615485,0.31873433776091126,11
2283200,Eleanor in Miami,0.1671769373520935,0.3187125093149643,10
1570830,Mori Carta,0.19526234015160274,0.3186203597384193,12
1866980,Worlds of Aria,0.18637839860671077,0.3186182624633835,9
228760,TrackMania² Canyon,0.24113491584430652,0.3185986791169717,8
1562860,Distancing,0.15445812169129963,0.31858509967836457,13
568580,GunFleet,0.1433470105801885,0.3185828956354166,8
1865370,The one who pulls out the sword will be crowned king,0.10314697171376,0.31856868389916015,8
346330,BrainBread 2,0.09699053152307527,0.3185513372762901,8
2461430,The Assistant Season 1,0.17198686424857237,0.31849123935848767,8
549080,Tank Warfare: Tunisia 1943,0.20041587097300698,0.3184205391261231,9
793600,Bully Beatdown,0.18363809570911582,0.31841356077731864,8
2371130,Duels of Fortune,0.15445812169129963,0.31831834537086634,8
452230,Spellstone,0.16304558070472466,0.3179674152542928,9
1082430,Before Your Eyes,0.16104364485827455,0.31785989123268943,8
1581800,Slow living with Princess,0.1929166031602661,0.31783982650583503,13
2327780,HAELE 3D - Feet Poses Pro - Drawing References,0.16236402813282433,0.31770407707983417,8
2296100,Chillquarium Demo,0.1866580577560148,0.3176948820651623,13
2497110,Idle Weaponshop,0.16236223895768212,0.3176503838292285,12
1234520,The Escaper,0.20097729884425697,0.3176186483574116,8
387860,the static speaks my name,0.11001367724685517,0.3175644275100894,10
1377150,Operation: Tango - Demo,0.15445812169129963,0.3175361967626308,8
601810,Spark the Electric Jester,0.18171855850970142,0.31735586102442875,8
929320,RHEM II SE: The Cave,0.17668034391352183,0.31726014431266525,8
1495860,What The Dub?!,0.19580139266003677,0.31722378239306903,13
305260,Battle Islands,0.16371471228496645,0.3171250426761731,12
485980,Syrian Warfare,0.19099673002416356,0.3171240687078092,12
2529770,Chromosome Evil 2,0.19087279531401294,0.31708815714779587,9
12560,Ride! Carnival Tycoon,0.1433470105801899,0.31699926809694134,12
618950,Agatha Knife,0.1643146867501108,0.3169815662018499,8
1150090,Learning Factory,0.1133914226099909,0.31694223011283956,12
270170,Depression Quest,0.13223589946907738,0.31678227890185384,10
2894960,Inverted Angel,0.17437361202141202,0.31657810085917487,13
317280,Solstice,0.17278323376963567,0.31648550793548436,13
1358830,Operator,0.15445812169129963,0.3164701675678408,12
215120,ROSE Online,0.1433470105801885,0.3163205439169523,9
1570960,Grey Instinct - Part 1,0.15309775526997832,0.31629292977486956,8
990900,Neon Noodles,0.1614158734868936,0.3162068621364907,12
1200330,Strategic Mind: Blitzkrieg,0.21253534713964436,0.31618978402659037,12
266430,Anarchy Arcade,0.18806820792034093,0.3161489129388349,8
1707900,Delta Particles,0.1531549396339374,0.3161401620493628,8
2103620,Age of Gladiators Reforged,0.19178752626328902,0.3161129738300973,12
1222370,Necromunda: Hired Gun,0.17735262020444306,0.3161046282991959,9
1421250,Tiny Bunny,0.2039940677112824,0.3158353935226025,8
673900,Avem33,0.15445812169129963,0.3156728427253637,8
1603640,The House of Da Vinci 3,0.1658565033074746,0.31560648947894776,1
2643980,Emberward Demo,0.16523828412104596,0.3155170212014574,3
1533680,Dead Grid,0.1633258389400611,0.31548977342090784,11
1057700,Battle Grounds III,0.15445812169129963,0.31520598931733385,8
595740,SAMURAI WARRIORS: Spirit of Sanada,0.17657984146149602,0.31510943901678945,9
1151050,Golf Gang,0.19002983513371738,0.3146817565763553,8
698540,Dungeon Warfare 2,0.18813565168198618,0.3144924512789723,12
709920,Tametsi,0.20586031793133802,0.3144095438409917,13
3078920,Too Tired To Die,0.21029043014256313,0.31437913714523025,9
2131010,The Land Beneath Us,0.207750534513168,0.3143504321086202,1
348950,Ame no Marginal -Rain Marginal-,0.18160831162630917,0.31434665951420915,13
17440,Spore: Creepy & Cute Parts Pack,0.17694114567869915,0.31411342269377873,11
726360,BOOBS SAGA: Prepare To Hentai Edition,0.15721802632874818,0.31407929874338275,1
3029150,Rift of the NecroDancer Demo,0.17668034391352183,0.31395109372141516,9
3058030,WEEB,0.16865057309179074,0.31368335106009804,13
719140,Entanglement,0.13223589946907738,0.31329556439323764,12
3133180,Island Clicker,0.16104364485827455,0.3132163118489143,13
1111390,ROBOTICS;NOTES DaSH,0.21872284085709515,0.3131693463360003,9
3064270,Letters,0.16542627315508765,0.31312333509096646,13
405640,Pony Island,0.17371158167598205,0.3128813000279704,0
2505120,Plant Therapy,0.11802367087783328,0.3124092373269318,12
421630,A Study in Steampunk: Choice by Gaslight,0.1464283508695685,0.3122693701169897,10
2720700,Karos Classic,0.15445812169129963,0.31198070101506636,11
2538910,夏末白夜,0.18494460278309077,0.31192943402027523,10
1148730,Errant Kingdom,0.14976464202635015,0.31135301159318246,8
1039880,Hellsplit: Arena,0.1902857491620402,0.3113384054708679,11
1209330,Sakura Knight,0.14976464202635015,0.3111133634387478,10
3376080,The Leviathan's fantasy,0.1859208874667737,0.3110302049180479,9
2383690,Far Cry 6 Demo,0.13505690639021545,0.31088386210778557,8
618140,Barro,0.1422685421601998,0.31058629201874466,1
1635790,ChessCraft,0.15445812169129963,0.31039701366859995,12
1573590,Colonize,0.17668034391352183,0.3103970136685999,12
2361570,Cronous,0.15445812169129963,0.3098642988986642,11
9310,"Warhammer 40,000: Dawn of War - Winter Assault",0.1433470105801885,0.30975570174756395,3
569720,TUNNEL DIVERS,0.17591365180125104,0.3094067119465364,11
593960,Lorelai,0.21597844693046986,0.30935406342205385,13
589060,"Trapper Knight, Sharpshooter Princess",0.18041680243713934,0.3092970981752856,9
486380,Shigatari,0.1684195964071675,0.3092468197816713,10
447780,LostWinds,0.17136436540734262,0.30918277670382166,1
476650,The Silver Case,0.1863727204501217,0.30908561796951345,11
1794490,Spy Rumble,0.14154907515741771,0.30888719443062296,8
327900,LogicBots Demo,0.17153400248602546,0.30888009384982845,12
671210,FINAL FANTASY XV WINDOWS EDITION PLAYABLE DEMO,0.17668034391352183,0.30856971851538034,10
3500070,PianoGlow Demo,0.17263598597822438,0.30855549960866246,8
2291020,ANONYMOUS;CODE,0.2095721110550553,0.30850277759572364,9
2571520,Solium Infernum Demo,0.2236401278168163,0.3080688756056447,1
1270100,Bingfa：Warring States,0.21505038127930703,0.3079695021068635,12
315840,Catacomb Kids,0.13223589946907738,0.3079657617060094,11
1080060,Axan Ships - Low Poly,0.15445812169129963,0.30773633478885576,8
2179170,A Tower Full of Cats,0.13949511674098547,0.3077220607341993,8
1778330,Succubus Girl,0.15958891719122284,0.30763966484150884,8
1471410,SYNTHETIK 2,0.17668034391352183,0.30747178452430546,8
2609060,Multi Turret Academy Demo,0.17668034391352183,0.30747178452430546,8
1492230,Zaacar,0.17668034391352183,0.30747178452430546,8
508900,Zup! X,0.1633258389400611,0.307406252438401,13
1235110,Rising Star 2,0.13223416053680292,0.3073006515319899,10
2384600,Monster College,0.1432040509328654,0.30728693135806645,8
2718010,Slash Quest,0.1869553782854588,0.3072620240267311,8
1029860,Amber's Airline - 7 Wonders,0.17875507662203477,0.30724108511262854,3
734580,BattleRush,0.1193268529351955,0.3067707923142208,8
1273260,Corpse Party (2021),0.17441931059398239,0.3067440962514897,9
464400,Bounce,0.19002983513371738,0.30668901851916336,8
485670,Mini Golf Arena,0.14976464202635015,0.30649769741013305,12
2587450,Tank Team,0.1007491935591514,0.3064953090346681,8
1293230,House of Detention,0.08913841241148092,0.3064237416376575,11
2639810,Rumble Club,0.13223589946907738,0.3063498581973496,5
2678070,Phoenix 2,0.15445812169129963,0.3062933333458543,8
312840,Fahrenheit: Indigo Prophecy Remastered,0.15819458021491714,0.30628363907506434,10
2844770,Border Pioneer Demo,0.18147229633940953,0.30591765668681165,3
491790,Project Syria,0.15445812169129963,0.3058881569858302,12
259060,Dominions 4,0.13223589946907738,0.3058881569858302,12
1550510,Creepy Tale 2,0.14558539068927298,0.305888025069009,13
1262890,Tidal Shock,0.12471352878945184,0.30580890996439547,8
3289090,Ghost Master: Resurrection,0.20888027997823702,0.30564135976174633,12
1759440,Babble Royale,0.17357917043781454,0.30545613136349,8
6030,STAR WARS™ Jedi Knight II: Jedi Outcast™,0.16171552664142513,0.3054005847635522,0
2328740,LustyVerse: Passion on Display,0.11013260453542555,0.3053868915910993,10
2341070,The Banished Vault,0.1893991595743157,0.3051024298065162,12
1604000,Milk outside a bag of milk outside a bag of milk,0.13716386718186474,0.3048228499903996,13
1348390,I am an Air Traffic Controller 4,0.15659492656110066,0.30481146504814166,9
1717170,Gentlemen's Club,0.1952483717470403,0.3047341743778286,12
2012670,Maiden Cops,0.1873498888328331,0.30467704550575775,8
1161490,MotoGP™20,0.19337454097165777,0.30465925303473007,9
1354760,Room No. 9,0.17668034391352183,0.3042993853926502,13
821670,Horse Farm,0.1906418186293897,0.30409083569064604,12
1625720,The Dream Libra had,0.12586368410153387,0.30394799629864616,10
3062030,Idle Kitties Online,0.1661875817650627,0.3039345329546555,13
1391200,Pixel With Your Friends,0.15234574385995972,0.303919026154667,1
3643400,Hive Blight Demo,0.17668034391352183,0.3038866814830899,9
2984660,He is Coming Demo,0.17668034391352183,0.3038866814830899,9
3306030,Fruit Stand Fortune,0.16236223895768212,0.30357762191197646,13
638110,Desert Bus VR,0.17707209659919895,0.30346881382900515,12
1728870,Disciples: Liberation Demo,0.19376905151903207,0.30336044095635667,9
1739000,Franchise Hockey Manager 8,0.14110365695441912,0.30324148596592865,12
438640,LEGO® STAR WARS™: The Force Awakens,0.1142196121700882,0.30287237467656253,1
233740,Organ Trail: Director's Cut,0.14279235071841317,0.30286728158448667,1
391820,Evolution,0.13262765215475453,0.30279541315560443,12
3457180,Monster Care Simulator Demo,0.1850955428658692,0.30273690085237276,12
407190,Club Manager 2016,0.16741586022581806,0.30272154233324794,12
355680,Overland,0.2358582555485431,0.30246463589018563,1
609920,Hotshot Racing,0.17764335070846124,0.3024599316361394,1
523970,Atomic Butcher: Homo Metabolicus,0.13393956724516165,0.3023055914440859,8
32770,Joint Operations: Combined Arms,0.17668034391352183,0.3021923412267066,11
248370,Bridge It (plus),0.17668034391352183,0.30218445328212645,12
780490,Stygian: Reign of the Old Ones Demo,0.1531871324273963,0.3020512576845255,8
263540,Villagers and Heroes,0.17707209659919895,0.30186222950053354,10
527450,Cockroach Simulator,0.1432040509328654,0.30175954361219165,12
1283980,Retro Ride,0.17668034391352183,0.30166318088961486,8
2130460,FATAL FRAME / PROJECT ZERO: Mask of the Lunar Eclipse,0.20578589759160326,0.30158655882966107,9
792200,Dynast.io,0.13223589946907738,0.3011456423539208,11
2967500,The Ransom of Atawallpa,0.18806820792034093,0.3009956853851001,13
3485050,Kinky Cats Demo,0.19282815905708484,0.300843568077037,10
2147950,4D Golf,0.16134145314715886,0.30071817099279324,8
24430,King Arthur - The Role-playing Wargame Demo,0.1642321740349169,0.30070330774608384,9
3040560,Elite Exorcist Miko,0.20369477813799017,0.3003317879115229,1
574740,Fausts Alptraum,0.14519363800359583,0.30016888691877225,8
1407870,Infinity Coloring Pixel,0.17668034391352183,0.30002588111914597,13
2353340,KAMITSUBAKI CITY REGENERATE,0.17668034391352183,0.30002588111914597,13
3399430,18岁清纯少萝,0.17668034391352183,0.30002588111914597,13
480640,Pathfinder Adventures,0.15435761923927382,0.30000976295239085,9
1930,Two Worlds: Epic Edition,0.1703299532630859,0.2996629049275841,11
1768280,Ozymandias,0.14856439887230402,0.29965699054737804,9
2150330,Rush Rally 3 Demo,0.20586031793133802,0.2995516976552392,12
3029820,Ai Vpet,0.18494460278309077,0.2994621933623455,12
2010530,MONSTER CARDS,0.15445812169129963,0.2993329734443179,8
1151130,Dark Chess,0.1401400167354599,0.2993066136844858,12
1265570,Death Match Love Comedy!,0.21505038127930703,0.29899279529393485,9
33980,Pound of Ground,0.21505038127930703,0.29876180933906715,8
338000,Echoes+,0.16956530404106682,0.29874389435472504,8
37210,Chocolatier: Decadence by Design,0.15445812169129963,0.2984807495784228,12
3592000,激情麻将,0.15445812169129963,0.2984807495784228,12
718030,Kyklos Code,0.14519363800359583,0.29841450095385996,8
1753490,大城主战略版,0.15445812169129963,0.29840092591910394,3
3535220,石頭物語,0.15445812169129963,0.29840092591910394,3
724030,Buffy Stole Your Sandwich,0.18764849537730985,0.2983999120515684,8
2098090,Lost Lands: Sand Captivity,0.18961002447770478,0.29837411422766363,3
1275640,Coloring Game 3,0.12885735410766036,0.2982218606585236,3
271500,Sniper Art of Victory,0.17668034391352183,0.2982125252650462,8
570580,Zork Anthology,0.17668034391352183,0.2982125252650462,8
295430,Call of Duty: Ghosts - Bling Personalization Pack,0.17668034391352183,0.2982125252650462,8
383140,Glorkian Warrior OST & Supporter Pack,0.17668034391352183,0.2982125252650462,8
1007090,The Burton Equation,0.15445812169129963,0.2982125252650462,8
454140,First Person Tennis - The Real Tennis Simulator,0.17668034391352183,0.29821252526504616,8
2324940,AESIR Online,0.11001367724685517,0.2982104871035174,10
2420170,Warlords Battlecry: The Protectors of Etheria,0.1893991595743157,0.29783526326532256,9
2957110,Fantasy Online 2,0.14110361701051646,0.2977534073809887,11
2765860,Slipstream: Rogue Space,0.13223589946907738,0.29769860097018724,12
2292370,PlayM2M,0.1866580577560148,0.2975827091777636,9
1516750,Alien Marauder,0.20917760050768103,0.2974887654542002,12
775900,MotoGP™18,0.20263902465936154,0.29722652362880314,9
314330,DROD: Gunthro and the Epic Blunder,0.07856267294591679,0.2972183074653892,3
965010,Trinoline,0.19253035076820052,0.29694172606348573,13
218090,Unity of Command,0.15792685992054598,0.2969007838284483,0
1083760,Knights of the Chalice,0.1635277462084875,0.29677790418527983,10
1374990,PAW Patrol Mighty Pups  Save Adventure Bay,0.21802361488225896,0.296714470447916,8
1664200,Duelists of Eden,0.15915511271946367,0.2966252841990843,11
41510,Torchlight Demo,0.1992919127407457,0.2965715295847215,9
1532650,fishy,0.11001367724685517,0.2963606734131944,8
1450150,Durka Simulator,0.1644358355337926,0.29625480845117563,13
1709050,Nitro Kid,0.17739357406831102,0.2961410018940748,12
2059530,Dawn of Defiance,0.15032443350351904,0.2960668658049113,1
298560,Captain Forever Remix,0.1647331560632366,0.2960191606099546,8
2900,688(I) Hunter/Killer,0.17668034391352183,0.29601161377595364,12
669310,Brave Path,0.13223589946907738,0.29587130581696774,10
435130,Ground Breakers Demo,0.1432040509328654,0.2958505789039319,12
2609610,CONVRGENCE,0.17533871978503926,0.2957823165794874,1
2143170,Derp Souls,0.17707209659919895,0.29565198416920396,8
1890650,Citywars Tower Defense,0.11001367724685517,0.2956231481413261,3
2138700,Crypt,0.16702116836409522,0.29552364408101367,8
1392820,Milk inside a bag of milk inside a bag of milk,0.12665992432911355,0.295456363990527,8
1484730,Papa's Quiz,0.1401400167354599,0.2954560334511352,8
445720,Battle Islands: Commanders,0.15445812169129963,0.29545479797297597,3
9180,Commander Keen Complete Pack,0.17668034391352183,0.29543474748726845,8
1636310,Portal: Forbidden Testing Tracks,0.13223589946907738,0.29543474748726845,8
1567860,Femboy Bangers,0.17668034391352183,0.29543474748726845,8
2214170,Wyoming Winter,0.1568558998459082,0.29536233737988865,8
2235150,Brain Show,0.13223589946907738,0.29531397454040853,8
1224690,Avaria: Chains of Lust,0.1975993840783818,0.29513081126191365,10
739970,Kaiju Big Battel: Fighto Fantasy Demo,0.18041680243713934,0.29511796126321677,10
3546740,Champions Tactics Reforged,0.18806820792034093,0.29508475325124756,11
1503790,Nordicandia,0.13223589946907738,0.2950494840838494,11
722060,Dominions 5,0.13223589946907738,0.2949949107984664,12
3334550,Cursed Digicam | 呪われたデジカメ,0.18458446117990432,0.29480680438744744,3
2616450,Populous™ II: Trials of the Olympian Gods,0.17668034391352183,0.2946274222238306,9
2027770,Spikair Volleyball Demo,0.17668034391352183,0.294523997795584,12
38170,Cradle of Rome,0.17668034391352183,0.2944335941071724,5
624070,Dragon Wars,0.13223589946907738,0.2944283043739663,10
461560,Mandagon,0.12941586228767796,0.29429199723154387,13
32630,Delta Force 2,0.17668034391352183,0.29417212122464215,8
2092660,Magnet Block,0.17668034391352183,0.29417212122464215,8
797400,Railroad Corporation,0.1322000517228942,0.2941144500202614,12
2313250,Cats Hidden in Paris,0.1324039494411465,0.2939397542249769,8
1315020,Adrorium Demo,0.13223589946907738,0.2938511199487932,12
1732050,Love Season,0.1257637044833565,0.293842673511815,8
2901520,Альтушка для скуфа,0.14089466888602065,0.29375426199844046,8
2515070,あくありうむ。,0.19253035076820052,0.29368473937328665,9
1386780,City of Gangsters,0.13475250354410734,0.29362633195813787,12
758500,Loot Box Quest,0.19929431882142118,0.2932716036317949,12
1828690,Security Booth: Director's Cut,0.1975993840783818,0.29306262609567585,12
402210,Airport Madness: Time Machine,0.16865057309179074,0.29301408307372173,9
1132190,Coloring Game: Little City,0.12458190705893582,0.2928942265259031,3
3380,Dynomite! Deluxe,0.17668034391352183,0.2925817422553206,5
3360,Big Money! Deluxe,0.17668034391352183,0.2925817422553206,5
928390,R-Type Dimensions EX,0.19420908647079457,0.2922518835211762,5
1669870,大亨传奇,0.15445812169129963,0.29224293281429026,12
540230,Civil War: 1861,0.20740035771117704,0.29220754805160426,12
1393320,Keyword: A Spider's Thread,0.18764849537730985,0.2921950058466622,8
2308630,Dawnfolk,0.11912015967266598,0.2921800508532492,3
699850,Medieval Battle: Europe,0.18036885246126175,0.29212571097892676,12
2752040,PlayStatus,0.17668034391352183,0.29203968575887335,8
1110100,Power Rangers: Battle for the Grid,0.17657975222231376,0.2918624694685463,9
1053390,Kowloon High-School Chronicle: ORIGIN OF ADVENTURE,0.21597844693046986,0.29180089175706664,9
2176900,Fablecraft,0.129679224673929,0.2914791318482107,11
2756380,Dead-End City Blues OD Edition,0.19087279531401294,0.29144687088995097,12
839450,7'scarlet,0.2116213817965379,0.29129987975411886,8
2478020,Ray’z Arcade Chronology,0.21872284085709515,0.2912749712861538,11
2224640,Artisan TD,0.21505038127930703,0.29107709633719625,12
785940,Strategic Command Classic: Global Conflict,0.17668034391352183,0.29107334217101544,12
440030,Star Realms - Gambit Set,0.17668034391352183,0.29107334217101544,12
355640,FSX: Steam Edition - Piper PA-36 Pawnee Brave 375 Add-On,0.17668034391352183,0.29107334217101544,12
275170,Railroad X : US Diesel Locomotives - Set 2,0.17668034391352183,0.29107334217101544,12
25810,Europa Universalis III: Western - Anno Domini 1400,0.17668034391352183,0.29107334217101544,12
328310,Logistics Company,0.17668034391352183,0.29107334217101544,12
1025550,Great Battles of the American Civil War,0.17668034391352183,0.29107334217101544,12
2737980,Mashiroiro Symphony HD -Sana Edition-,0.17668034391352183,0.29107187216513697,13
949800,Skyland: Heart of the Mountain,0.14993720239523958,0.29102752868981724,1
754530,IL-2 Sturmovik: Cliffs of Dover Blitz,0.16781037077319236,0.2909729797630242,9
387930,The Tape,0.18171855850970142,0.29090083456940224,8
876290,Let's Split Up (A Visual Novel),0.17668034391352183,0.2908051178576388,8
1038440,Mortadelo y Filemón: El sulfato atómico,0.17668034391352183,0.2908051178576388,8
893460,NightmareBullet,0.17668034391352183,0.2908051178576388,8
645280,MYSTIC VR,0.17668034391352183,0.2908051178576388,8
460430,The Letter,0.11001142135674151,0.29075878907306013,11
2940890,Carrion Fields,0.11001367724685517,0.29064254764703307,10
434030,Aerofly FS 2 Flight Simulator,0.09008345474453927,0.2906058275944912,12
502150,Interstellar Logistics Inc,0.1680775800009269,0.2905060013129875,13
10100,King's Quest Collection,0.17668034391352183,0.29041049650376133,13
494740,Police Quest Collection,0.17668034391352183,0.29041049650376133,13
491470,PRINCIPIA: Master of Science,0.15445812169129963,0.2902897235569014,13
1799850,Transformation Tycoon,0.15445812169129963,0.29018075548454664,13
738510,Memories Off -Innocent Fille-,0.2087591311945552,0.290095622668222,9
1883000,HEART of CROWN Online,0.17008469190894887,0.2899214563484687,1
313730,Sunrider: Mask of Arcadius,0.11001367724685517,0.2899027789371443,11
1955960,HAWKED,0.18637839860671077,0.2898674321314465,11
1937570,Horse Club Adventures 2: Hazelwood Stories,0.21400974848551124,0.2895963740440461,9
385960,Russian Front,0.21802361488225896,0.28959500699367974,12
37980,Jewel Quest 3,0.17668034391352183,0.2891425888161671,5
2738600,Subside Demo,0.21597844693046986,0.289027206602005,12
885150,Capcom Beat 'Em Up Bundle,0.19253035076820052,0.2886989843875316,9
296570,Lords of Xulima,0.24032898233165154,0.2886409230879979,9
1347550,Tiny Combat Arena,0.16236402813282433,0.28860623533186797,12
1374930,Black Geyser: Couriers of Darkness,0.1644358355337926,0.28852930454233744,10
1149940,Lock 'n Load Tactical Digital: Core Game,0.09894433103833782,0.288522205509656,12
2995310,The Rise of the Golden Idol Demo,0.17687214629943182,0.2884700135793944,8
1843940,Brigandine The Legend of Runersia,0.21872284085709515,0.28843746662939995,9
1418360,Lonesome Village,0.1448693055568834,0.2883995376059247,8
1681870,Cobra Kai 2: Dojos Rising,0.18494460278309077,0.2882584324386057,8
3118290,Capybara,0.09704804561829979,0.2882492264234278,8
1973970,雀皇麻雀,0.15445812169129963,0.28817479144637764,12
2676820,无畏舰队：炮火战争,0.15445812169129963,0.28817479144637764,12
3405660,Night is Coming — Wrath of the Woods,0.15445812169129963,0.28817479144637764,12
847110,Stay Safe Demo,0.20102594645485936,0.28807184360702787,11
37240,Diner Dash: Hometown Hero,0.15445812169129963,0.2878987389964122,12
1743080,Night Cascades,0.16095875270463506,0.28769352427903416,1
1532200,Mars First Logistics,0.18326586708049675,0.2875568609296591,8
983800,Sakura no Mori † Dreamers 2 Trial Version,0.19929431882142118,0.287387450912211,9
1766720,Outlanders,0.13482791349701506,0.28736998245788087,12
2654680,Khuga Bash!,0.1480859063237561,0.28735488524084535,8
3530,Amazing Adventures Around the World,0.17668034391352183,0.28729073696431523,5
1069690,Rogue Lords,0.18829941924700716,0.28708871118922696,9
1804720,Gates of Troy,0.17668034391352183,0.28703293813061137,12
2332240,Beyond Shadowgate,0.20671396324276609,0.2866784677096119,13
1441570,Cubiscape 2,0.18695537828545877,0.28643118615573565,12
505070,Secrets of Me,0.17474251836448287,0.2864289549591253,9
1609230,Scarlet Hollow,0.11134475768372626,0.2858955408085984,10
915330,Hentai Block Breaker,0.19087279531401294,0.28574581031246515,8
410120,AGON - The Mysterious Codex (Trilogy),0.18924339058631742,0.2857237821072386,8
3022640,Loud Run,0.18041680243713934,0.28562830408197715,8
1715750,Craterbound,0.17707209659919895,0.28558757193087864,8
1605290,Paint By Numbers,0.11733701948818197,0.28556964296707904,8
1454970,New Tales from the Borderlands,0.20578589759160326,0.28556123115008175,11
32120,Chainz 2: Relinked,0.17668034391352183,0.28551411256663345,8
234350,Luxor 2 HD,0.17668034391352183,0.28551411256663345,8
898340,Puzzles and Board Games Mega Collection,0.17668034391352183,0.28551411256663345,8
1023690,Nurse Love Syndrome,0.18663697259916334,0.2854148235417245,13
3116360,SAVE Teaser: Before the Dawn,0.16090256819760396,0.28536857673943067,8
3445580,Ambidextro,0.16099820875914259,0.28525985383800156,11
2214500,X Invader: Prologue,0.15445812169129963,0.2852495623020832,8
2064150,Welcome to Chornobayivka VR,0.15445812169129963,0.2852495623020832,8
1981250,Date Ariane Remastered,0.1647905114572743,0.2852151357851081,8
2479320,Pesticide Not Required,0.1635277462084875,0.2852136374325603,8
38120,Farm Frenzy,0.17668034391352183,0.2851743348479131,5
2653940,Star Trek: Resurgence,0.1948315993949628,0.2850015169602899,1
3384870,Mutant College Demo,0.15819458021491714,0.2849719922342012,8
2739630,of the Devil,0.16143815540564882,0.28497188240868576,8
261110,Killer is Dead,0.20586031793133802,0.28494847513831983,8
2178990,Sodaman,0.17441931059398239,0.2847543551265523,8
1298140,Fobia - St. Dinfna Hotel,0.21678717396804542,0.28465544665469195,8
458030,StarFringe: Adversus,0.2184420841953848,0.28457479237946953,2
1221230,Derange,0.1975993840783818,0.28452012225513823,8
431600,Automobilista,0.1867267119489549,0.2844509037868468,9
1400860,Against the Storm Demo,0.16084467378828987,0.2844493024265563,9
1671410,Somerville,0.19253035076820052,0.2843245822105423,8
518030,Aim Hero,0.17668034391352183,0.28432363637615726,8
365560,Battle of the Bulge,0.2184420841953848,0.2843067955173126,12
343370,SLAMMED!,0.12977176709272054,0.2841337274672015,10
947600,Eroico,0.17668034391352183,0.28407111112363204,8
1481080,DRAMAtical Murder,0.20426993967956167,0.2840139206142708,13
2138150,My Stepsis is a Furry Futa Fox,0.17668034391352183,0.28383154913534026,13
2772670,I made a FEMBOY SQUIRT!,0.17668034391352183,0.28383154913534026,13
3290170,Treasure 'n Trio Demo,0.17668034391352183,0.28383154913534026,13
946880,World of Football,0.15958891719122284,0.28371257826429785,12
34640,Massive Assault: Phantom Renaissance,0.17668034391352183,0.28366593476360796,12
377520,Pike and Shot: Campaigns,0.17668034391352183,0.28366593476360796,12
1111370,A Summer's End - Hong Kong 1986,0.12336592632874792,0.2836602102635745,8
714080,BLACK CLOVER: QUARTET KNIGHTS,0.17526331462170516,0.2836589712743454,9
615770,Nancy Drew: Message in a Haunted Mansion,0.17668034391352183,0.2835216177697188,0
2989980,三國幻想戰記,0.15445812169129963,0.28328113437880753,12
1711400,排球入门指南,0.17668034391352183,0.283061010113531,8
1892370,Riding to Bounce City,0.16799292090797796,0.2827712805858698,13
2937910,Don't Disturb Your STEPMOM,0.18312479041982616,0.2825217532528837,12
628040,Romance of the Three Kingdoms VIII with Power Up Kit,0.17668034391352183,0.28250621010261845,9
746420,Broken Minds,0.16347275638327152,0.2824041961281978,8
1450120,The Legend of Heroes: Sen no Kiseki I KAI -Thors Military Academy 1204-,0.1798841535190118,0.2822860851299831,10
1639080,Sandwalkers,0.15915511271946367,0.2821924128758615,9
1680700,Purgo box,0.13204104029856148,0.2820967098024707,8
868550,What do you hear?? Yanny vs Laurel,0.21505038127930703,0.2820951426724005,8
253880,Earth 2150 Trilogy,0.2184070012291396,0.28209511141346316,9
3113870,Hockey Legacy Manager 25,0.17668034391352183,0.28207716317042797,13
628100,NOBUNAGA’S AMBITION: Shouseiroku with Power Up Kit,0.17668034391352183,0.28206703575040065,9
521660,NOBUNAGA'S AMBITION: Zenkokuban,0.17668034391352183,0.28206703575040065,9
521670,Romance of the Three Kingdoms,0.17668034391352183,0.28206703575040065,9
1882140,Decisive Campaigns: Ardennes Offensive,0.17668034391352183,0.28171661702481654,12
113420,Fallen Earth Classic,0.2576749200350653,0.281652579760074,9
2503710,Only One Way Up,0.17784820270366652,0.28157016596769513,8
552270,Primitive Road,0.17668034391352183,0.2815458585983795,8
453670,The Lost Souls,0.1669680897124515,0.2814662366829308,1
1398390,SPACE / MECH / PILOT,0.17476812256878632,0.2812170362930661,9
294810,BlazBlue: Continuum Shift Extend,0.19337454097165777,0.28111427948975654,9
873190,ЕСТЬ ДВА СТУЛА,0.1975993840783818,0.2810376140706638,12
2525880,Sanguo's Ambition 4 :Three Kingdoms,0.1952483717470403,0.28060551543091333,9
1273710,King of Crabs,0.1480198280175065,0.2805411993241351,8
555950,Danganronpa Another Episode: Ultra Despair Girls,0.19755685549623725,0.2804017147257417,1
2693710,HARDCODED,0.13223589946907738,0.28022531131857614,13
3253830,坦克竞技场：全面行动,0.14558814855097013,0.28012641891646334,9
1018160,MXGP 2019 - The Official Motocross Videogame,0.19376905151903207,0.2799918342544166,9
1280,Darkest Hour: Europe '44-'45,0.11001367724685517,0.2799622310599043,12
501990,Phantasmagoria,0.17668034391352183,0.2799118716702749,8
346830,FINAL FANTASY IV: THE AFTER YEARS,0.20263902465936154,0.2799105063127858,9
1077320,"Sarah, you are way too heavy ",0.17784820270366652,0.2797183141158433,8
2520870,Love In The Dark,0.15445812169129963,0.2794409586673926,8
1420290,No More Heroes,0.20740035771117704,0.27909673554199294,5
2348170,Kuroinu Redux,0.17668034391352183,0.2790468601401249,13
1973580,Once a Porn a Time,0.17668034391352183,0.2790468601401249,13
1986840,POPGOES Arcade,0.19337454097165777,0.278991312728112,10
690630,Light Fantastik,0.2116213817965379,0.27895420074177313,8
2301370,Fantasy World Souls,0.15445812169129963,0.2785552885009503,10
702120,THE KING OF FIGHTERS '97 GLOBAL MATCH,0.19500545599185787,0.27849521493250956,11
783130,HELLO LADY! Trial Version,0.1664895574549256,0.27849138458390876,1
836770,Art of Murder - Cards of Destiny,0.17668034391352183,0.2784594388452931,8
832540,Art of Murder - Hunt for the Puppeteer,0.17668034391352183,0.2784594388452931,8
2213190,DEATH NOTE Killer Within,0.15689000850973583,0.27837621476973406,12
207790,Jane's Advanced Strike Fighters,0.17668034391352183,0.2783749294726027,12
539290,Brick Breaker,0.20242603589658942,0.2783073697141742,1
3229480,Relentless Expanse,0.1945649517458232,0.27818536830729923,12
539270,Mahjong,0.18589847349942532,0.27816894105177653,1
1272030,Premier Manager 05/06,0.17668034391352183,0.27774468900773625,8
1189100,Rise Of The White Sun,0.1591016683725178,0.27772795601689054,9
1011590,Night is Coming,0.18421406879015,0.27759889525595144,12
609940,KROSMAGA,0.1684195964071675,0.2773592339590443,12
1895350,I Wani Hug that Gator!,0.1301594479153665,0.2772242280824101,8
3383700,Cards!,0.14130552398626525,0.2771328293517522,8
876650,Aground,0.11097456918096545,0.27707242323880377,10
3582710,Mall Simulator 2025 Demo,0.17668034391352183,0.27693192802960126,12
285480,The Entente Gold,0.1669680897124515,0.27682622879958985,12
1366810,AccrO,0.1669680897124515,0.27682622879958985,12
2198800,CRUMB,0.17668034391352183,0.2762585273562006,12
2447420,A-Train9 TRAIN CONSTRUCTION,0.19253035076820052,0.2761800348242423,12
746710,Cypher,0.1860938303753482,0.27615515284525455,8
282050,MX vs. ATV Supercross Encore,0.17531127717635733,0.27615219557350373,9
1183510,Little Town Hero,0.2116213817965379,0.27611952722592886,9
2844850,FANTASIAN Neo Dimension,0.2174705939692625,0.2760966587481436,9
1102340,Funbag Fantasy 2,0.1945299550742389,0.2759952328235277,9
923500,Metanormal Demo,0.15445812169129963,0.275990303042824,8
1252000,GOAL! The Club Manager,0.16781037077319236,0.275773364563409,9
338810,Demise of Nations,0.15517135184608882,0.27561086824528713,12
689980,Car Trader Simulator,0.160216766569093,0.27552943818970727,12
889600,The Caligula Effect: Overdose,0.17618334838043664,0.27547354714714123,9
1730700,We Love Katamari REROLL+ Royal Reverie,0.20945835716939137,0.2753037925325016,8
756360,Linch,0.17668034391352183,0.2751245021770231,8
1106140,The Drift Challenge,0.17668034391352183,0.2751245021770231,8
726110,Overcrowd: A Commute 'Em Up,0.20102594645485936,0.2748926069768313,12
1694600,THE HOUSE OF THE DEAD: Remake,0.21505038127930703,0.2747568441640239,8
1659600,Teenage Mutant Ninja Turtles: The Cowabunga Collection,0.19590145628686711,0.27457970756732347,11
42850,Arsenal of Democracy,0.17668034391352183,0.2744066755043487,12
1957330,VTuber Plus,0.17668034391352183,0.2744030014555224,8
1183470,Imperiums: Greek Wars,0.14324047412515464,0.2743920120340106,9
345220,Agent Awesome,0.19456495174582322,0.27432825662317906,12
1118840,My Name is You and it's the only unusual thing in my life,0.1975993840783818,0.27428735984846286,8
3136420,King Of The Pirates,0.15445812169129963,0.27419457671275466,3
1744330,No More Heroes 3,0.20097729884425697,0.274003995336215,8
1157740,Iron Meat,0.20945835716939137,0.2738607910895001,8
2415240,Leaving DNA,0.17427839641265075,0.27379056770635174,8
926520,Love Letter,0.15445812169129963,0.27378939155373144,12
498240,Batman - The Telltale Series,0.2087591311945552,0.2737803230006066,8
1142100,WWE 2K BATTLEGROUNDS,0.18663697259916334,0.27377170412800994,11
2337630,AFL 23,0.21505038127930703,0.27374027004140955,9
1040460,Space Scavenger,0.2184420841953848,0.2737267150045839,8
2610690,少侠的江湖,0.17668034391352183,0.27364908359474543,10
1031920,Симулятор Сидения у Подъезда,0.16897822956333705,0.27363160757998,8
1177000,TRANSFORMERS: BATTLEGROUNDS,0.19446629765566587,0.27355887925961575,9
2637070,Crawling Lab,0.20740035771117704,0.27352966433485315,8
823230,Abrissprofi Online,0.2128640408516119,0.27318388406804817,9
115300,Call of Duty®: Modern Warfare® 3 (2011),0.15647902023931526,0.27315086336790245,8
1279380,STRIKERS 1945 II,0.2184420841953848,0.27292156202551787,8
1155330,Showgunners,0.29425801611520014,0.27290602667844116,4
820040,Picross Fairytale: Legend of the Mermaid,0.20691581183360824,0.2725646094445513,13
2128140,DeerHunterFan.com TV - The Season,0.16781037077319236,0.2724544612445057,9
831660,Monobeno-HAPPY END-,0.17137141284581628,0.27237350230760987,1
3038820,戦国ブシドー〜大野望の巻〜,0.15445812169129963,0.2723017755733618,12
540360,Jewel Quest Seven Seas Collector's Edition,0.15445812169129963,0.2722113718849502,5
1348180,来自边境 - From Frontier,0.17668034391352183,0.272206082151744,10
1189230,Door in the Woods,0.17668034391352183,0.272206082151744,10
1732060,Makai Kingdom: Reclaimed and Rebound,0.19853038457084757,0.27219288752320897,9
1026420,WARSAW,0.19178752626328902,0.27198741684744737,10
438920,Legends of Callasia,0.2039940677112824,0.2719370295026135,3
734730,Ancient Frontier: Steel Shadows,0.1695579069878941,0.2717221831725159,3
654550,Football Game,0.19002983513371738,0.27164079082177467,13
2795270,Everlasting Flowers,0.20001030683790752,0.2714535192422098,9
598880,Domiverse,0.14293260468405639,0.2713353159527799,11
825730,Tzar: The Burden of the Crown,0.17668034391352183,0.2713202557512623,12
827050,Rising Kingdoms,0.17668034391352183,0.2713202557512623,12
1373510,BloodRayne: Terminal Cut,0.18095621505090498,0.2713091157972854,1
1099530,Hentai exotica,0.19420908647079457,0.27113708716673157,8
367120,Seduce Me the Otome,0.13847310867851512,0.2711083662700402,8
2303740,Virtual Families 3,0.15445812169129963,0.2709660520593169,13
2865530,FRONT MISSION 2: Remake Demo,0.19804243519223683,0.2707209157409253,1
671610,Warfork,0.1007491935591514,0.2705762569793122,11
2293900,ASURA,0.15445812169129963,0.27053553048119233,10
1379130,League of Angels-Heaven's Fury,0.15445812169129963,0.2703849979814063,9
632350,Cyberdimension Neptunia: 4 Goddesses Online,0.1705019815698897,0.26989118274987145,9
70660,Worms Pinball,0.16925766836543774,0.2698752678159136,1
1341050,BALAN WONDERWORLD,0.19813587402347327,0.2698131979323787,6
770070,Swords and Sandals 5 Redux,0.14197974901381272,0.26971721830747836,10
255940,The 11th Hour,0.15445812169129963,0.26937875047201526,13
3464570,Я беременная в 16,0.13755837772923904,0.2690051496397742,10
1033860,Art of Horology,0.15445812169129963,0.2688511199487932,12
3207400,Silent Still,0.17668034391352183,0.2688511199487931,12
2827610,RUMBLE BLAZING,0.17668034391352183,0.26880076055916385,8
684430,JU,0.16542627315508765,0.26877028242193873,8
2083070,Soulstone Survivors Demo,0.09105013622395981,0.26875424258672925,11
1344740,FOOTSIES,0.1401400167354599,0.26872495454614315,8
805610,Gulman 5,0.18312479041982616,0.26870191007276406,8
1454160,One More Island,0.16970639707116583,0.2686859550749228,12
448530,Square's Route,0.15445812169129963,0.2685828956354166,8
397420,Hoyle Official Card Games Collection,0.15445812169129963,0.2685828956354166,8
1069360,Plasticity,0.15445812169129963,0.2685828956354166,8
885590,Time,0.15445812169129963,0.2685828956354166,8
37380,Valerie Porter,0.15445812169129963,0.2685828956354166,8
325470,1953: NATO vs Warsaw Pact,0.18764849537730985,0.2685579625845236,12
1552810,Twin Mirror,0.21327926780440287,0.2680493532417068,9
1831980,Idle Superpowers,0.17668034391352183,0.2680468426983869,10
2062690,Tour de France 2023,0.20942094106078643,0.2680464644010363,12
231060,Ragnarok Online 2,0.17668034391352183,0.2677601067944721,11
224760,FEZ,0.1437384659076709,0.26759806794288915,0
1730910,英雄道,0.15445812169129963,0.2675759296955046,10
322850,Pro Cycling Manager 2015,0.20740035771117704,0.2674904919673794,12
844900,Director of Football,0.17668034391352183,0.26726381836149155,12
458770,WRC 6,0.269766155422945,0.2671835954993675,9
966320,Later Alligator,0.1531549396339374,0.26717194641500097,13
354160,WRC 5,0.23945761621726477,0.26716206017191524,11
2022270,Bakso Simulator,0.14447755287120623,0.26701775693335816,8
496760,Gabriel Knight 2: The Beast Within,0.17668034391352183,0.26683997624543837,8
6810,Commandos: Beyond the Call of Duty,0.17668034391352183,0.26683997624543837,8
2808830,League of Masters: Auto Chess,0.15445812169129963,0.26679867149076253,3
1449200,AI: THE SOMNIUM FILES - nirvanA Initiative,0.18831392692190863,0.266634508196645,9
1268310,Love and Sex: Second Base Demo,0.10890082567552328,0.266598849635507,8
1512710,阿貓阿狗,0.17668034391352183,0.2665944098734051,10
605230,Grey Hack,0.1432040509328654,0.26611544102424883,13
582980,Castle of Shikigami,0.15801957349324972,0.26609139611632093,8
1803550,MegaFactory Titan,0.13223589946907738,0.2659525692241555,12
2898460,Liftlands Demo,0.17668034391352183,0.26595256922415544,12
363060,Let's Explore The Farm (Junior Field Trips),0.13223589946907738,0.26541049650376136,13
2297010,Combat Mission: Battle for Normandy,0.16072433115586882,0.26511054565584163,9
321290,Dandelion - Wishes brought to you -,0.17437361202141202,0.26504402872570687,9
519540,Virtual Islands: Mini-Golf Challenge,0.17668034391352183,0.26487919193171283,8
2414340,Star General,0.1559999382486635,0.2648699658743238,1
2109270,Preserve,0.15935041416246715,0.26479221303642175,1
2661160,Goober Dash,0.11001367724685517,0.26475841898485303,8
22000,World of Goo,0.13885109931603734,0.26471313862679957,0
3083300,Proverbs,0.14163513275738795,0.26444073734861845,8
2391900,Champion Shift,0.1634098829963151,0.2641572298352882,8
2916170,Close Combat 2: A Bridge Too Far,0.15771905878219447,0.2640538056643488,12
1356180,Mahjong Nagomi,0.16058721036070914,0.2639848965296725,1
1592640,Sakura Alien,0.17707209659919895,0.2637669914052954,10
650940,Rogue Empire,0.158306964211764,0.26364188770273833,11
2060170,Solas City Heroes,0.20474526479780747,0.2635007280544075,11
344810,Total Extreme Wrestling 2010,0.17668034391352183,0.2632955643932376,12
657230,Spirit of the Ancient Forest,0.15445812169129963,0.26329189034441125,8
1569700,Hero Realms,0.15445812169129963,0.2632157407339187,3
2595640,Move The Chains,0.10961722741150629,0.2631390806593092,8
2538370,Long Story Short,0.11898576049098844,0.2631360807760027,8
1341820,As Dusk Falls,0.19337454097165777,0.26308349800645814,8
2907010,HIDDEN CATS: The last of cats,0.1271023848523654,0.2630535915371835,13
1949960,Super Kiwi 64,0.17668034391352183,0.263027340079861,8
3109050,Waifu,0.14636149679374055,0.26298907287344014,8
345900,RIDE: Yamaha 2015 Bike Models,0.17668034391352183,0.2628813904777988,9
1063540,Space Wreck,0.19929431882142118,0.2624442400825441,10
626680,Kreedz Climbing,0.19375622470824763,0.26233078275101274,11
429570,The Walking Dead: Michonne,0.1866580577560148,0.26230600906425827,8
880950,Maitetsu:Pure Station,0.18037341744598795,0.26216476224331425,9
2099110,The Classrooms,0.17668034391352183,0.26198064120707515,8
490920,Wolfpack,0.17668034391352183,0.26198064120707515,8
1090630,Granblue Fantasy: Versus,0.1604797078600643,0.26189048935286097,9
2477290,Half-Life 2 RTX,0.15445812169129963,0.26184888890140984,8
3064420,Innocence Or Money | Season 2 | Episode 1,0.15445812169129963,0.26184888890140984,8
397040,Sphere 3,0.14194082784309486,0.2617358468284113,9
2200530,ChessBase 17 SE,0.17668034391352183,0.261661577465133,12
338040,Bears Can't Drift!?,0.20888027997823702,0.2616326083908576,8
1577620,The Signal State,0.17707209659919895,0.2613914257227834,13
1469170,Commandos 3 - HD Remaster,0.21678717396804542,0.2613652936602161,12
42230,Nancy Drew: Trail of the Twister,0.15445812169129963,0.26129939554749665,0
2646660,Aimcademy,0.16090256819760396,0.26129450266535664,8
381240,Farming Simulator 15 - New Holland Loader Pack,0.15445812169129963,0.26129408889049727,9
1730590,The Entropy Centre,0.18554955659629682,0.2611837966828289,1
2381620,Steam Engine Simulator,0.17278323376963567,0.26118247763245406,13
2743970,One-inch Tactics,0.18833490039067802,0.26095895119605766,3
1846460,Burnhouse Lane,0.2087591311945552,0.2608064808253936,13
1823600,Power & Revolution 2022 Edition,0.1336983160947226,0.2605823057525994,12
472870,Higurashi When They Cry Hou - Ch.3 Tatarigoroshi,0.15653285439981254,0.26041351023437087,2
3317770,iScoot Demo,0.15445812169129963,0.26039701366859996,12
1175190,Natsuki Chronicles,0.19685709771027318,0.26034244813812346,1
222420,THE KING OF FIGHTERS '98 ULTIMATE MATCH FINAL EDITION,0.18494460278309077,0.26026107220611866,11
2134030,Picma - Picture Enigmas,0.11001367724685517,0.26003130779123934,13
1477170,Empires Shall Fall,0.19337454097165777,0.26000166437342814,11
1028930,It Moves,0.15445812169129963,0.25985494094820577,13
529420,Crazy Sapper 3D,0.13590109634555658,0.2598378791390024,1
1060820,DanCop - Daniela on Duty,0.1866580577560148,0.2597807565390058,8
3302860,Scope 3,0.17668034391352183,0.2597509868035077,8
3011440,CLICKOLDING,0.16476180628743292,0.2596176442400132,1
1571280,Street Legal 1: REVision,0.2116213817965379,0.25961128648928594,12
397270,A Kiss For The Petals - Remembering How We Met,0.1432040509328654,0.2595285638491364,13
1890740,Voice of Cards: The Beasts of Burden,0.1843563431247169,0.2594083687912066,9
2849680,Utopia Must Fall,0.16670202438609424,0.2593273038095559,1
939330,Tailor Tales,0.17447953439340202,0.2589968475421152,12
645730,RESONANCE OF FATE™/END OF ETERNITY™ 4K/HD EDITION,0.19813587402347327,0.2589966027170004,9
2223810,Hedgewars,0.15445812169129963,0.2585947096923829,12
1150730,Island Saga,0.19664153281620458,0.25856667912646375,10
1555150,Pocket Bravery,0.13705502621458424,0.25856191457438715,1
3279100,BYTEWORLD Demo,0.17668034391352183,0.2585299855825065,8
2551110,Combat Mission: Fortress Italy,0.16781037077319236,0.25831304710309155,9
2529080,Stellar Initiative,0.17863809894705446,0.25827503957626674,1
2916210,Warlords I + II,0.15771905878219447,0.2579903086612726,1
313680,fault - milestone one Demo,0.14050015833864637,0.257948749465232,8
1470020,Dudes on a Map: Virtual Grid Paper,0.14519363800359583,0.25753393724505597,10
270760,Realms of Arkania 3 - Shadows over Riva Classic,0.1464283508695685,0.25750885269798374,10
2831550,Lock n Drop Bracket Racing,0.17668034391352183,0.2572109083085815,12
32340,Loom,0.15445812169129963,0.2568246379179028,13
743900,Mega Man X Legacy Collection 2,0.18684614894281626,0.2567800311484918,8
250180,METAL SLUG 3,0.18905044878009467,0.25654673120512556,1
2134860,My Ex-future Family,0.10460115950132634,0.2565388996097681,8
1293160,The Medium,0.1845843829257298,0.2564005785994336,8
1851000,Netorious Neighbor Cumming for their Wives!,0.1531549396339374,0.2563114618703059,13
392000,TRON RUN/r,0.19495218783257212,0.25607673796283137,8
2430360,Code of War Gun Shooting Games,0.11001367724685517,0.2558130277421548,6
410,Portal: First Slice,0.150891433307523,0.2556719907449952,0
2367470,Jigsaw Puzzle World,0.1312466970241417,0.25550672279977743,12
1330890,Crystal Caves HD,0.17534168071248873,0.2552036550659325,1
1187330,Tower Tag,0.20888027997823702,0.25512071531205566,11
702110,THE LAST BLADE 2,0.17696947578062613,0.2549235330352043,11
1726310,Underground Garage Demo,0.17668034391352183,0.2548414581130444,12
377880,Eternal Destiny,0.18879486262581582,0.2547568302806718,9
2639420,Fairytale Fables,0.11001367724685517,0.25470970580737906,12
320300,Car Mechanic Simulator 2015,0.18059204372146684,0.25447371474511365,9
434520,Simutrans,0.11287665668249608,0.25407095943800084,9
909660,Vagrus - The Riven Realms,0.09061246194577102,0.2538455487157292,11
3603080,NIJICA,0.15445812169129963,0.25369960479727804,12
719730,Uptasia,0.17198686424857237,0.253257250451101,13
1015610,THE LAST PLAYER,0.17668034391352183,0.2532389802915012,8
1534340,Fida Puti Samurai,0.2082061102815587,0.25286216390243466,8
1076640,Cricket Captain 2019,0.16523828412104596,0.2527076388682592,12
724970,神舞幻想 Faith of Danschant,0.16084388425129922,0.25270291210209817,9
1020540,CONTRA: ROGUE CORPS,0.20599391431677988,0.2526492474457041,8
523000,Princess Maker 2 Refine,0.15406135529556794,0.25263395957333895,8
3308210,Store Wars: Prologue - Multiplayer Shop Simulator,0.15445812169129963,0.2525112506677474,12
520940,MX vs ATV All Out,0.1746278571688189,0.2522844716339407,9
791470,DYO,0.15938608940408697,0.25223839740594706,13
1165850,IL DIVINO - Michelangelo's Sistine Ceiling in VR,0.15445812169129963,0.2521844532821265,12
2595230,SGS Battle For: Shanghai,0.15445812169129963,0.2521844532821265,12
3592310,Desktop Pals 2,0.14558814855097013,0.25213902166300983,13
2011600,JoJo's Bizarre Adventure: All-Star Battle R Demo version,0.17374901122213288,0.251917816369194,9
1789480,Marauders,0.17668034391352183,0.2519162289687499,8
2095950,PAC-MAN Mega Tunnel Battle: Chomp Champs,0.18820278055347503,0.25188189942549594,1
444620,SpellKnights,0.1853004680581194,0.2518803641474824,11
1585850,Car Mechanic Simulator 2021 Demo,0.1667371913434556,0.2518365116780881,9
1109690,Asterix & Obelix XXL 3  - The Crystal Menhir,0.1873498888328331,0.2517687708617169,9
2258890,Xanadu Land,0.14519363800359583,0.25172533361036536,10
1586960,Cute Bite,0.19184371077032017,0.251028020884492,9
2345770,SuperPantsu Tentikun,0.16236223895768212,0.2510115890066907,8
1976980,Denos City: Complete Game,0.15445812169129963,0.2508695300959641,8
2941730,Bloodthief Demo,0.15445812169129963,0.2508695300959641,8
2834910,Rocksmith+,0.18806820792034093,0.2507662462378881,0
439700,H1Z1: Test Server,0.1433470105801885,0.25073777779029877,8
1777620,Soul Hackers 2,0.18731494035875584,0.25064830720968867,9
292910,Deponia: The Complete Journey,0.09779894242558508,0.2504830233852665,1
3120700,Farming,0.17875507662203477,0.25047359606947234,10
2336980,ファミレスを享受せよ,0.15815119522376575,0.25000744594174573,8
2024390,Mato Anomalies,0.17244493341577935,0.2498257657474348,9
350700,Red Stone Online,0.17668034391352183,0.2496538772502856,9
2512620,Pow Vista,0.13223589946907738,0.2494218488411949,10
989770,Biker Garage: Mechanic Simulator,0.16072433115586882,0.24919168741503792,12
2601560,Terracards Demo,0.1893991595743157,0.24913699166600115,12
1271050,Shrine,0.13223589946907738,0.24853932265066714,8
1036200,Song Animals,0.15163808450990016,0.24853351539120747,8
351090,Regency Solitaire,0.18041680243713934,0.24842636846977587,12
1233270,OshiRabu: Waifus Over Husbandos,0.1666997750934284,0.2478819544642224,8
1287800,Schwarzerblitz,0.1534375031585478,0.24781695016037872,11
848050,GP Bikes,0.17668034391352183,0.24777268857624413,12
1509040,Lonely Catgirl is the Purrfect Pussy,0.14976464202635015,0.24750120697653644,13
2789810,Bingle Bingle,0.15445812169129963,0.2471565282497931,13
1933490,Let's Play! Oink Games,0.18164337132072877,0.24707154945021448,8
2561360,Steampunk Jigsaw Puzzles,0.14322178733668992,0.2461877616296301,12
1803190,SimRail - The Railway Simulator: Prologue,0.15949633628747922,0.2461607047469144,12
449140,Istrolid,0.1011437041065257,0.2459798753437462,11
3220170,LostMagic,0.15949470961828682,0.245914891433893,11
2564660,Frontline 1942,0.11001367724685517,0.2457486155038295,6
1536070,Sword and Fairy 3,0.16741586022581806,0.24537612726115904,10
1408220,破坏效应,0.14519363800359583,0.2452756316786869,11
1515950,Capcom Arcade Stadium,0.1440901097802631,0.24511143963970178,9
622300,theViewer,0.15445812169129963,0.24504159613926935,12
2994150,Konfronto,0.17668034391352183,0.24477704587471907,12
686870,Lost Items,0.15445812169129963,0.24424427129679221,8
1939970,Nobody Wants to Die,0.20578589759160326,0.24414708973594038,11
3177070,Frontline Inferno,0.1906418186293897,0.24300006653851,11
813530,FPV Freerider Recharged,0.14519363800359583,0.24278888240058796,12
1504020,Mosaique Neko Waifus 4,0.1324039494411465,0.24170682001529534,10
1358250,City of Broken Dreamers: Book One,0.1647331560632366,0.24145666848514555,8
1664060,Idle Monster Frontier,0.14130552398626525,0.2413541009353896,10
1208080,Cable Guardian,0.14519363800359583,0.2412716438110028,8
486310,Meadow,0.0797339781017506,0.24109776082014706,8
1023280,Solitaire Bliss Collection,0.13223589946907738,0.24106966812218908,8
2433730,Unsorted Horror,0.16090256819760396,0.24092413229498627,8
1622780,Latex Dungeon,0.17399763975094037,0.24060839850770846,9
501470,Hold the door!,0.15445812169129963,0.24027601732853826,8
273570,Descent,0.13223589946907738,0.23962666667918764,8
2333030,AniCursor,0.19253035076820052,0.23920673709269716,8
1474100,Angel Sex Pet,0.13716386718186474,0.23815618332373298,13
1205560,Taimanin Yukikaze 1: Trial／対魔忍ユキカゼ・体験版,0.15445812169129963,0.23752876458128552,8
2560460,Hidden Cats in Spooky Town,0.16677531895389955,0.23729370292780985,3
882790,天命奇御 Fate Seeker,0.15801957349324972,0.23691155965300462,11
2999250,Katto: Rising Tides,0.18806820792034093,0.23636612262972875,8
435750,CyberLink ColorDirector 4,0.1433470105801885,0.2363077633602843,8
726710,RAZED,0.16956530404106682,0.23605004133905377,8
1728520,Xuan-Yuan Sword V,0.14673545456095968,0.23582581780679737,10
2886860,蒸汽麻將社,0.13223589946907738,0.23552735528256927,6
1261180,Rebirth Online,0.15445812169129963,0.2355256745600399,11
994930,Soccer Manager 2019,0.1433470105801885,0.23551778661545983,12
1573720,Agatha Christie - Hercule Poirot: The First Cases,0.1683168744458532,0.2351220345267694,1
954170,Backyard Brawl,0.15445812169129963,0.2347204617729827,8
579980,Lost Eden,0.13223589946907738,0.23449564444130633,10
331580,ULTRAWORLD EXODUS,0.15938608940408697,0.23444866783549412,8
1016110,Self-Reliance 自我性赖,0.14976464202635015,0.23428998365296144,8
713070,Pray for Death,0.13223589946907738,0.23401499440084872,8
1358800,projectM Music Visualizer,0.11001367724685517,0.23366593476360803,12
1998660,三国群英之兵临天下,0.15445812169129963,0.233665934763608,12
837510,Pixel Game Maker MV,0.13452102711423897,0.23250945907386528,4
2248900,Master of Chess,0.19664153281620458,0.2322726739539804,9
1730360,I'm on Observation Duty 4,0.14386669171830913,0.23218282019573577,13
214870,Painkiller Hell & Damnation,0.10988017263297513,0.23137001711854513,11
630140,Sky Clash: Lords of Clans 3D,0.17153400248602543,0.2313058162755509,12
1866630,Throne of Bone,0.1873770491285008,0.23093598519645123,12
1076880,Air Marty,0.13463367762368597,0.230921210833907,13
40,Deathmatch Classic,0.13223589946907738,0.2304876575401785,8
616240,Premium Pool Arena,0.1671769373520935,0.23045331890755802,8
2128740,Staffer Case - Case1 & 2,0.15938608940408697,0.23012768018117313,8
691730,FPV Drone Simulator,0.15445812169129963,0.23012124938432443,9
579940,Race for the Galaxy,0.1666997750934284,0.22956048295659842,12
3381120,ZDSimulator,0.11384062609703746,0.2293757911736109,9
296710,Monstrum ,0.14726837071210877,0.22907603530163664,8
1394100,S.H.E.L.T.E.R. - An Apocalyptic Tale,0.1531549396339374,0.22896456669958273,8
1985690,The Looker,0.1464283508695685,0.22887900561957358,8
747970,Scions of Fate,0.15445812169129963,0.22841098835665022,10
1986040,Kingdom Draw,0.13117559359729158,0.2255109374630727,11
2399910,Byakuya Museum,0.13204104029856148,0.2255035048502504,10
3135930,Milfylicious - Chapter I,0.13223589946907738,0.22518297777938617,9
3052520,Volleyborne: Unbound Horizons,0.21872284085709515,0.22489774139772867,9
940580,FIA European Truck Racing Championship,0.18759263506826962,0.22487481458637915,9
2697890,Titan Revenge,0.15445812169129963,0.22444273438839626,10
1330250,Taimanin Collection: Battle Arena,0.13223589946907738,0.22435631611471943,8
336670,HIT,0.17668034391352183,0.22413845119097214,8
2706370,AC Sailing,0.15445812169129963,0.2240980335290401,12
3106530,Command & Conquer™ Tiberium Alliances,0.1893991595743157,0.22401777372186013,12
2174320,A Foreign World,0.13592440801681732,0.22387174272495847,12
844870,KurtzPel,0.14301606189882374,0.2228977334414427,8
2585800,OverDrift Festival Demo,0.14454330082404995,0.22233056138337892,9
2051060,SpaceInvasion,0.13223589946907738,0.2213763724740457,12
2102020,Different Strokes,0.16104364485827455,0.2211662467129579,8
505040,FORTIFY,0.12297141578137362,0.22056666017836574,12
3358270,Galeid.,0.1433470105801885,0.22043474748726846,8
752220,Love Live! School Idol Project,0.1433470105801885,0.22043474748726846,8
1575710,AutoChess of Gensokyo,0.1433470105801885,0.22043474748726846,8
895970,BlackShot Revolution,0.1433470105801885,0.22043474748726846,8
762650,Depraved,0.1433470105801885,0.22043474748726846,8
1760250,Madden NFL 23,0.1433470105801885,0.22043474748726846,8
681840,Sword and Fairy 5 Prequel,0.1433470105801885,0.22043474748726846,8
1831250,WasteLand Express 废土快递,0.1433470105801885,0.22043474748726846,8
592600,PRO EVOLUTION SOCCER 2018 LITE,0.1433470105801885,0.22043474748726846,8
783710,Virtual Desktop Dashboard,0.1433470105801885,0.22043474748726846,8
1850360,Goonect,0.1433470105801885,0.22043474748726846,8
1801280,SCP: CB Multiplayer Dedicated Server,0.1433470105801885,0.22043474748726846,8
1904160,Trainz Plus,0.1433470105801885,0.22043474748726846,8
1532190,Halo: CE Mod Tools - MCC,0.1433470105801885,0.22043474748726846,8
1046480,THE IDOLM@STER STARLIT SEASON ,0.1433470105801885,0.22043474748726846,8
3970,Prey,0.1433470105801885,0.22043474748726846,8
670460,MAGIX Video deluxe 2017 Steam Edition,0.1433470105801885,0.22043474748726846,8
2796000,Planetary Life Demo,0.1433470105801885,0.22043474748726846,8
386290,Kumoon : Ballistic Physics Puzzle,0.1433470105801885,0.22043474748726846,8
537640,Naruto Shippuden Uncut: Kakashi: Shadow of the ANBU Black Ops A Mask That Hides theHeart,0.1433470105801885,0.22043474748726846,8
486940,Handball Action Total,0.1433470105801885,0.22043474748726846,8
3114940,Мир кораблей,0.1433470105801885,0.22043474748726846,8
499950,Metal Assault - Gigaslave - Europe,0.1433470105801885,0.22043474748726846,8
318240,Ragnarok Online - Elite Pack,0.1433470105801885,0.22043474748726846,8
1151610,活下去,0.1433470105801885,0.22043474748726846,8
561770,Just Ignore Them,0.1433470105801885,0.22043474748726846,8
1541840,古剑奇谭网络版 海外版,0.1433470105801885,0.22043474748726846,8
3416780,Winning Post 10 2025 体験版,0.1433470105801885,0.22043474748726846,8
1113240,Voxel Crusade,0.1433470105801885,0.22043474748726846,8
2719060,Mirage Feathers,0.1433470105801885,0.22043474748726846,8
2955370,漫威终极逆转,0.1433470105801885,0.22043474748726846,8
433290,Nemesis of the Roman Empire,0.1433470105801885,0.22043474748726846,8
781350,Naruto Shippuden Uncut: The Blue Beast vs Six Paths Madara,0.1433470105801885,0.22043474748726846,8
200880,Batman Arkham City: Nightwing Bundle,0.1433470105801885,0.22043474748726846,8
858040,Sudoku Jigsaw,0.1433470105801885,0.22043474748726846,8
689790,VEGAS Pro 15 Edit Steam Edition,0.1433470105801885,0.22043474748726846,8
377350,ChessBase 13 Pro,0.1433470105801885,0.22043474748726846,8
12140,Max Payne,0.1433470105801885,0.22043474748726846,8
370350,LOTUS-Simulator,0.1433470105801885,0.22043474748726846,8
2625850,Sorry We're Closed Demo,0.1433470105801885,0.22043474748726846,8
343440,Crash Drive 2,0.1433470105801885,0.22043474748726846,8
1299930,Vilset,0.1433470105801885,0.22043474748726846,8
939700,Winning Post 9,0.1433470105801885,0.22043474748726846,8
2647230,HoloParade ,0.1433470105801885,0.22043474748726846,8
696170,SENRAN KAGURA Peach Beach Splash,0.1433470105801885,0.22043474748726846,8
956200,Leopoldo Manquiseil,0.1433470105801885,0.22043474748726846,8
878110,Fuel Renegades,0.1433470105801885,0.22043474748726846,8
528390,Naruto Shippuden Uncut: High-Level Shinobi,0.1433470105801885,0.22043474748726846,8
596140,Photo & Graphic Designer 12 Steam Edition,0.1433470105801885,0.22043474748726846,8
401870,Winning Post 8 2016,0.1433470105801885,0.22043474748726846,8
19030,Rocket Knight,0.1433470105801885,0.22043474748726846,8
886390,A Roll-Back Story,0.1433470105801885,0.22043474748726846,8
405930,Metal Reaper Online - Newbie Package,0.1433470105801885,0.22043474748726846,8
411020,Metal Reaper Online - Halloween Package,0.1433470105801885,0.22043474748726846,8
353380,Steam Link,0.1433470105801885,0.22043474748726846,8
2419800,Harem in Another World,0.1433470105801885,0.22043474748726846,8
2639000,EOS RAGNAROK,0.15445812169129963,0.2196808296264915,10
1266560,鋼鉄戦記C21,0.13223589946907738,0.21965265868702402,11
353890,Casey Powell Lacrosse 16,0.21872284085709515,0.2195462612881323,8
2124780,Endoparasitic,0.1684195964071675,0.21909609057888382,8
1099550,3D Organon,0.13223589946907738,0.2188511199487932,12
1167550,VR MEDIA VIEWER,0.17668034391352183,0.21884744589996688,8
1463920,hexceed,0.05449985547409769,0.2180796108370913,8
1786760,荣耀斗罗,0.15445812169129963,0.21782897777463966,10
1274140,One Dreamer: Prologue,0.11331224023194701,0.21777964586611215,13
1347430,Cute Honey,0.20097729884425697,0.21710068337857694,13
546220,Red Comrades 3: Return of Alaska. Reloaded,0.17354339540681796,0.21650035300315779,13
292410,Street Racing Syndicate,0.18764849537730985,0.2163784316447171,9
1638230,Xuan-Yuan Sword: Mists Beyond the Mountains,0.17308864585417372,0.21525443714952078,9
2880460,Terroro,0.16865057309179074,0.2152112652132686,11
292180,X-Plane 10 Global - 64 Bit,0.09007658277211476,0.21486718635085092,9
1882240,Forgotten Realms: The Archives - Collection One,0.14601936942857008,0.21440321702114246,9
628770,Tangledeep,0.13731647214774526,0.21395128040833591,10
726590,NBA 2K Playgrounds 2,0.19590145628686711,0.21341247973342903,11
2340870,Rugby 25,0.19969343270481374,0.21338212348723593,9
2398520,Classic Marathon Infinity,0.1421925281547189,0.21148214183844768,11
1870140,Xuan-Yuan Sword: The Cloud of Han,0.14712996510833398,0.2105863955471829,10
884180,Robot Rumble 2,0.13223589946907738,0.21039701366859995,12
55140,MX vs. ATV Reflex,0.20586031793133802,0.20914279933264407,8
2569210,A Date with Death Demo,0.12352418811409001,0.20786941957791039,8
2124470,活字引擎,0.19087279531401294,0.20780099811892155,13
355180,Codename CURE,0.15791245366438972,0.20745422286998708,8
2078120,Hot And Lovely 5,0.1676544947258197,0.20739573834831523,1
3192760,vHand,0.15445812169129963,0.2071227248870648,12
1740000,Cute Honey: Bunny Girl,0.2087591311945552,0.20711365633394,8
1509080,Nox Archaist,0.1420099518126947,0.20685625252010753,10
1559390,天命奇御二 Fate Seeker II,0.15468039066811523,0.20622639978005303,10
1639730,MTB Dirt,0.17668034391352183,0.20297443002695098,8
667720,Red Faction Guerrilla Re-Mars-tered,0.16044232626545127,0.2029445718969031,1
740250,Neos VR,0.15445812169129963,0.20163132868384967,8
863330,RPG in a Box Demo,0.16956530404106682,0.2010645140862402,10
3169620,Catwifhat,0.14163513275738795,0.20021607312395429,8
624120,Football Manager Touch 2018,0.1190016416867044,0.19934827330690066,8
345650,Without Within,0.1007491935591514,0.19926920180856086,8
1337970,CatTuber,0.17668034391352183,0.1991711802644451,13
946040,Supply Chain Idle,0.13262765215475453,0.19855053489384167,8
1536420,Clip maker,0.07826389425368327,0.19710144927536227,12
2856450,Dimensionals,0.14130552398626525,0.1963247485436714,8
975550,SoundPackager 10,0.16598879423130505,0.1960398892538701,1
301610,OpenCanvas 6,0.18312479041982616,0.19573932517977335,9
1389300,Soulcaster,0.17030812854597832,0.19535442447618415,13
1398210,Selene ~Apoptosis~,0.13584103711031625,0.1949994265170091,9
398810,openCanvas 7,0.18171855850970142,0.1943990335727319,9
989060,Virtual Home Theater,0.17668034391352183,0.1938511199487932,12
3166780,Hypnosis Card 2 Happy Life Demo,0.18160831162630917,0.19313022457917825,12
3411020,Villages & Dungeons,0.16781037077319236,0.192930971708249,8
383730,RPG Maker 2000,0.17668034391352183,0.19233040227606413,10
523600,Card Creator,0.17668034391352183,0.19133642242968726,13
2898760,Round My Corners,0.17898951151802892,0.19050459515781965,1
1777510,Game Pauser by Jase,0.15445812169129963,0.18957054995640427,8
570840,Nekojishi,0.13621680536485187,0.18857472292059652,8
1853830,A Shot in the Dark,0.10961774637933856,0.18829826030977773,8
2492380,Shooting Game Builder,0.2128640408516119,0.18761460909740235,8
438660,Jerry Rice & Nitus' Dog Football,0.19590145628686711,0.18739766608721756,8
2479000,Noise-o-matic,0.19253035076820052,0.18735488524084537,8
3068400,VEGAS Pro 22 Steam Edition,0.17668034391352183,0.18710141415393516,8
2494510,Stream to 3D,0.17668034391352183,0.18710141415393516,8
1066110,Room Planner - Design Home 3D,0.17668034391352183,0.18710141415393516,8
995660,XLaunchpad,0.17668034391352183,0.18710141415393516,8
983820,RainWidget,0.17668034391352183,0.18710141415393516,8
1995300,QuickMatrix,0.17668034391352183,0.18710141415393516,8
1023940,VR CPR,0.17668034391352183,0.18710141415393516,8
403030,mdiapp+ SE,0.17668034391352183,0.18710141415393516,8
1516050,PixageFX Studio,0.17668034391352183,0.18710141415393516,8
979560,RainWallpaper,0.17668034391352183,0.18710141415393516,8
1696400,Movie Studio 18 Steam Edition,0.17668034391352183,0.18710141415393516,8
279460,IHF Handball Challenge 14,0.17668034391352183,0.18710141415393516,8
2550090,回声工坊 RplGen Studio,0.17668034391352183,0.18710141415393516,8
460470,Hindenburg VR,0.17668034391352183,0.18710141415393516,8
1620380,INREAL,0.17668034391352183,0.18710141415393516,8
1178460,Desktop Portal,0.17668034391352183,0.18710141415393516,8
2947590,Deep Desktop,0.17668034391352183,0.18710141415393516,8
501280,VirZOOM Gamepad Emulator,0.17668034391352183,0.18710141415393516,8
1072450,iTube HD video downloader,0.17668034391352183,0.18710141415393516,8
601780,VoiceWarrior,0.17668034391352183,0.18710141415393516,8
929270,ViewTracker,0.17668034391352183,0.18710141415393516,8
2552330,AutoDepth Image Viewer,0.17668034391352183,0.18710141415393516,8
1901340,Ero Manager,0.17293840841141842,0.18525473858026478,1
1448530,Soccer Manager 2021,0.15445812169129963,0.18324675381370287,13
449130,ENGAGE,0.15445812169129963,0.18243136686237346,12
3477660,Replicube Demo,0.11227986609915684,0.1819408650066172,12
658700,V-Rally 4,0.15870598617051518,0.18072314150173208,9
1055010,Energy Engine PC Live Wallpaper,0.15958891719122284,0.17837347292519257,12
611120,IKEA VR Pancake Kitchen,0.15445812169129963,0.17706368033526662,12
1230800,Beach Buggy Racing 2,0.20627467097849023,0.17684257278892784,9
2294630,WindowBlinds 11,0.16741586022581806,0.17619227873163776,8
529640,SteamVR Driver for FOVE,0.15445812169129963,0.1759150755886539,5
372590,Grand Designer,0.16781037077319236,0.17360730021066448,8
358270,Death Rally (Classic),0.13223589946907738,0.17228659933912033,8
732230,LuxVR,0.14447755287120623,0.17133874458767923,8
1621860,NekoDice,0.1550016350127965,0.1703574704077881,13
1865730,Runes of Pandemonium,0.13632972996460274,0.1683342514701543,10
3056770,Watertime,0.16236223895768212,0.16502125084243954,8
3376270,YawVR GameLink,0.15445812169129963,0.16487919193171294,8
1667250,Lovely Composer,0.15445812169129963,0.16487919193171294,8
2154720,nofio wireless adapter for Valve Index,0.15445812169129963,0.16487919193171294,8
1368950,VTuber Maker,0.15445812169129963,0.16487919193171294,8
444970,Spatial Sound Card,0.15445812169129963,0.16487919193171294,8
551370,Gravity Sketch VR,0.15445812169129963,0.16487919193171294,8
389980,Pluto,0.15445812169129963,0.16487919193171294,8
625080,FlatOut 4: Total Insanity Workshop Tool,0.15445812169129963,0.16487919193171294,8
1390520,cameleon,0.15445812169129963,0.16487919193171294,8
1420640,Boundary: Benchmark,0.15445812169129963,0.16487919193171294,8
2187210,Vitamins,0.15445812169129963,0.16487919193171294,8
3245770,Pavlov TV,0.15445812169129963,0.16487919193171294,8
1941720,Pico Link,0.15445812169129963,0.16487919193171294,8
689580,TurnSignal,0.15445812169129963,0.16487919193171294,8
712670,"POSTAL The Movie: ""Raging Boll"" - Uwe Boll Boxes His Critics",0.13223589946907738,0.1565458585983796,8
3071670,Pixel Cross Stitch Color by Number,0.06178741742453275,0.15636995736781495,6
1282740,CNDL,0.14519363800359583,0.15397005650941556,8
1862860,StreamAlertsTV,0.14519363800359583,0.15397005650941556,8
857350,CopperCube 6 Game Engine,0.14558814855097013,0.15138507798844225,8
375840,Rytmik Ultimate,0.12908092298484597,0.15065189803388152,1
257400,Fuse,0.12297141578137362,0.1474305220001279,9
762440,THE KING OF FIGHTERS: DESTINY: LABYRINTH,0.11001367724685517,0.14512610551195987,8
691960,THE KING OF FIGHTERS: DESTINY: KYOKUGEN STYLE,0.11001367724685517,0.14512610551195987,8
3449620,Funguys Swarm Demo,0.11108905193357035,0.14318109445441363,1
3037490,BUS: Bro u Survived Demo,0.11108905193357035,0.14318109445441363,1
496450,J.A.C.K.,0.15982549523511727,0.14305569225353626,8
347400,001 Game Creator,0.1310472225720314,0.14300358735531787,9
440160,Please Hold,0.13223589946907738,0.1426569697094907,8
333770,Spriter: Game Effects Pack,0.13223589946907738,0.1426569697094907,8
1745780,Substance 3D Modeler 2025,0.13223589946907738,0.1426569697094907,8
1133690,Tilesetter Lite,0.13223589946907738,0.1426569697094907,8
382700,Feeding Mr. Baldwin,0.13223589946907738,0.1426569697094907,8
440240,What if My Wife Died in Yoga Class?,0.13223589946907738,0.1426569697094907,8
1884960,Chordwatch,0.13223589946907738,0.1426569697094907,8
561060,EARP,0.13223589946907738,0.1426569697094907,8
1043250,StreamPad,0.13223589946907738,0.1426569697094907,8
512710,Tesla VR,0.11126739680982102,0.14184449239650365,1
2207340,Patch Quest Demo,0.11126739680982102,0.14184449239650365,1
2291070,Forgotten Seas Demo,0.11126739680982102,0.14184449239650365,1
587670,Gremlins vs Automatons,0.11126739680982102,0.14184449239650365,1
668440,BZ: Combat Commander Uploader Tool,0.11126739680982102,0.14184449239650365,1
3368490,Voyagers of Nera Demo,0.11126739680982102,0.14184449239650365,1
533830,Starbound Dedicated Server,0.11126739680982102,0.14184449239650365,1
454550,Qubicle Voxel Editor,0.1420099518126947,0.14082401113134976,8
343450,Free To Play (Streaming),0.12941586228767796,0.13997100957722286,13
5270,FUEL Trailer (UK),0.11155549380421904,0.13986996587432385,1
309970,Attacker Pack,0.11155549380421904,0.13986996587432385,1
323750,Magicka: Wizard Wars - Crystal Booster Pack,0.11155549380421904,0.13986996587432385,1
207270,DiRT Showdown Demo,0.11155549380421904,0.13986996587432385,1
289120,Darks Souls II JP Retail Pre-Order DLC 3,0.11155549380421904,0.13986996587432385,1
400990,Disney Infinity 3.0 - Disney Defense Pack,0.11155549380421904,0.13986996587432385,1
2129620,Pixel Cup Soccer - Ultimate Edition Demo,0.11155549380421904,0.13986996587432385,1
245850,Don't Starve Mod Tools,0.11155549380421904,0.13986996587432385,1
425420,Arena Starter Pack,0.11155549380421904,0.13986996587432385,1
42870,Rise of Prussia,0.11155549380421904,0.13986996587432385,1
372260,Weird Park Trilogy,0.11155549380421904,0.13986996587432385,1
42160,War of the Roses,0.11155549380421904,0.13986996587432385,1
24860,Battlefield 2,0.11155549380421904,0.13986996587432385,1
216250,Dead Island Riptide,0.11155549380421904,0.13986996587432385,1
251610,Barbie™ Dreamhouse Party™,0.11155549380421904,0.13986996587432385,1
242460,Football Manager 2014 Editor,0.11155549380421904,0.13986996587432385,1
39620,Agatha Christie: Murder on the Orient Express,0.11106991410821947,0.13857531970911174,1
272260,Resident Evil 4 Soundtrack,0.11106991410821947,0.13857531970911174,1
1420710,Night of the Dead Dedicated Server,0.11106991410821947,0.13857531970911174,1
381650,Ashes of the Singularity - Soundtrack DLC,0.11106991410821947,0.13857531970911174,1
761160,4 Alice : Lorange Journey,0.11106991410821947,0.13857531970911174,1
748090,Colony Survival Dedicated Server,0.11106991410821947,0.13857531970911174,1
285630,MC6T - Cakewalk Expansion Pack - Video Game Sound Designer Sci-Fi Ambient Machines,0.11106991410821947,0.13857531970911174,1
380060,Xeno Galaxies - Workshop Edition Tool,0.11106991410821947,0.13857531970911174,1
26170,Noesis - 3D Content Creation with Maya,0.11106991410821947,0.13857531970911174,1
791510,Action Figures - Nitro Circus,0.11106991410821947,0.13857531970911174,1
4540,Titan Quest,0.11106991410821947,0.13857531970911174,1
3092450,inZOI: Creative Studio,0.11106991410821947,0.13857531970911174,1
1007020,One Step From Eden Demo,0.11327461433775002,0.13453351853781587,1
437990,Red China Dress Costume (Female),0.11327461433775002,0.13453351853781587,1
2350,Quake III: Team Arena,0.11327461433775002,0.13453351853781587,1
422310,American Truck Simulator - Kenworth W900,0.11327461433775002,0.13453351853781587,1
269910,Xam,0.11327461433775002,0.13453351853781587,1
7880,1701 A.D.: Sunken Dragon,0.11327461433775002,0.13453351853781587,1
329030,Life Is Strange™ Demo,0.11327461433775002,0.13453351853781587,1
72300,Breach,0.11327461433775002,0.13453351853781587,1
743140,Pillars of Eternity II: Deadfire - Closed Beta,0.11327461433775002,0.13453351853781587,1
443080,Elite Dangerous: Arena,0.11327461433775002,0.13453351853781587,1
339010,Rising World Dedicated Server,0.11327461433775002,0.13453351853781587,1
441920,Dovetail Games Flight School,0.11327461433775002,0.13453351853781587,1
1133110,Ancestors Legacy Editor,0.11106940334279183,0.13302388869537043,1
239680,Borderlands 2 RU Mechromancer Steampunk Slayer Pack,0.11106940334279183,0.13302388869537043,1
239940,Agarest - Add-on Dungeon 2 DLC,0.11106940334279183,0.13302388869537043,1
2169110,Warlords Demo,0.11106940334279183,0.13302388869537043,1
236830,Red Orchestra 2: Heroes of Stalingrad - Single Player,0.11106940334279183,0.13302388869537043,1
2875760,幻象游园剧 Demo,0.11106940334279183,0.13302388869537043,1
858460,SMITE - Public Test,0.11106940334279183,0.13302388869537043,1
30010,ValveTestApp30010,0.11106940334279183,0.13302388869537043,1
201280,Deus Ex: Human Revolution - The Missing Link,0.11106940334279183,0.13302388869537043,1
22700,Sacred 2: Fallen Angel,0.11106940334279183,0.13302388869537043,1
2239530,American Truck Simulator Dedicated Server,0.11106940334279183,0.13302388869537043,1
237700,Star Trek Online: Romulan Starter Pack,0.11106940334279183,0.13302388869537043,1
109410,Brawl Busters,0.11106940334279183,0.13302388869537043,1
10510,The Incredible Hulk: The Official Videogame,0.11106940334279183,0.13302388869537043,1
5210,Grey's Anatomy: The Video Game Trailer,0.11106940334279183,0.13302388869537043,1
544270,The Bellows,0.11106940334279183,0.13302388869537043,1
1703920,Night is Coming Demo,0.11106940334279183,0.13302388869537043,1
236530,Hot Wheels™ World's Best Driver™,0.11106940334279183,0.13302388869537043,1
1220,RedOrchestra SDK Beta,0.11106940334279183,0.13302388869537043,1
434120,To Burn in Memory,0.11106940334279183,0.13302388869537043,1
2267180,The Ranch of Rivershine Demo,0.11106940334279183,0.13302388869537043,1
1935010,修仙立志传 demo,0.11106940334279183,0.13302388869537043,1
678550,Oats Studios - Volume 1: Zygote,0.11001367724685517,0.13278042649961416,8
396740,Blood Bowl 2 Legendary Beta,0.11106938229709162,0.130307275732005,1
1326880,Peglin Demo,0.11106938229709162,0.130307275732005,1
1636110,电视台模拟国 Demo,0.11106938229709162,0.130307275732005,1
1880380,Total War: WARHAMMER III - Assembly Kit BETA,0.11106938229709162,0.130307275732005,1
81890,Napoleon Total War DLCs COB Trailer,0.11106938229709162,0.130307275732005,1
1776410,Back to the Dawn Demo,0.11106938229709162,0.130307275732005,1
282350,NBA 2K15,0.11106938229709162,0.130307275732005,1
285050,Showtime!,0.11106938229709162,0.130307275732005,1
320000,MAGIX Movie Edit Pro 2015 Plus,0.11106938229709162,0.130307275732005,1
49700,Stargate Resistance,0.11106938229709162,0.130307275732005,1
364530,GameLoading: Dutch Game Garden,0.11106938229709162,0.130307275732005,1
1338040,Automobilista 2 - Dedicated Server,0.11106938229709162,0.130307275732005,1
208320,Railworks 3 GE44Ton_Common,0.11106938229709162,0.130307275732005,1
37940,Family Feud 3: Dream Home,0.11106938229709162,0.130307275732005,1
1069790,Changed-special,0.11106938229709162,0.130307275732005,1
296270,The Secret World: The Fall of Tokyo,0.11106938229709162,0.130307275732005,1
716390,Athenian Acropolis,0.11106938229709162,0.130307275732005,1
350820,VoidExpanse Mods Uploader,0.11106938229709162,0.130307275732005,1
10040,The History Channel: Battle for the Pacific,0.11106938229709162,0.130307275732005,1
2171280,Movavi Video Editor 23,0.11413940014159975,0.12818134629502662,9
2252920,Incursion Red River Demo,0.1215443497868606,0.12690408678473433,1
3494510,City Tales - Medieval Era Demo,0.1215443497868606,0.12690408678473433,1
3535380,My Little Puppy Demo,0.1215443497868606,0.12690408678473433,1
19960,Heroes of Might & Magic V: Hammers of Fate Editor,0.12564024746450442,0.12510664153365395,1
227740,iPi Mocap Studio 2 Express,0.12564024746450442,0.12510664153365395,1
603450,2URVIVE - Definitive Edition,0.12564024746450442,0.12510664153365395,1
211140,DYNASTY WARRIORS 7 with Xtreme Legends,0.12564024746450442,0.12510664153365395,1
1302390,Hard Bullet Demo,0.12564024746450442,0.12510664153365395,1
229170,Borderlands 2 RU Collector's Edition Pack,0.12564024746450442,0.12510664153365395,1
2394270,The Invincible Demo,0.12564024746450442,0.12510664153365395,1
1267420,Sons of Ra Demo,0.12564024746450442,0.12510664153365395,1
306110,PAYDAY 2: Humble Mask Pack,0.12564024746450442,0.12510664153365395,1
1324910,Vilset Demo,0.12564024746450442,0.12510664153365395,1
218170,Age of Conan: Unchained (US Version),0.12564024746450442,0.12510664153365395,1
224060,Deadpool,0.12564024746450442,0.12510664153365395,1
342290,Lord Of The Rings Activity Studio Bundle,0.12564024746450442,0.12510664153365395,1
2002640,Rogue Soulstone Demo,0.12564024746450442,0.12510664153365395,1
317140,Face of Mankind - Ultimate Bundle,0.12564024746450442,0.12510664153365395,1
322460,Winning Post 8 2015,0.12564024746450442,0.12510664153365395,1
588010,Red String of Fate,0.12564024746450442,0.12510664153365395,1
1666750,The Darkest Tales Demo,0.12564024746450442,0.12510664153365395,1
205930,Hitman: Sniper Challenge,0.12564024746450442,0.12510664153365395,1
2461690,Gate Zero Demo,0.12564024746450442,0.12510664153365395,1
427920,FNaF World,0.12564024746450442,0.12510664153365395,1
325490,Of Guards And Thieves Demo,0.12564024746450442,0.12510664153365395,1
321650,Magicka: Wizard Wars - Salty Pirate Pack,0.12564024746450442,0.12510664153365395,1
817480,Total War Saga: Thrones of Britannia - Assembly Kit BETA,0.12564024746450442,0.12510664153365395,1
946350,Three Trembling Cities,0.11001367724685517,0.12043474748726848,8
534600,Steam Dev Days,0.11001367724685517,0.12043474748726848,8
