node_id,community_id,community_size
2249160,0,1128
1960850,0,1128
450140,0,1128
831660,0,1128
255300,0,1128
1104470,0,1128
2744880,0,1128
3024540,0,1128
1641010,0,1128
241070,0,1128
2067350,0,1128
1005310,0,1128
865540,0,1128
1100260,0,1128
1144440,0,1128
2741390,0,1128
41210,0,1128
410480,0,1128
465940,0,1128
289820,0,1128
1101580,0,1128
951430,0,1128
1948160,0,1128
1726190,0,1128
834800,0,1128
3237710,0,1128
1449320,0,1128
871280,0,1128
1459010,0,1128
1389840,0,1128
1313900,0,1128
1871480,0,1128
673450,0,1128
1741120,0,1128
1318240,0,1128
2529080,0,1128
2015080,0,1128
60800,0,1128
1771690,0,1128
34000,0,1128
400740,0,1128
603440,0,1128
2416350,0,1128
2747550,0,1128
1608230,0,1128
1037020,0,1128
702670,0,1128
3440120,0,1128
1436590,0,1128
1432910,0,1128
2536840,0,1128
1902870,0,1128
1710170,0,1128
2678990,0,1128
1000030,0,1128
2945540,0,1128
546090,0,1128
2455340,0,1128
748300,0,1128
257850,0,1128
3295540,0,1128
915600,0,1128
1819460,0,1128
1528560,0,1128
562360,0,1128
1111810,0,1128
338800,0,1128
569290,0,1128
1174640,0,1128
337220,0,1128
2988080,0,1128
247830,0,1128
1644500,0,1128
32900,0,1128
353700,0,1128
1146510,0,1128
267530,0,1128
2441570,0,1128
371520,0,1128
272260,0,1128
261070,0,1128
1229900,0,1128
1999170,0,1128
643960,0,1128
1993490,0,1128
1506810,0,1128
640310,0,1128
1615060,0,1128
939620,0,1128
1754290,0,1128
1061490,0,1128
333880,0,1128
2244200,0,1128
569810,0,1128
1904650,0,1128
1330890,0,1128
345610,0,1128
492500,0,1128
3249680,0,1128
3471590,0,1128
789760,0,1128
542400,0,1128
2746320,0,1128
2176850,0,1128
1124260,0,1128
1839060,0,1128
2875760,0,1128
2088340,0,1128
1358140,0,1128
465520,0,1128
268540,0,1128
1911860,0,1128
1856030,0,1128
337150,0,1128
3493560,0,1128
1605010,0,1128
71310,0,1128
855640,0,1128
1345890,0,1128
305190,0,1128
351870,0,1128
1400910,0,1128
323720,0,1128
3482840,0,1128
447780,0,1128
557600,0,1128
1813860,0,1128
2652000,0,1128
219910,0,1128
391860,0,1128
1359650,0,1128
511470,0,1128
496650,0,1128
1058320,0,1128
998930,0,1128
1167680,0,1128
804700,0,1128
2398170,0,1128
284050,0,1128
598550,0,1128
1099220,0,1128
2531370,0,1128
314150,0,1128
1399670,0,1128
241260,0,1128
3018910,0,1128
1662210,0,1128
1926580,0,1128
1590750,0,1128
1937110,0,1128
2217110,0,1128
1805130,0,1128
2419090,0,1128
389950,0,1128
1543240,0,1128
1930640,0,1128
1392340,0,1128
1968840,0,1128
2122090,0,1128
2976900,0,1128
928830,0,1128
1146970,0,1128
303850,0,1128
275440,0,1128
2072640,0,1128
1543750,0,1128
1159830,0,1128
1935010,0,1128
2119590,0,1128
284750,0,1128
252890,0,1128
3172310,0,1128
2176790,0,1128
251470,0,1128
2229920,0,1128
241050,0,1128
2348100,0,1128
959000,0,1128
1334590,0,1128
11050,0,1128
1865960,0,1128
502150,0,1128
2129810,0,1128
70600,0,1128
3161800,0,1128
497080,0,1128
2916220,0,1128
351920,0,1128
2355150,0,1128
5030,0,1128
1369340,0,1128
507400,0,1128
386620,0,1128
333300,0,1128
762830,0,1128
234270,0,1128
3473600,0,1128
1897650,0,1128
448080,0,1128
541300,0,1128
940580,0,1128
560230,0,1128
2168260,0,1128
840140,0,1128
620130,0,1128
3425340,0,1128
1952520,0,1128
1330190,0,1128
925460,0,1128
400980,0,1128
1790370,0,1128
2069640,0,1128
376550,0,1128
1005240,0,1128
924240,0,1128
23460,0,1128
434920,0,1128
607030,0,1128
1741130,0,1128
2875090,0,1128
2785340,0,1128
899310,0,1128
272830,0,1128
2488590,0,1128
531920,0,1128
1492680,0,1128
1546860,0,1128
1357610,0,1128
2140100,0,1128
55190,0,1128
618470,0,1128
3344950,0,1128
34650,0,1128
201700,0,1128
386700,0,1128
1534840,0,1128
873490,0,1128
1160920,0,1128
1632750,0,1128
1289380,0,1128
366260,0,1128
1802190,0,1128
2098090,0,1128
574980,0,1128
612540,0,1128
1254620,0,1128
2916180,0,1128
1554220,0,1128
743390,0,1128
886070,0,1128
366240,0,1128
329970,0,1128
1478650,0,1128
202750,0,1128
249380,0,1128
439190,0,1128
302120,0,1128
754120,0,1128
92250,0,1128
2203040,0,1128
545410,0,1128
1008740,0,1128
1792080,0,1128
249650,0,1128
1507780,0,1128
1263520,0,1128
1191290,0,1128
241620,0,1128
3008190,0,1128
679520,0,1128
1652610,0,1128
1755580,0,1128
303760,0,1128
201290,0,1128
2450120,0,1128
2882870,0,1128
629690,0,1128
1904860,0,1128
3112730,0,1128
1040420,0,1128
1314630,0,1128
1083650,0,1128
1217390,0,1128
572150,0,1128
461730,0,1128
696310,0,1128
615610,0,1128
1547670,0,1128
993780,0,1128
570780,0,1128
1036910,0,1128
1500940,0,1128
11120,0,1128
1202690,0,1128
1184870,0,1128
590590,0,1128
1164310,0,1128
1089080,0,1128
1827050,0,1128
1385100,0,1128
661690,0,1128
1088970,0,1128
203830,0,1128
2671210,0,1128
2794610,0,1128
2285630,0,1128
363620,0,1128
2401930,0,1128
2497930,0,1128
1248080,0,1128
3028500,0,1128
314790,0,1128
1967260,0,1128
1570010,0,1128
3122890,0,1128
1709900,0,1128
2181470,0,1128
441920,0,1128
965320,0,1128
236530,0,1128
1550010,0,1128
406170,0,1128
1688740,0,1128
514170,0,1128
1841250,0,1128
8630,0,1128
2844700,0,1128
1956600,0,1128
566970,0,1128
91310,0,1128
879510,0,1128
1428520,0,1128
2812610,0,1128
433280,0,1128
383630,0,1128
1931990,0,1128
1751000,0,1128
2072810,0,1128
1002000,0,1128
1903620,0,1128
351660,0,1128
1373550,0,1128
1628620,0,1128
2296430,0,1128
11190,0,1128
1682050,0,1128
1286990,0,1128
563810,0,1128
331670,0,1128
442070,0,1128
465490,0,1128
3014550,0,1128
1894810,0,1128
2119940,0,1128
395930,0,1128
2350550,0,1128
1561960,0,1128
21980,0,1128
450860,0,1128
535000,0,1128
598980,0,1128
1730590,0,1128
826940,0,1128
1964040,0,1128
1060670,0,1128
1070550,0,1128
781260,0,1128
42640,0,1128
2886550,0,1128
617830,0,1128
1918680,0,1128
362980,0,1128
1577160,0,1128
2157680,0,1128
501790,0,1128
26110,0,1128
2427360,0,1128
6350,0,1128
366710,0,1128
228260,0,1128
1418760,0,1128
561600,0,1128
996770,0,1128
2957290,0,1128
2287150,0,1128
2414110,0,1128
1975280,0,1128
368370,0,1128
247020,0,1128
22230,0,1128
224480,0,1128
1667400,0,1128
1571460,0,1128
434460,0,1128
401710,0,1128
2366970,0,1128
2344020,0,1128
1904530,0,1128
12690,0,1128
1558990,0,1128
2102450,0,1128
612300,0,1128
1247360,0,1128
2244880,0,1128
818320,0,1128
1049710,0,1128
3380740,0,1128
1573100,0,1128
1109680,0,1128
1435010,0,1128
2756120,0,1128
447800,0,1128
658870,0,1128
23480,0,1128
493320,0,1128
1764240,0,1128
1047110,0,1128
505730,0,1128
1549550,0,1128
240150,0,1128
239760,0,1128
255320,0,1128
201760,0,1128
1276660,0,1128
2282680,0,1128
1904580,0,1128
201280,0,1128
23390,0,1128
3009830,0,1128
39620,0,1128
2851150,0,1128
3498810,0,1128
392940,0,1128
569800,0,1128
323850,0,1128
2095950,0,1128
3361340,0,1128
3298150,0,1128
404930,0,1128
2157360,0,1128
447290,0,1128
438480,0,1128
1555110,0,1128
415150,0,1128
619330,0,1128
1447310,0,1128
1027130,0,1128
1677670,0,1128
583930,0,1128
2744010,0,1128
1498740,0,1128
2820110,0,1128
3694220,0,1128
1122680,0,1128
2336200,0,1128
3587400,0,1128
3282670,0,1128
2830150,0,1128
271840,0,1128
427030,0,1128
2650730,0,1128
1063580,0,1128
2022930,0,1128
414620,0,1128
982290,0,1128
232150,0,1128
2424440,0,1128
699920,0,1128
325520,0,1128
1966350,0,1128
1974290,0,1128
280180,0,1128
1904560,0,1128
2820130,0,1128
1532920,0,1128
3325970,0,1128
455400,0,1128
452570,0,1128
2117470,0,1128
519200,0,1128
522220,0,1128
438520,0,1128
1102130,0,1128
3513940,0,1128
377720,0,1128
2419900,0,1128
351590,0,1128
701470,0,1128
534370,0,1128
795160,0,1128
539300,0,1128
1713920,0,1128
1581800,0,1128
421050,0,1128
2417850,0,1128
2307120,0,1128
362780,0,1128
1895190,0,1128
2655010,0,1128
1259840,0,1128
280440,0,1128
1573720,0,1128
1861970,0,1128
2440200,0,1128
860020,0,1128
2295070,0,1128
1021070,0,1128
1914060,0,1128
2572400,0,1128
578990,0,1128
2101520,0,1128
1167950,0,1128
1674640,0,1128
3533230,0,1128
1122240,0,1128
1620890,0,1128
1933840,0,1128
454410,0,1128
1349040,0,1128
793940,0,1128
612570,0,1128
3307200,0,1128
2392760,0,1128
1198730,0,1128
109410,0,1128
366250,0,1128
1000560,0,1128
2547750,0,1128
1189290,0,1128
1111940,0,1128
739080,0,1128
2292650,0,1128
850320,0,1128
2935400,0,1128
1897110,0,1128
305940,0,1128
2066760,0,1128
1603640,0,1128
3488860,0,1128
670370,0,1128
2858150,0,1128
1136020,0,1128
1126470,0,1128
220740,0,1128
386730,0,1128
1683340,0,1128
603090,0,1128
1829350,0,1128
233250,0,1128
271710,0,1128
351860,0,1128
367540,0,1128
895420,0,1128
1375930,0,1128
1129310,0,1128
1597310,0,1128
1214670,0,1128
258890,0,1128
546790,0,1128
1981140,0,1128
1148480,0,1128
284770,0,1128
363600,0,1128
546700,0,1128
3380340,0,1128
1028500,0,1128
437430,0,1128
2978540,0,1128
41010,0,1128
2738040,0,1128
384190,0,1128
531130,0,1128
1503850,0,1128
1126290,0,1128
584100,0,1128
3159570,0,1128
393520,0,1128
1801650,0,1128
1097200,0,1128
882250,0,1128
3518880,0,1128
1078710,0,1128
368510,0,1128
395170,0,1128
931310,0,1128
1402120,0,1128
253430,0,1128
211340,0,1128
201020,0,1128
490280,0,1128
2826440,0,1128
1928090,0,1128
602700,0,1128
236830,0,1128
1676910,0,1128
1974220,0,1128
1540350,0,1128
2249750,0,1128
1014180,0,1128
397460,0,1128
1425120,0,1128
556450,0,1128
329630,0,1128
430040,0,1128
531930,0,1128
798610,0,1128
292570,0,1128
834740,0,1128
437630,0,1128
2206270,0,1128
3494510,0,1128
1728520,0,1128
2206340,0,1128
545590,0,1128
272290,0,1128
1722020,0,1128
1076200,0,1128
3612390,0,1128
465280,0,1128
1263370,0,1128
613470,0,1128
928610,0,1128
464140,0,1128
453670,0,1128
629030,0,1128
2069150,0,1128
366230,0,1128
3073350,0,1128
578590,0,1128
24500,0,1128
534550,0,1128
11150,0,1128
1796220,0,1128
2089980,0,1128
330970,0,1128
2154650,0,1128
719290,0,1128
438640,0,1128
356040,0,1128
1356180,0,1128
511270,0,1128
1272010,0,1128
208400,0,1128
748970,0,1128
3221690,0,1128
374900,0,1128
3232040,0,1128
2086680,0,1128
2485860,0,1128
3703420,0,1128
638200,0,1128
676500,0,1128
1198630,0,1128
2516170,0,1128
249870,0,1128
1206430,0,1128
312200,0,1128
639730,0,1128
303740,0,1128
560710,0,1128
2013570,0,1128
1087390,0,1128
290040,0,1128
1120950,0,1128
976890,0,1128
830590,0,1128
1847240,0,1128
328850,0,1128
431700,0,1128
496680,0,1128
200060,0,1128
287680,0,1128
1865170,0,1128
2414340,0,1128
2608620,0,1128
367940,0,1128
1902850,0,1128
1801850,0,1128
603930,0,1128
489260,0,1128
370670,0,1128
625000,0,1128
315970,0,1128
503650,0,1128
2707110,0,1128
1201440,0,1128
406160,0,1128
2186360,0,1128
2429020,0,1128
1990740,0,1128
348240,0,1128
1949030,0,1128
11140,0,1128
362150,0,1128
1890880,0,1128
1973080,0,1128
626610,0,1128
302530,0,1128
2907190,0,1128
3044550,0,1128
1515260,0,1128
433450,0,1128
323490,0,1128
2455370,0,1128
3197110,0,1128
331870,0,1128
239940,0,1128
1836160,0,1128
761460,0,1128
1444400,0,1128
1606300,0,1128
1008860,0,1128
3232500,0,1128
204120,0,1128
2916210,0,1128
718590,0,1128
534200,0,1128
385530,0,1128
432440,0,1128
2959400,0,1128
1944780,0,1128
5930,0,1128
296220,0,1128
252410,0,1128
2350530,0,1128
241130,0,1128
439800,0,1128
779290,0,1128
464500,0,1128
2441120,0,1128
366270,0,1128
10510,0,1128
3033660,0,1128
1119600,0,1128
2820590,0,1128
2134770,0,1128
3637060,0,1128
240600,0,1128
603000,0,1128
212240,0,1128
1008140,0,1128
678850,0,1128
817510,0,1128
2839280,0,1128
930280,0,1128
1429150,0,1128
2916200,0,1128
1245250,0,1128
1273220,0,1128
218680,0,1128
1057750,0,1128
1184560,0,1128
1870150,0,1128
2083240,0,1128
2596420,0,1128
1019550,0,1128
351840,0,1128
649950,0,1128
2139300,0,1128
2345020,0,1128
362420,0,1128
2779570,0,1128
400850,0,1128
4890,0,1128
1992640,0,1128
1419160,0,1128
96300,0,1128
1153430,0,1128
109400,0,1128
812840,0,1128
860400,0,1128
2141770,0,1128
610120,0,1128
1292180,0,1128
1638220,0,1128
3431690,0,1128
39580,0,1128
3020,0,1128
2820140,0,1128
918670,0,1128
1525190,0,1128
218820,0,1128
1674920,0,1128
41220,0,1128
1168660,0,1128
337460,0,1128
2453610,0,1128
1162050,0,1128
2916170,0,1128
2884190,0,1128
2945280,0,1128
1514930,0,1128
1108000,0,1128
1367590,0,1128
496980,0,1128
1813130,0,1128
261220,0,1128
212370,0,1128
455630,0,1128
3095170,0,1128
1539140,0,1128
1266820,0,1128
3100490,0,1128
528110,0,1128
383040,0,1128
2081080,0,1128
1766100,0,1128
2430930,0,1128
428780,0,1128
817840,0,1128
39130,0,1128
568930,0,1128
255280,0,1128
1283230,0,1128
391750,0,1128
1578220,0,1128
40000,0,1128
289840,0,1128
4800,0,1128
957960,0,1128
1696220,0,1128
603350,0,1128
453690,0,1128
866190,0,1128
1253610,0,1128
571310,0,1128
618970,0,1128
313220,0,1128
1478160,0,1128
1068360,0,1128
369420,0,1128
3499150,0,1128
1306720,0,1128
2725200,0,1128
3349480,0,1128
2163590,0,1128
1450090,0,1128
1119840,0,1128
374190,0,1128
523070,0,1128
314810,0,1128
1177380,0,1128
2948640,0,1128
342860,0,1128
690040,0,1128
46480,0,1128
1934040,0,1128
1133110,0,1128
1370050,0,1128
832500,0,1128
514150,0,1128
241910,0,1128
1145960,0,1128
338320,0,1128
209630,0,1128
1485690,0,1128
1465550,0,1128
2104650,0,1128
1231950,0,1128
4870,0,1128
1249130,0,1128
1678140,0,1128
1394960,0,1128
39380,0,1128
1663040,0,1128
1904610,0,1128
493820,0,1128
1314390,0,1128
485450,0,1128
360830,0,1128
1772910,0,1128
7400,0,1128
556870,0,1128
1474740,0,1128
11080,0,1128
744260,0,1128
1603180,0,1128
1853760,0,1128
851810,0,1128
388420,0,1128
1734280,0,1128
707250,0,1128
570770,0,1128
2376170,0,1128
2085370,0,1128
536890,0,1128
240930,0,1128
80650,0,1128
1472930,0,1128
1207270,0,1128
1255040,0,1128
377420,0,1128
202710,0,1128
347090,0,1128
331660,0,1128
667720,0,1128
1361000,0,1128
3535380,0,1128
2975180,0,1128
350640,0,1128
2377240,0,1128
239680,0,1128
332410,0,1128
3201530,0,1128
2140690,0,1128
683230,0,1128
1590760,0,1128
1714900,0,1128
3054090,0,1128
239220,0,1128
875310,0,1128
1850960,0,1128
675610,0,1128
3461780,0,1128
1730250,0,1128
496260,0,1128
2078120,0,1128
317740,0,1128
3088040,0,1128
243380,0,1128
2694420,0,1128
965300,0,1128
2245910,0,1128
321870,0,1128
2285940,0,1128
550080,0,1128
1757580,0,1128
351700,0,1128
2008410,0,1128
507010,0,1128
393100,0,1128
25000,0,1128
2475460,0,1128
3385370,0,1128
11040,0,1128
1967600,0,1128
393500,0,1128
1453490,0,1128
271260,0,1128
2413210,0,1128
214150,0,1128
1154810,0,1128
1562420,0,1128
230820,0,1128
865940,0,1128
540160,0,1128
1374840,0,1128
363930,0,1128
665360,0,1128
1888840,0,1128
42160,0,1128
476400,0,1128
502770,0,1128
2916190,0,1128
2066750,0,1128
2317950,0,1128
463980,0,1128
42870,0,1128
1768780,0,1128
257890,0,1128
1088400,0,1128
2190140,0,1128
1963720,0,1128
3596260,0,1128
115210,0,1128
1103100,0,1128
1299620,0,1128
1817940,0,1128
2878600,0,1128
327220,0,1128
1946910,0,1128
588110,0,1128
1992370,0,1128
279830,0,1128
2401460,0,1128
857450,0,1128
1921780,0,1128
3540440,0,1128
2653260,0,1128
81620,0,1128
1354830,0,1128
546340,0,1128
1566060,0,1128
2793240,0,1128
426610,0,1128
1439770,0,1128
3057290,0,1128
1597730,0,1128
1823710,0,1128
212140,0,1128
599000,0,1128
1788890,0,1128
1170760,0,1128
314830,0,1128
612520,0,1128
2853840,0,1128
256500,0,1128
1145560,0,1128
1890860,0,1128
2969380,0,1128
1517970,0,1128
51040,0,1128
1889040,0,1128
534560,0,1128
1211930,0,1128
548710,0,1128
3209890,0,1128
115200,0,1128
1588560,0,1128
2337860,0,1128
25870,0,1128
3450210,0,1128
2311990,0,1128
205650,0,1128
400800,0,1128
3389860,0,1128
434120,0,1128
1662480,0,1128
1004370,0,1128
244350,0,1128
202090,0,1128
366420,0,1128
2432030,0,1128
1705140,0,1128
473520,0,1128
529420,0,1128
359840,0,1128
1172450,0,1128
2389930,0,1128
1882280,0,1128
24760,0,1128
1850270,0,1128
1605320,0,1128
3338540,0,1128
1129250,0,1128
418670,0,1128
1848450,0,1128
223180,0,1128
233840,0,1128
952290,0,1128
1292770,0,1128
1262060,0,1128
2647820,0,1128
115220,0,1128
2840900,0,1128
545800,0,1128
2914420,0,1128
619150,0,1128
1310330,0,1128
1069740,0,1128
281080,0,1128
1428100,0,1128
2360260,0,1128
3736920,0,1128
573120,0,1128
80520,0,1128
3000350,0,1128
1291010,0,1128
291540,0,1128
1556490,0,1128
938380,0,1128
1787960,0,1128
46550,0,1128
357100,0,1128
2945100,0,1128
2288440,0,1128
2681910,0,1128
241060,0,1128
1056610,0,1128
491950,0,1128
1717640,0,1128
632200,0,1128
4880,0,1128
576770,0,1128
22800,0,1128
1132910,0,1128
1520760,0,1128
2642820,0,1128
2702080,0,1128
495110,0,1128
630060,0,1128
966330,0,1128
1472660,0,1128
1100760,0,1128
1903970,0,1128
1058200,0,1128
2013240,0,1128
1241170,0,1128
2312520,0,1128
1432850,0,1128
1712820,0,1128
214340,0,1128
22200,0,1128
395570,0,1128
448020,0,1128
1429250,0,1128
284870,0,1128
1134480,0,1128
351510,0,1128
11060,0,1128
2291850,0,1128
567280,0,1128
2483850,0,1128
916160,0,1128
590970,0,1128
2216600,0,1128
362130,0,1128
2004000,0,1128
364710,0,1128
611760,0,1128
2071200,0,1128
2365080,0,1128
285800,0,1128
503770,0,1128
262450,0,1128
1508740,0,1128
46430,0,1128
3016920,0,1128
585830,0,1128
2673520,0,1128
514620,0,1128
439170,0,1128
1610700,0,1128
202030,0,1128
1700680,0,1128
1028490,0,1128
410950,0,1128
1995770,0,1128
2546690,1,1098
243800,1,1098
2669410,1,1098
541450,1,1098
1798020,1,1098
2789130,1,1098
1620040,1,1098
1562940,1,1098
498310,1,1098
383730,1,1098
2228080,1,1098
1666750,1,1098
406230,1,1098
1840800,1,1098
684690,1,1098
348470,1,1098
1475840,1,1098
1214650,1,1098
963580,1,1098
1567800,1,1098
692030,1,1098
978990,1,1098
435530,1,1098
1161190,1,1098
703180,1,1098
2264340,1,1098
931560,1,1098
1162550,1,1098
1047440,1,1098
321040,1,1098
477770,1,1098
1518430,1,1098
1442400,1,1098
355660,1,1098
443900,1,1098
1368870,1,1098
769670,1,1098
1036240,1,1098
1061690,1,1098
563840,1,1098
229170,1,1098
529020,1,1098
2491200,1,1098
625980,1,1098
1113570,1,1098
958210,1,1098
237370,1,1098
1328990,1,1098
548840,1,1098
262940,1,1098
1777440,1,1098
2551570,1,1098
2407990,1,1098
1271700,1,1098
1159420,1,1098
1363740,1,1098
1063040,1,1098
21610,1,1098
1496590,1,1098
2707170,1,1098
261590,1,1098
1510700,1,1098
418550,1,1098
1038810,1,1098
1614270,1,1098
218630,1,1098
1265800,1,1098
81400,1,1098
1191630,1,1098
2429190,1,1098
1540210,1,1098
1502380,1,1098
495280,1,1098
851890,1,1098
2677750,1,1098
2051120,1,1098
707280,1,1098
1623940,1,1098
460870,1,1098
1069650,1,1098
217410,1,1098
882650,1,1098
454120,1,1098
1325730,1,1098
650070,1,1098
1524550,1,1098
1307690,1,1098
792660,1,1098
408630,1,1098
1744330,1,1098
1152310,1,1098
377870,1,1098
936160,1,1098
2412890,1,1098
843390,1,1098
1836860,1,1098
571260,1,1098
1144300,1,1098
1282410,1,1098
743900,1,1098
1423600,1,1098
1324340,1,1098
418250,1,1098
1640160,1,1098
218760,1,1098
1732190,1,1098
2383690,1,1098
372390,1,1098
1749750,1,1098
351970,1,1098
297690,1,1098
1345760,1,1098
260130,1,1098
1471280,1,1098
460120,1,1098
724250,1,1098
2829100,1,1098
224060,1,1098
2510810,1,1098
1449500,1,1098
1282210,1,1098
2699820,1,1098
233130,1,1098
1636030,1,1098
1252010,1,1098
1036890,1,1098
2219000,1,1098
330710,1,1098
1167450,1,1098
715400,1,1098
210990,1,1098
378610,1,1098
1770490,1,1098
2172900,1,1098
3366300,1,1098
760630,1,1098
1024950,1,1098
1074760,1,1098
268890,1,1098
1683320,1,1098
1866420,1,1098
520950,1,1098
545990,1,1098
495050,1,1098
2115630,1,1098
1681060,1,1098
2229890,1,1098
1570510,1,1098
1220150,1,1098
999020,1,1098
1145330,1,1098
1109690,1,1098
63930,1,1098
256370,1,1098
1233570,1,1098
2658450,1,1098
2680570,1,1098
1191260,1,1098
958400,1,1098
81130,1,1098
1685460,1,1098
1732340,1,1098
1097580,1,1098
2478020,1,1098
637670,1,1098
2740080,1,1098
61530,1,1098
274450,1,1098
1119980,1,1098
459470,1,1098
223140,1,1098
835430,1,1098
689520,1,1098
536800,1,1098
313660,1,1098
330040,1,1098
219640,1,1098
759740,1,1098
2386860,1,1098
2614070,1,1098
2476940,1,1098
1312800,1,1098
863910,1,1098
1730700,1,1098
2203230,1,1098
2676000,1,1098
1407090,1,1098
1009290,1,1098
1314820,1,1098
730310,1,1098
1377700,1,1098
224580,1,1098
5910,1,1098
1286350,1,1098
1492730,1,1098
1740660,1,1098
1571340,1,1098
2551110,1,1098
1763430,1,1098
351710,1,1098
387340,1,1098
1843940,1,1098
1255560,1,1098
1060220,1,1098
3276070,1,1098
917150,1,1098
405900,1,1098
511740,1,1098
1712010,1,1098
1684400,1,1098
467520,1,1098
202170,1,1098
343010,1,1098
1054050,1,1098
1367300,1,1098
1102340,1,1098
722060,1,1098
2009100,1,1098
1163600,1,1098
1279590,1,1098
1309710,1,1098
1759380,1,1098
817480,1,1098
1342410,1,1098
421720,1,1098
218450,1,1098
1489970,1,1098
1776380,1,1098
2844850,1,1098
1782150,1,1098
362870,1,1098
1089000,1,1098
521880,1,1098
881000,1,1098
265300,1,1098
410850,1,1098
1647550,1,1098
1477940,1,1098
2316580,1,1098
1630110,1,1098
1161490,1,1098
1178410,1,1098
2423720,1,1098
620040,1,1098
1162650,1,1098
1753320,1,1098
2461850,1,1098
1223810,1,1098
1304340,1,1098
1227690,1,1098
403030,1,1098
1201270,1,1098
1655500,1,1098
3030720,1,1098
2731870,1,1098
1309620,1,1098
1191660,1,1098
1155980,1,1098
988910,1,1098
588720,1,1098
479330,1,1098
1403840,1,1098
641080,1,1098
444970,1,1098
1196090,1,1098
256390,1,1098
2618270,1,1098
303290,1,1098
732690,1,1098
2278010,1,1098
1223730,1,1098
287200,1,1098
942300,1,1098
418720,1,1098
2233120,1,1098
1294420,1,1098
265100,1,1098
454530,1,1098
388980,1,1098
2171280,1,1098
628130,1,1098
1267420,1,1098
345390,1,1098
1226510,1,1098
342290,1,1098
325490,1,1098
1184380,1,1098
1522160,1,1098
444930,1,1098
469610,1,1098
1321720,1,1098
1334000,1,1098
889710,1,1098
1314140,1,1098
1293820,1,1098
305540,1,1098
1024640,1,1098
571720,1,1098
566840,1,1098
2285240,1,1098
1612780,1,1098
363130,1,1098
2565550,1,1098
205930,1,1098
2230650,1,1098
2983250,1,1098
524440,1,1098
970570,1,1098
406550,1,1098
495480,1,1098
2545280,1,1098
515960,1,1098
741140,1,1098
658260,1,1098
419400,1,1098
58310,1,1098
953580,1,1098
3021190,1,1098
1496250,1,1098
1944790,1,1098
783210,1,1098
1062340,1,1098
1482490,1,1098
1151450,1,1098
322520,1,1098
1146310,1,1098
595740,1,1098
2717880,1,1098
1461810,1,1098
975000,1,1098
2614400,1,1098
2510710,1,1098
3040760,1,1098
738510,1,1098
47930,1,1098
1030210,1,1098
498880,1,1098
1620290,1,1098
1194590,1,1098
1803410,1,1098
583850,1,1098
1563130,1,1098
1449200,1,1098
839450,1,1098
707300,1,1098
1149440,1,1098
2507620,1,1098
214310,1,1098
529830,1,1098
1311070,1,1098
402620,1,1098
407250,1,1098
1035140,1,1098
1021100,1,1098
321270,1,1098
552280,1,1098
2779890,1,1098
842910,1,1098
67370,1,1098
1607200,1,1098
502280,1,1098
585450,1,1098
566440,1,1098
852910,1,1098
306300,1,1098
1567020,1,1098
1096690,1,1098
1142100,1,1098
407810,1,1098
18040,1,1098
1812300,1,1098
1707990,1,1098
312650,1,1098
1242710,1,1098
271030,1,1098
935360,1,1098
1811950,1,1098
1090630,1,1098
1642170,1,1098
1292950,1,1098
1266220,1,1098
1585850,1,1098
1447000,1,1098
331600,1,1098
1370140,1,1098
2582050,1,1098
311290,1,1098
1216980,1,1098
607890,1,1098
619960,1,1098
524580,1,1098
912450,1,1098
2058750,1,1098
1356240,1,1098
1104660,1,1098
1610460,1,1098
228240,1,1098
798290,1,1098
1474770,1,1098
1019100,1,1098
691770,1,1098
1082180,1,1098
1225580,1,1098
574720,1,1098
1342260,1,1098
1271100,1,1098
870520,1,1098
742300,1,1098
1265930,1,1098
758330,1,1098
607880,1,1098
1289520,1,1098
552700,1,1098
1777750,1,1098
441830,1,1098
1849360,1,1098
1465070,1,1098
529180,1,1098
1025960,1,1098
2518960,1,1098
1234730,1,1098
3004100,1,1098
2223840,1,1098
1788780,1,1098
1420770,1,1098
1243860,1,1098
802870,1,1098
1380420,1,1098
494730,1,1098
209660,1,1098
645730,1,1098
1776170,1,1098
1266700,1,1098
1660840,1,1098
1357860,1,1098
1861230,1,1098
490920,1,1098
1151670,1,1098
2570810,1,1098
1465050,1,1098
2958970,1,1098
865820,1,1098
1074080,1,1098
1497950,1,1098
1680880,1,1098
433550,1,1098
243950,1,1098
1283440,1,1098
1732060,1,1098
1217570,1,1098
1066630,1,1098
1576350,1,1098
1462570,1,1098
1095120,1,1098
1104460,1,1098
1634150,1,1098
1485100,1,1098
409850,1,1098
448850,1,1098
1836200,1,1098
2394270,1,1098
404590,1,1098
2707140,1,1098
2462490,1,1098
512540,1,1098
1480810,1,1098
554620,1,1098
845890,1,1098
2242710,1,1098
1053390,1,1098
1670870,1,1098
583040,1,1098
226720,1,1098
2436570,1,1098
306630,1,1098
693660,1,1098
928960,1,1098
223670,1,1098
731040,1,1098
1265570,1,1098
1736690,1,1098
445430,1,1098
354830,1,1098
1843310,1,1098
660160,1,1098
868550,1,1098
1451950,1,1098
1590910,1,1098
479010,1,1098
362010,1,1098
878880,1,1098
202480,1,1098
214850,1,1098
1214470,1,1098
1776970,1,1098
477870,1,1098
868400,1,1098
21900,1,1098
2527460,1,1098
316830,1,1098
802880,1,1098
628150,1,1098
306330,1,1098
837610,1,1098
2567190,1,1098
554820,1,1098
524410,1,1098
1785910,1,1098
444140,1,1098
3027620,1,1098
1253550,1,1098
466130,1,1098
1442820,1,1098
1249200,1,1098
2244160,1,1098
261020,1,1098
1303950,1,1098
1149550,1,1098
253840,1,1098
528640,1,1098
1273560,1,1098
467950,1,1098
1163340,1,1098
1151440,1,1098
2100160,1,1098
205330,1,1098
403750,1,1098
3049990,1,1098
968790,1,1098
1403440,1,1098
1856480,1,1098
2760480,1,1098
2961660,1,1098
801630,1,1098
1082380,1,1098
574050,1,1098
1029630,1,1098
814000,1,1098
802890,1,1098
404680,1,1098
259060,1,1098
1217380,1,1098
715680,1,1098
1282150,1,1098
2667530,1,1098
658140,1,1098
2450450,1,1098
2680050,1,1098
1232460,1,1098
1298140,1,1098
223350,1,1098
2287520,1,1098
1074870,1,1098
1453850,1,1098
223650,1,1098
1591530,1,1098
502800,1,1098
1192440,1,1098
375900,1,1098
649500,1,1098
2576030,1,1098
1210810,1,1098
297130,1,1098
2947250,1,1098
2906650,1,1098
1642620,1,1098
678520,1,1098
2520980,1,1098
1490680,1,1098
209650,1,1098
1677970,1,1098
857320,1,1098
2357400,1,1098
2834320,1,1098
81700,1,1098
312980,1,1098
255160,1,1098
458380,1,1098
617560,1,1098
483950,1,1098
345900,1,1098
1754870,1,1098
1840350,1,1098
752570,1,1098
1840080,1,1098
2928330,1,1098
990050,1,1098
61830,1,1098
329440,1,1098
1110910,1,1098
2394350,1,1098
1379930,1,1098
2994010,1,1098
1295270,1,1098
1622710,1,1098
1355270,1,1098
779430,1,1098
1480140,1,1098
1122100,1,1098
312350,1,1098
1652490,1,1098
1249800,1,1098
3473170,1,1098
1595050,1,1098
2202120,1,1098
1222370,1,1098
1451810,1,1098
326690,1,1098
306760,1,1098
617570,1,1098
886820,1,1098
2631250,1,1098
5480,1,1098
335070,1,1098
1924170,1,1098
2535440,1,1098
1386780,1,1098
1502970,1,1098
707030,1,1098
1011390,1,1098
1027250,1,1098
1736400,1,1098
424590,1,1098
1321150,1,1098
571530,1,1098
991260,1,1098
521760,1,1098
1165870,1,1098
1233880,1,1098
319910,1,1098
392470,1,1098
535480,1,1098
222960,1,1098
1774380,1,1098
644710,1,1098
1683100,1,1098
1127700,1,1098
1287840,1,1098
2313140,1,1098
1812370,1,1098
2392500,1,1098
562860,1,1098
1369370,1,1098
2258770,1,1098
977720,1,1098
1750420,1,1098
2551920,1,1098
1425730,1,1098
1363840,1,1098
1961950,1,1098
1461920,1,1098
507490,1,1098
1674830,1,1098
1457080,1,1098
1004750,1,1098
1145030,1,1098
2366530,1,1098
1105450,1,1098
588190,1,1098
2213190,1,1098
1475850,1,1098
511680,1,1098
871980,1,1098
419230,1,1098
375380,1,1098
819020,1,1098
1152300,1,1098
355130,1,1098
1381850,1,1098
1610470,1,1098
1481440,1,1098
1111380,1,1098
1341820,1,1098
354600,1,1098
559100,1,1098
252690,1,1098
567090,1,1098
1121780,1,1098
639490,1,1098
2292260,1,1098
978960,1,1098
2456960,1,1098
541660,1,1098
2229830,1,1098
584150,1,1098
1755910,1,1098
2512090,1,1098
984680,1,1098
495290,1,1098
2340870,1,1098
1318090,1,1098
2383990,1,1098
1846330,1,1098
398810,1,1098
2243710,1,1098
2973120,1,1098
1658920,1,1098
1779000,1,1098
936190,1,1098
288140,1,1098
2340650,1,1098
1072450,1,1098
449800,1,1098
819030,1,1098
1457520,1,1098
1766420,1,1098
1154080,1,1098
2545270,1,1098
487390,1,1098
1153640,1,1098
2295610,1,1098
1502990,1,1098
1089830,1,1098
1762930,1,1098
1457510,1,1098
549080,1,1098
952540,1,1098
726110,1,1098
887800,1,1098
428420,1,1098
473690,1,1098
427940,1,1098
1799380,1,1098
543870,1,1098
928440,1,1098
2418000,1,1098
230330,1,1098
1158370,1,1098
860670,1,1098
1560410,1,1098
411830,1,1098
2602020,1,1098
1767570,1,1098
1368130,1,1098
984780,1,1098
223160,1,1098
1321680,1,1098
312670,1,1098
345660,1,1098
1316910,1,1098
981750,1,1098
464880,1,1098
217430,1,1098
1393600,1,1098
464450,1,1098
964570,1,1098
1163590,1,1098
1282590,1,1098
1502560,1,1098
758730,1,1098
1418790,1,1098
1494470,1,1098
1566880,1,1098
661990,1,1098
1219240,1,1098
936180,1,1098
2459750,1,1098
1341200,1,1098
370460,1,1098
396900,1,1098
451780,1,1098
2184620,1,1098
2311530,1,1098
542290,1,1098
668550,1,1098
416190,1,1098
868750,1,1098
1100430,1,1098
1267520,1,1098
1069530,1,1098
1141580,1,1098
1236530,1,1098
1283400,1,1098
1062040,1,1098
1351630,1,1098
1167750,1,1098
1850050,1,1098
787510,1,1098
686720,1,1098
908060,1,1098
2556610,1,1098
1013140,1,1098
756530,1,1098
585080,1,1098
668660,1,1098
985830,1,1098
65110,1,1098
1509080,1,1098
2941310,1,1098
1403800,1,1098
2073470,1,1098
2534370,1,1098
2071010,1,1098
1519060,1,1098
1783530,1,1098
1078120,1,1098
798510,1,1098
749960,1,1098
400170,1,1098
1715980,1,1098
837510,1,1098
2223740,1,1098
570090,1,1098
434880,1,1098
3027600,1,1098
2197680,1,1098
2000100,1,1098
2250600,1,1098
1656830,1,1098
635940,1,1098
1474930,1,1098
798490,1,1098
330160,1,1098
1333200,1,1098
2297010,1,1098
738530,1,1098
1065520,1,1098
230350,1,1098
423040,1,1098
2183980,1,1098
2576020,1,1098
1932160,1,1098
2737970,1,1098
2287330,1,1098
218130,1,1098
2183650,1,1098
1963210,1,1098
1451080,1,1098
1685750,1,1098
2070990,1,1098
1602080,1,1098
1458040,1,1098
317140,1,1098
2224740,1,1098
3013550,1,1098
1889930,1,1098
5940,1,1098
824550,1,1098
1786210,1,1098
2458830,1,1098
824280,1,1098
570050,1,1098
602410,1,1098
1033950,1,1098
310390,1,1098
541310,1,1098
42670,1,1098
506260,1,1098
1259800,1,1098
915710,1,1098
215220,1,1098
71340,1,1098
1247290,1,1098
2659050,1,1098
955560,1,1098
2441700,1,1098
385720,1,1098
1716120,1,1098
1229020,1,1098
306640,1,1098
1045620,1,1098
728470,1,1098
420560,1,1098
444570,1,1098
1135300,1,1098
2436340,1,1098
1710580,1,1098
1184050,1,1098
211670,1,1098
2361760,1,1098
1069640,1,1098
1039940,1,1098
1839940,1,1098
409890,1,1098
889510,1,1098
20590,1,1098
1202540,1,1098
319260,1,1098
353270,1,1098
2719200,1,1098
579020,1,1098
769920,1,1098
1250650,1,1098
1174400,1,1098
2254740,1,1098
589670,1,1098
2379390,1,1098
2350280,1,1098
55110,1,1098
1084790,1,1098
1040730,1,1098
1270720,1,1098
1437750,1,1098
1012790,1,1098
619390,1,1098
816090,1,1098
769680,1,1098
261470,1,1098
527290,1,1098
321900,1,1098
1696400,1,1098
865610,1,1098
2615630,1,1098
1730680,1,1098
1450080,1,1098
1730190,1,1098
744060,1,1098
677340,1,1098
425220,1,1098
1152320,1,1098
1035120,1,1098
200590,1,1098
1196470,1,1098
628170,1,1098
322090,1,1098
541640,1,1098
2781750,1,1098
2687670,1,1098
1079830,1,1098
1722760,1,1098
1247100,1,1098
611660,1,1098
1348390,1,1098
1566390,1,1098
2314820,1,1098
251810,1,1098
1444650,1,1098
754890,1,1098
269470,1,1098
2313020,1,1098
2250790,1,1098
1038250,1,1098
2728410,1,1098
1570130,1,1098
553760,1,1098
3078590,1,1098
1793030,1,1098
2235020,1,1098
2856140,1,1098
1066110,1,1098
922170,1,1098
623090,1,1098
1610290,1,1098
515260,1,1098
261450,1,1098
409870,1,1098
1557860,1,1098
1016790,1,1098
539660,1,1098
977460,1,1098
1224230,1,1098
251110,1,1098
355060,1,1098
626600,1,1098
225140,1,1098
2313670,1,1098
2854170,1,1098
1150080,1,1098
868410,1,1098
1715280,1,1098
2620350,1,1098
885000,1,1098
1416190,1,1098
836760,1,1098
1694430,1,1098
3276060,1,1098
438130,1,1098
1098260,1,1098
1049890,1,1098
202290,1,1098
303310,1,1098
675240,1,1098
228980,1,1098
785260,1,1098
330720,1,1098
587260,1,1098
712970,1,1098
1087760,1,1098
2113920,1,1098
770200,1,1098
321650,1,1098
262490,1,1098
370540,1,1098
2446550,1,1098
1023940,1,1098
1449280,1,1098
19930,1,1098
571890,1,1098
1295550,1,1098
1665130,1,1098
710470,1,1098
1038300,1,1098
1481080,1,1098
2730540,1,1098
245490,1,1098
687800,1,1098
575480,1,1098
1269950,1,1098
898890,1,1098
312780,1,1098
47790,1,1098
2463800,1,1098
940650,1,1098
970560,1,1098
289690,1,1098
1695830,1,1098
703730,1,1098
629860,1,1098
1998340,1,1098
1036640,1,1098
1775460,1,1098
3002850,1,1098
2627780,1,1098
1175830,1,1098
211140,1,1098
314500,1,1098
610190,1,1098
1056510,1,1098
389670,1,1098
16830,1,1098
1599020,1,1098
1310410,1,1098
1581040,1,1098
524390,1,1098
739650,1,1098
1635590,1,1098
2863640,1,1098
2783750,1,1098
236150,1,1098
806950,1,1098
1497120,1,1098
1187940,1,1098
2322380,1,1098
492090,1,1098
427510,1,1098
1016960,1,1098
1698340,1,1098
1150530,1,1098
1237980,1,1098
300790,1,1098
1205480,1,1098
2588000,1,1098
629650,1,1098
981890,1,1098
2138090,1,1098
444510,1,1098
333350,1,1098
108800,1,1098
2459420,1,1098
606370,1,1098
891020,1,1098
2424110,1,1098
1096930,1,1098
1286320,1,1098
1681870,1,1098
1717020,1,1098
1325400,1,1098
960420,1,1098
203600,1,1098
2321120,1,1098
1832040,1,1098
2447420,1,1098
711750,1,1098
227740,1,1098
2712550,1,1098
1811070,1,1098
1061910,1,1098
2850820,1,1098
685320,1,1098
499280,1,1098
1246870,1,1098
378360,1,1098
1823930,1,1098
1538750,1,1098
566540,1,1098
2171290,1,1098
2652220,1,1098
1502980,1,1098
852710,1,1098
285380,1,1098
306110,1,1098
210410,1,1098
2989250,1,1098
577980,1,1098
2581370,1,1098
318220,1,1098
501590,1,1098
530070,1,1098
1638330,1,1098
861590,1,1098
945770,1,1098
493840,1,1098
235540,1,1098
281610,1,1098
548810,1,1098
2432110,1,1098
930910,1,1098
2889660,1,1098
2910990,2,751
512000,2,751
842180,2,751
357300,2,751
3227760,2,751
2473480,2,751
1083880,2,751
2633080,2,751
487000,2,751
1158220,2,751
350070,2,751
2530420,2,751
469720,2,751
1623210,2,751
3443620,2,751
447200,2,751
598530,2,751
369370,2,751
1424710,2,751
451020,2,751
3218600,2,751
1182620,2,751
1924780,2,751
627350,2,751
1580800,2,751
1573280,2,751
1177420,2,751
846200,2,751
1316680,2,751
2006140,2,751
1502190,2,751
2337200,2,751
493540,2,751
487120,2,751
1556870,2,751
409450,2,751
439730,2,751
1389550,2,751
2831340,2,751
1232570,2,751
1496940,2,751
431120,2,751
253920,2,751
659040,2,751
812040,2,751
1047810,2,751
995980,2,751
2582650,2,751
410670,2,751
1924140,2,751
792100,2,751
2150660,2,751
813300,2,751
1194930,2,751
1183800,2,751
1047010,2,751
948640,2,751
503340,2,751
498980,2,751
429620,2,751
832770,2,751
208750,2,751
2027360,2,751
2289390,2,751
1034060,2,751
2082080,2,751
1125480,2,751
304500,2,751
877810,2,751
691830,2,751
562310,2,751
2402310,2,751
1113010,2,751
1272580,2,751
631190,2,751
723810,2,751
1510770,2,751
1972550,2,751
2143680,2,751
1869270,2,751
1454000,2,751
914020,2,751
931040,2,751
1961970,2,751
1023280,2,751
1772830,2,751
364200,2,751
1203180,2,751
1847150,2,751
1735950,2,751
3394710,2,751
3114330,2,751
1031480,2,751
733710,2,751
256030,2,751
2908950,2,751
1786010,2,751
3510600,2,751
1754850,2,751
1608450,2,751
1329350,2,751
286360,2,751
311800,2,751
1266030,2,751
926140,2,751
2017620,2,751
578440,2,751
2352790,2,751
1138660,2,751
1975360,2,751
1789030,2,751
794540,2,751
2830860,2,751
2609060,2,751
2868070,2,751
1550730,2,751
1227280,2,751
249760,2,751
603390,2,751
383460,2,751
1157960,2,751
1173200,2,751
316670,2,751
368080,2,751
1329510,2,751
532950,2,751
1674890,2,751
43100,2,751
2652480,2,751
396640,2,751
1472560,2,751
2195410,2,751
2514640,2,751
1727550,2,751
1370170,2,751
201210,2,751
795950,2,751
2903050,2,751
490080,2,751
307670,2,751
840010,2,751
580720,2,751
272230,2,751
2573260,2,751
2477090,2,751
1273540,2,751
2906370,2,751
2943280,2,751
270750,2,751
843200,2,751
1099640,2,751
1169550,2,751
2600570,2,751
328760,2,751
1262930,2,751
445190,2,751
522610,2,751
296970,2,751
2417870,2,751
372960,2,751
1635350,2,751
633970,2,751
471550,2,751
3192360,2,751
1102650,2,751
1001220,2,751
1369740,2,751
1586800,2,751
1232060,2,751
1702180,2,751
695920,2,751
2251620,2,751
972840,2,751
936210,2,751
1703590,2,751
638850,2,751
511630,2,751
519940,2,751
358130,2,751
772660,2,751
1058690,2,751
2746910,2,751
1986310,2,751
622630,2,751
1709350,2,751
273850,2,751
522240,2,751
2946030,2,751
462990,2,751
920320,2,751
1476520,2,751
1277320,2,751
958320,2,751
327670,2,751
1515900,2,751
1174460,2,751
204530,2,751
833850,2,751
557220,2,751
1220170,2,751
273860,2,751
3465000,2,751
412210,2,751
1755070,2,751
622040,2,751
699330,2,751
519190,2,751
237550,2,751
373770,2,751
1471270,2,751
919360,2,751
1533590,2,751
447120,2,751
258970,2,751
1741040,2,751
1461980,2,751
447190,2,751
1515320,2,751
2590260,2,751
246760,2,751
350400,2,751
1600530,2,751
1195020,2,751
3044100,2,751
1375900,2,751
439700,2,751
1426120,2,751
3381200,2,751
2915660,2,751
3019470,2,751
1528010,2,751
1433860,2,751
1356280,2,751
3123830,2,751
1368030,2,751
272470,2,751
759040,2,751
1176710,2,751
2542140,2,751
603750,2,751
1435990,2,751
593530,2,751
248190,2,751
1250760,2,751
2671230,2,751
2262080,2,751
98800,2,751
1325040,2,751
1656930,2,751
572430,2,751
1115020,2,751
1293180,2,751
250110,2,751
279720,2,751
633080,2,751
39550,2,751
2449810,2,751
868520,2,751
1074070,2,751
1851610,2,751
2442410,2,751
1906220,2,751
2180340,2,751
291860,2,751
986040,2,751
1132980,2,751
311720,2,751
3206870,2,751
1109840,2,751
1433340,2,751
1204230,2,751
2554670,2,751
782690,2,751
269190,2,751
1502040,2,751
269310,2,751
299740,2,751
994220,2,751
927250,2,751
1592110,2,751
1714050,2,751
2059660,2,751
322950,2,751
1995890,2,751
268130,2,751
245050,2,751
1487270,2,751
528190,2,751
2428440,2,751
553540,2,751
280790,2,751
2716930,2,751
2083160,2,751
1101190,2,751
345180,2,751
1757610,2,751
1071220,2,751
470210,2,751
1775520,2,751
2174500,2,751
917720,2,751
2094910,2,751
544330,2,751
1599330,2,751
899630,2,751
1072150,2,751
1619520,2,751
385380,2,751
1861290,2,751
337960,2,751
1899830,2,751
369530,2,751
2765460,2,751
617480,2,751
469920,2,751
1067310,2,751
448620,2,751
3279120,2,751
786490,2,751
1783280,2,751
551620,2,751
1075550,2,751
1560770,2,751
713380,2,751
42910,2,751
2377370,2,751
938560,2,751
402880,2,751
2214880,2,751
897030,2,751
2241380,2,751
371140,2,751
670500,2,751
727130,2,751
241240,2,751
2455060,2,751
1573630,2,751
383270,2,751
1708480,2,751
1144030,2,751
1802880,2,751
965820,2,751
3676330,2,751
606000,2,751
464060,2,751
231740,2,751
531780,2,751
304190,2,751
770120,2,751
1342890,2,751
1538970,2,751
1042780,2,751
2311820,2,751
1371720,2,751
1264670,2,751
752900,2,751
3592280,2,751
227220,2,751
1446350,2,751
1031460,2,751
520600,2,751
2259260,2,751
2796550,2,751
1014940,2,751
431280,2,751
551860,2,751
278970,2,751
921800,2,751
2108290,2,751
1554470,2,751
1377360,2,751
568570,2,751
2788040,2,751
1327080,2,751
799640,2,751
1169100,2,751
2016990,2,751
1644940,2,751
3064270,2,751
381120,2,751
1371690,2,751
1158690,2,751
2555320,2,751
600640,2,751
1939790,2,751
2237910,2,751
986680,2,751
1146630,2,751
943980,2,751
1988750,2,751
1237610,2,751
264140,2,751
916840,2,751
2102760,2,751
2480200,2,751
471810,2,751
1156730,2,751
980480,2,751
2753240,2,751
73050,2,751
421170,2,751
466420,2,751
254200,2,751
1240050,2,751
2395810,2,751
1263070,2,751
1127840,2,751
1167140,2,751
648390,2,751
662840,2,751
552900,2,751
312540,2,751
1240590,2,751
2118500,2,751
685340,2,751
433900,2,751
1979440,2,751
1420060,2,751
2286770,2,751
407880,2,751
3251130,2,751
614630,2,751
975620,2,751
94400,2,751
887450,2,751
681730,2,751
1750030,2,751
259660,2,751
826170,2,751
1415220,2,751
323220,2,751
1042490,2,751
1065100,2,751
517970,2,751
1629830,2,751
318230,2,751
638800,2,751
1824580,2,751
1231990,2,751
2215910,2,751
2536960,2,751
1102710,2,751
335670,2,751
837280,2,751
1828360,2,751
1812910,2,751
1260810,2,751
418120,2,751
1883260,2,751
1486140,2,751
1637730,2,751
1380650,2,751
1281160,2,751
3173890,2,751
2625620,2,751
1203630,2,751
2502650,2,751
699160,2,751
2132560,2,751
791330,2,751
1708150,2,751
1432830,2,751
703880,2,751
300620,2,751
1732800,2,751
2403290,2,751
2598750,2,751
662960,2,751
2663950,2,751
237470,2,751
2717830,2,751
2240150,2,751
1329880,2,751
215530,2,751
703980,2,751
810040,2,751
2669860,2,751
2540230,2,751
1627040,2,751
333390,2,751
935560,2,751
346470,2,751
2613210,2,751
1590730,2,751
1535100,2,751
1706930,2,751
646690,2,751
2838940,2,751
619780,2,751
413710,2,751
526160,2,751
433920,2,751
1005120,2,751
1465710,2,751
1709880,2,751
861550,2,751
1843470,2,751
1981820,2,751
690140,2,751
3552210,2,751
2545640,2,751
537990,2,751
944080,2,751
569390,2,751
1382320,2,751
586930,2,751
50990,2,751
746420,2,751
843170,2,751
1948700,2,751
1430970,2,751
301280,2,751
1899060,2,751
1247460,2,751
242780,2,751
1856740,2,751
524200,2,751
1311700,2,751
440950,2,751
1453790,2,751
1589120,2,751
333980,2,751
2560500,2,751
1178420,2,751
987350,2,751
2812820,2,751
1611070,2,751
273760,2,751
1437890,2,751
319250,2,751
351100,2,751
2295520,2,751
240970,2,751
2517890,2,751
3469870,2,751
3024830,2,751
425040,2,751
888530,2,751
1078330,2,751
1316230,2,751
2757490,2,751
2727210,2,751
952040,2,751
1802390,2,751
2644360,2,751
499180,2,751
1132760,2,751
2649480,2,751
2512190,2,751
1297330,2,751
853650,2,751
2206210,2,751
2951840,2,751
823950,2,751
919290,2,751
227180,2,751
2202010,2,751
887490,2,751
1708010,2,751
1335240,2,751
1079700,2,751
1985960,2,751
2169950,2,751
846110,2,751
651670,2,751
995230,2,751
3523390,2,751
1716310,2,751
474750,2,751
371570,2,751
574070,2,751
516430,2,751
1944570,2,751
816760,2,751
2141690,2,751
2776290,2,751
1094130,2,751
1209410,2,751
680360,2,751
2657030,2,751
2421600,2,751
1593780,2,751
826540,2,751
1922960,2,751
1639080,2,751
1729790,2,751
1739070,2,751
3172280,2,751
2794290,2,751
207100,2,751
288120,2,751
478980,2,751
477200,2,751
600090,2,751
1094250,2,751
1736550,2,751
1734320,2,751
1997470,2,751
465200,2,751
346180,2,751
1740150,2,751
1387580,2,751
1093290,2,751
1597220,2,751
504130,2,751
1808680,2,751
327870,2,751
2414750,2,751
1840440,2,751
509580,2,751
1022780,2,751
1924430,2,751
104900,2,751
1425000,2,751
1109570,2,751
1882040,2,751
3288460,2,751
1621760,2,751
2455920,2,751
978520,2,751
2101540,2,751
1389250,2,751
582270,2,751
2480560,2,751
398000,2,751
1038740,2,751
2756820,2,751
315940,2,751
1575680,2,751
1818180,2,751
3499580,2,751
2443020,2,751
1139940,2,751
671510,2,751
2476490,2,751
967250,2,751
1125510,2,751
1330660,2,751
1292500,2,751
1791590,2,751
2963550,2,751
1354990,2,751
953870,2,751
1555150,2,751
2014550,2,751
1549690,2,751
2635410,2,751
3054610,2,751
1681840,2,751
2829600,2,751
518060,2,751
3413960,2,751
1097350,2,751
717790,2,751
1376200,2,751
2527520,2,751
2553920,2,751
1456650,2,751
916290,2,751
465000,2,751
762180,2,751
1085220,2,751
58520,2,751
216890,2,751
300630,2,751
1331210,2,751
1615930,2,751
1445430,2,751
3422160,2,751
761030,2,751
851100,2,751
2351080,2,751
1195420,2,751
2178330,2,751
1702390,2,751
495880,2,751
1421290,2,751
334420,2,751
2423710,2,751
375820,2,751
1429500,2,751
1175460,2,751
1009750,2,751
909660,2,751
838940,2,751
2521600,2,751
1592170,2,751
474030,2,751
1238920,2,751
1921480,2,751
1646790,2,751
429300,2,751
818610,2,751
310060,2,751
2409780,2,751
921390,2,751
867920,2,751
576050,2,751
1173240,2,751
1525410,2,751
438270,2,751
1911940,2,751
1663640,2,751
296710,2,751
617010,2,751
1143810,2,751
704920,2,751
2321350,2,751
2240560,2,751
790360,2,751
2221840,2,751
1470020,2,751
1135830,2,751
2095300,2,751
651660,2,751
1701770,2,751
1296450,2,751
2695270,2,751
1100900,2,751
347800,2,751
2090810,2,751
844930,2,751
527340,2,751
542260,2,751
471010,2,751
1761070,2,751
3158260,2,751
3469850,2,751
2332410,2,751
542050,2,751
3239440,2,751
449960,2,751
1931010,2,751
2924170,2,751
1912750,2,751
2332640,2,751
1337920,2,751
650440,2,751
1579660,2,751
2153750,2,751
787850,2,751
368620,2,751
574080,2,751
464080,2,751
1469620,2,751
2735220,2,751
962580,2,751
2484130,2,751
3200740,2,751
415010,2,751
1213740,2,751
2562380,3,664
898800,3,664
314980,3,664
1040460.0,3,664
1370410,3,664
352680,3,664
2763670,3,664
55140,3,664
393190,3,664
646500,3,664
1002560,3,664
21100.0,3,664
327090,3,664
2964010,3,664
3062380,3,664
1302110,3,664
2497110,3,664
810640,3,664
408250,3,664
2055290,3,664
1383570,3,664
398250,3,664
1110050,3,664
1454580,3,664
1090670,3,664
2214790,3,664
3142400,3,664
7650,3,664
2706370,3,664
2661160,3,664
374360,3,664
3026410,3,664
915330.0,3,664
45200,3,664
1451740,3,664
886300,3,664
286240,3,664
414760,3,664
2320130,3,664
666960,3,664
37210,3,664
863470,3,664
3448280,3,664
570840,3,664
261160,3,664
2275940,3,664
1349230,3,664
495350,3,664
940850,3,664
2308360,3,664
387130,3,664
1044770,3,664
252870,3,664
1239050,3,664
3298460,3,664
1764390,3,664
730430,3,664
1098250,3,664
1182370,3,664
1252680,3,664
65600,3,664
997380,3,664
2118810,3,664
1042380,3,664
591370,3,664
910630,3,664
1782670,3,664
674500,3,664
549160,3,664
448830,3,664
353850,3,664
874450,3,664
1411740,3,664
1039960.0,3,664
1913740,3,664
872820,3,664
3515950,3,664
2054740,3,664
1028590,3,664
2556990,3,664
387970,3,664
2211730,3,664
2512620.0,3,664
634700,3,664
407230,3,664
1169490,3,664
2704140,3,664
280720,3,664
804270,3,664
531180.0,3,664
1371660,3,664
1063980,3,664
2300160,3,664
2185030,3,664
424200,3,664
1390190,3,664
256290,3,664
214790,3,664
1486440,3,664
2827810,3,664
9850,3,664
485230,3,664
393270,3,664
982300,3,664
790300,3,664
2499520,3,664
1733110,3,664
2244470,3,664
2782830,3,664
383100,3,664
2971440,3,664
22700.0,3,664
130.0,3,664
2245700,3,664
1449750,3,664
251450,3,664
1093370,3,664
549240,3,664
282400,3,664
37220,3,664
2095450,3,664
881930,3,664
1424270,3,664
33460,3,664
673430,3,664
461620,3,664
4720,3,664
1955340,3,664
1444520,3,664
844850.0,3,664
355020.0,3,664
531890,3,664
1323470,3,664
1880610,3,664
392330,3,664
2339250,3,664
426630,3,664
1928540,3,664
545040,3,664
1636310,3,664
954280,3,664
1671350,3,664
2026870,3,664
3062050,3,664
595640,3,664
2638100,3,664
429040,3,664
689980,3,664
1634950,3,664
270170,3,664
862110,3,664
1753490,3,664
673600,3,664
2354000,3,664
1358840,3,664
980940,3,664
1240730,3,664
1018010,3,664
449520,3,664
2258510,3,664
3464570,3,664
1630960,3,664
1807330,3,664
2084660,3,664
248970,3,664
3160290,3,664
33320,3,664
2251070,3,664
301420,3,664
1079970,3,664
2151580,3,664
1222580,3,664
1155590,3,664
820520,3,664
976720,3,664
2495750,3,664
782250,3,664
491700,3,664
961640,3,664
1045580,3,664
306410,3,664
606680,3,664
353020,3,664
313140,3,664
1972050,3,664
2520870.0,3,664
838630,3,664
1972820,3,664
740080,3,664
1641240,3,664
1700270.0,3,664
449320,3,664
1485590,3,664
458560,3,664
7210,3,664
982270,3,664
3274030,3,664
40400,3,664
628040.0,3,664
1072310,3,664
791960,3,664
1568940,3,664
3279100.0,3,664
1900340,3,664
2613060.0,3,664
891220,3,664
2285890,3,664
3313700,3,664
2195840,3,664
1379670,3,664
842270,3,664
338040.0,3,664
279140,3,664
2612700.0,3,664
2776020,3,664
1048560,3,664
839820,3,664
2021480,3,664
246580,3,664
360380,3,664
1383630,3,664
2389570,3,664
778700,3,664
287920,3,664
862570,3,664
2006090,3,664
838270,3,664
734980,3,664
2067790,3,664
972430,3,664
225000.0,3,664
821570,3,664
813530.0,3,664
665370.0,3,664
3008050,3,664
2412490.0,3,664
336200,3,664
1248060,3,664
1071350,3,664
512470,3,664
2321210,3,664
1356670.0,3,664
377260,3,664
1638340,3,664
2688570,3,664
3048500,3,664
2146450,3,664
2308630,3,664
878380,3,664
741590,3,664
2902000,3,664
357310,3,664
777760,3,664
317150,3,664
924140,3,664
15200,3,664
625730,3,664
4770,3,664
1022840,3,664
655360.0,3,664
383740,3,664
668010,3,664
2330870,3,664
275670,3,664
2994990,3,664
2743970.0,3,664
1141290,3,664
542820,3,664
1362560,3,664
416870,3,664
2294130,3,664
341310,3,664
2897560,3,664
1219590,3,664
1590660,3,664
495890,3,664
1342740,3,664
335000,3,664
564040,3,664
2223700,3,664
2298690,3,664
241700,3,664
1780270,3,664
3364880,3,664
910540,3,664
1140070,3,664
1919460,3,664
918430,3,664
650510,3,664
521150,3,664
1570070,3,664
1007730,3,664
275570,3,664
793670,3,664
1489380,3,664
688060,3,664
2131680,3,664
202530,3,664
297210,3,664
2887910,3,664
339030,3,664
1237220,3,664
997060,3,664
2808570,3,664
1062000,3,664
1793260,3,664
1310350,3,664
1322540,3,664
1151130,3,664
3449840,3,664
2400770,3,664
1074340.0,3,664
2553710,3,664
433910,3,664
1775270,3,664
231140,3,664
2584240,3,664
1067720,3,664
815780,3,664
650220,3,664
2058730,3,664
1613470,3,664
1730910,3,664
1525890,3,664
501050,3,664
2135690,3,664
1981250,3,664
2637070.0,3,664
247430,3,664
546390,3,664
384200,3,664
556050,3,664
2669380,3,664
1649010.0,3,664
2529250,3,664
385730,3,664
1092040,3,664
875670,3,664
440520,3,664
245950,3,664
1291790,3,664
1725860,3,664
440650,3,664
3235040,3,664
1569820,3,664
1933740,3,664
355800,3,664
1655460,3,664
3572870.0,3,664
357440,3,664
461430,3,664
2756390,3,664
252110,3,664
704910,3,664
15120,3,664
959030,3,664
657200,3,664
1273520,3,664
1081540,3,664
98400,3,664
538100.0,3,664
305800,3,664
2088250,3,664
846140,3,664
411320,3,664
243360,3,664
760410,3,664
550340,3,664
1976150,3,664
317600,3,664
878110.0,3,664
1442360,3,664
346810,3,664
259780,3,664
2558580,3,664
299460,3,664
591930,3,664
1279600,3,664
2473640.0,3,664
45100,3,664
497880,3,664
764370,3,664
706990,3,664
2078040,3,664
9760,3,664
2205330,3,664
1889740,3,664
672150.0,3,664
1837480,3,664
3269890,3,664
1177030,3,664
915460,3,664
349680,3,664
2012390,3,664
619610,3,664
2479320,3,664
3409750,3,664
1016770.0,3,664
1978330,3,664
1844720,3,664
1089790.0,3,664
1527890,3,664
2073220,3,664
1691320,3,664
1048290,3,664
1660370,3,664
400240,3,664
1127690,3,664
499610,3,664
344130,3,664
109200,3,664
1684010,3,664
1129570,3,664
624120,3,664
1804170,3,664
1264880,3,664
2182420,3,664
761910,3,664
1271280.0,3,664
249630,3,664
1017480,3,664
2976400,3,664
504750,3,664
1716940,3,664
792650,3,664
780150,3,664
1888660,3,664
2169220,3,664
2215260,3,664
455200,3,664
3077790,3,664
496450.0,3,664
434050,3,664
827940,3,664
316410,3,664
435400,3,664
1768280,3,664
1112400,3,664
2444350,3,664
346330,3,664
2448980,3,664
1981570,3,664
245970,3,664
3512680,3,664
1979410,3,664
723790,3,664
1989070,3,664
2281860,3,664
206500,3,664
2456940,3,664
224160,3,664
704760,3,664
2211280,3,664
3169620.0,3,664
671440,3,664
1162700,3,664
340150,3,664
974600,3,664
2658820,3,664
2392280,3,664
6370.0,3,664
506480,3,664
573410,3,664
1521070,3,664
908100,3,664
893870,3,664
2628570,3,664
233070,3,664
1331090,3,664
3209620,3,664
2824590,3,664
1269060,3,664
1044210,3,664
950670,3,664
339210,3,664
713230,3,664
703700,3,664
212010,3,664
222500,3,664
1733250,3,664
2354570,3,664
2022670,3,664
9310,3,664
3075690,3,664
1741640,3,664
1051690,3,664
1145340,3,664
1248980,3,664
227600,3,664
3504670,3,664
3413740,3,664
696580,3,664
1333900,3,664
686900,3,664
2775910,3,664
1569090,3,664
2827610,3,664
1431230,3,664
399790,3,664
1157220,3,664
2246880,3,664
1026990,3,664
1702120,3,664
224900,3,664
533780,3,664
703320,3,664
705100,3,664
446240,3,664
798810,3,664
37940.0,3,664
260230,3,664
949060,3,664
1369690,3,664
599600,3,664
555450,3,664
3694360.0,3,664
758530,3,664
1421750,3,664
604940,3,664
1100150.0,3,664
2590250,3,664
474050,3,664
1540,3,664
1666160,3,664
1018020,3,664
328080,3,664
324680,3,664
411310,3,664
1512830,3,664
1060230,3,664
2427560,3,664
1504570,3,664
527100,3,664
435440,3,664
2386580,3,664
1147940,3,664
306260,3,664
726710,3,664
2882400,3,664
2061150,3,664
2478730,3,664
797400.0,3,664
1849790,3,664
338820,3,664
2971900,3,664
342310,3,664
1256380,3,664
595430,3,664
1139280,3,664
211160,3,664
2108180,3,664
2521630,3,664
80980,3,664
1044640,3,664
502820,3,664
1802980,3,664
1112690,3,664
2141320,3,664
2099220,3,664
491100.0,3,664
2441270,3,664
761170,3,664
312840,3,664
395860.0,3,664
1407860,3,664
273350,3,664
390560,3,664
303610,3,664
308460,3,664
2572300,3,664
1582650.0,3,664
1010750,3,664
714070,3,664
284100,3,664
1712840,3,664
712180,3,664
912910,3,664
3049460,3,664
946990,3,664
3157850,3,664
15390,3,664
1135260.0,3,664
778010,3,664
342610,3,664
1170880,3,664
1992330,3,664
390870,3,664
623550,3,664
238910,3,664
503390,3,664
2873760,3,664
529640.0,3,664
716390.0,3,664
282530,3,664
1379870,3,664
2103470,3,664
866440,3,664
314970,3,664
1245430.0,3,664
1510,3,664
460810,3,664
2166470,3,664
2001070,3,664
1743830,3,664
748040,3,664
1111460,3,664
2954780,3,664
3630390,3,664
370240,3,664
914950,3,664
454720,3,664
906110,3,664
942200,3,664
985870,3,664
347620,3,664
1857080,3,664
1475460,3,664
844590,3,664
2622440,3,664
2387380,3,664
20530.0,3,664
2564320,3,664
2559270,3,664
1812560,3,664
1108190,3,664
1729140,3,664
2324650,3,664
1552550,3,664
1839930,3,664
860860,3,664
39000,3,664
2608350,3,664
417380,3,664
2942150,3,664
316430,3,664
1341280,3,664
322290,3,664
285740,3,664
878250,3,664
2884070,3,664
2157340,3,664
1261090,3,664
235800,3,664
1998660,3,664
319140,3,664
1664060,3,664
486720,3,664
1119580,3,664
543430,3,664
260730,3,664
936780,3,664
581980,3,664
2996270,3,664
6420,3,664
893390,3,664
99300,3,664
931650,3,664
1123300,3,664
1287530,3,664
58560,3,664
279110,3,664
1148650,3,664
1281080,3,664
1395760,3,664
1550180,4,658
1748390,4,658
2217550,4,658
1307370,4,658
572730,4,658
2222540,4,658
3019990,4,658
1007400,4,658
1480370,4,658
18820,4,658
1928710,4,658
269490,4,658
3160400,4,658
349250,4,658
932420,4,658
1974520,4,658
420930,4,658
2438260,4,658
388880,4,658
3615160,4,658
998830,4,658
1695680,4,658
320090,4,658
495200,4,658
503580,4,658
3107070,4,658
372820,4,658
1949190,4,658
704640,4,658
2762460,4,658
618140,4,658
1239260,4,658
978980,4,658
3110490,4,658
737490,4,658
746510,4,658
61730,4,658
661460,4,658
2676820,4,658
650700,4,658
3258290,4,658
1074620,4,658
522940,4,658
1576720,4,658
2418120,4,658
2154330,4,658
2960320,4,658
587520,4,658
1984790,4,658
218040,4,658
31880,4,658
2409360,4,658
299150,4,658
529630,4,658
2736860,4,658
1502110,4,658
2101250,4,658
31910,4,658
3243760,4,658
359440,4,658
1282760,4,658
575970,4,658
1915380,4,658
2176570,4,658
1718160,4,658
1393750,4,658
436160,4,658
1498140,4,658
1925560,4,658
615780,4,658
290470,4,658
2578910,4,658
605920,4,658
3350140,4,658
1491200,4,658
4260,4,658
1048830,4,658
402970,4,658
2477270,4,658
3432500,4,658
614910,4,658
2581050,4,658
2118120,4,658
659630,4,658
615730,4,658
1077160,4,658
640800,4,658
396750,4,658
1858530,4,658
1573700,4,658
1261180,4,658
460960,4,658
1036750,4,658
3663290,4,658
586890,4,658
416840,4,658
1164250,4,658
389570,4,658
470130,4,658
1836550,4,658
1062960,4,658
816250,4,658
2311680,4,658
340770,4,658
1956040,4,658
384240,4,658
268870,4,658
612610,4,658
1285010,4,658
1018800,4,658
348560,4,658
578310,4,658
869120,4,658
466910,4,658
1573090,4,658
1069360,4,658
2463980,4,658
2697200,4,658
449780,4,658
865060,4,658
1268310,4,658
261180,4,658
1044110,4,658
2510130,4,658
453300,4,658
294160,4,658
2828960,4,658
3023490,4,658
1612020,4,658
250340,4,658
1054370,4,658
2568880,4,658
3462440,4,658
500090,4,658
3296800,4,658
423850,4,658
3633670,4,658
1435670,4,658
415980,4,658
2265920,4,658
299110,4,658
523610,4,658
2276830,4,658
729720,4,658
1043560,4,658
517710,4,658
557810,4,658
806140,4,658
1863670,4,658
2794860,4,658
2793720,4,658
1203670,4,658
1110100,4,658
1920500,4,658
2317640,4,658
1950450,4,658
1192730,4,658
1201550,4,658
2175250,4,658
3207880,4,658
2178370,4,658
717780,4,658
2003290,4,658
799590,4,658
1835240,4,658
3376740,4,658
3228180,4,658
660070,4,658
2466680,4,658
463920,4,658
909380,4,658
1533680,4,658
42200,4,658
1507420,4,658
365050,4,658
845600,4,658
426000,4,658
3147390,4,658
372510,4,658
953740,4,658
596240,4,658
747970,4,658
1296360,4,658
1970460,4,658
373120,4,658
450850,4,658
742170,4,658
857740,4,658
314430,4,658
2370140,4,658
2788520,4,658
1751350,4,658
362110,4,658
31940,4,658
2282020,4,658
913740,4,658
1295940,4,658
581920,4,658
1689070,4,658
1583500,4,658
658050,4,658
31840,4,658
965680,4,658
1074190,4,658
8600,4,658
3224960,4,658
1819570,4,658
397040,4,658
1898290,4,658
405670,4,658
262120,4,658
1206410,4,658
1711950,4,658
2124930,4,658
834880,4,658
533850,4,658
2005210,4,658
682370,4,658
615770,4,658
844420,4,658
349500,4,658
1473250,4,658
2594640,4,658
670280,4,658
1412170,4,658
1881350,4,658
2468990,4,658
1221230,4,658
1061770,4,658
753660,4,658
823500,4,658
3313930,4,658
3318550,4,658
3037180,4,658
873960,4,658
2825110,4,658
287070,4,658
2919560,4,658
3107590,4,658
809720,4,658
263620,4,658
2062930,4,658
3229480,4,658
723090,4,658
833770,4,658
3393620,4,658
3413460,4,658
1220260,4,658
353360,4,658
855860,4,658
1761820,4,658
572710,4,658
2700230,4,658
352440,4,658
1146100,4,658
2904320,4,658
950140,4,658
598060,4,658
2507640,4,658
1518810,4,658
3400990,4,658
949290,4,658
1451490,4,658
226820,4,658
1272550,4,658
2947940,4,658
1964200,4,658
3247270,4,658
597240,4,658
1743650,4,658
1342630,4,658
31830,4,658
752200,4,658
1471180,4,658
581630,4,658
872580,4,658
2820600,4,658
2957700,4,658
2985930,4,658
292660,4,658
1569440,4,658
222730,4,658
788270,4,658
33190,4,658
1468160,4,658
1581580,4,658
667220,4,658
1276610,4,658
720150,4,658
1307090,4,658
1565890,4,658
1477020,4,658
355550,4,658
575690,4,658
1781750,4,658
483830,4,658
544920,4,658
621970,4,658
2580000,4,658
2824660,4,658
2360210,4,658
2678280,4,658
3177210,4,658
3113230,4,658
739290,4,658
2799690,4,658
1081670,4,658
2675630,4,658
1160500,4,658
31810,4,658
1493020,4,658
2552310,4,658
3051380,4,658
1485080,4,658
1718240,4,658
368180,4,658
1052990,4,658
569610,4,658
527710,4,658
762220,4,658
509540,4,658
2413400,4,658
3087650,4,658
520540,4,658
437870,4,658
719470,4,658
248860,4,658
338000,4,658
355490,4,658
639320,4,658
1985710,4,658
3180930,4,658
1590640,4,658
2917350,4,658
2368470,4,658
3149840,4,658
516610,4,658
1403310,4,658
254150,4,658
346650,4,658
42230,4,658
299180,4,658
1886120,4,658
2430440,4,658
1144250,4,658
1037840,4,658
2240790,4,658
3304770,4,658
351800,4,658
705120,4,658
33120,4,658
1252320,4,658
1948870,4,658
1203890,4,658
1449100,4,658
1184810,4,658
1147490,4,658
291190,4,658
2168610,4,658
2452630,4,658
1324350,4,658
1195410,4,658
271760,4,658
211010,4,658
3088250,4,658
843900,4,658
1926590,4,658
957080,4,658
2021130,4,658
1297390,4,658
3245050,4,658
2815610,4,658
354270,4,658
2419710,4,658
2366060,4,658
213650,4,658
356670,4,658
1162070,4,658
2814910,4,658
1946430,4,658
1437760,4,658
3140620,4,658
31850,4,658
1234940,4,658
1674340,4,658
2782400,4,658
1985740,4,658
446880,4,658
274900,4,658
1958390,4,658
2610090,4,658
1818690,4,658
1182090,4,658
370020,4,658
233150,4,658
330620,4,658
298180,4,658
3107080,4,658
2483800,4,658
1066010,4,658
1901370,4,658
33110,4,658
960730,4,658
2676770,4,658
2082540,4,658
1082970,4,658
918070,4,658
703030,4,658
863270,4,658
277460,4,658
1778210,4,658
3153610,4,658
492170,4,658
1307580,4,658
610410,4,658
2959530,4,658
345460,4,658
359510,4,658
729460,4,658
2107090,4,658
1826980,4,658
1104380,4,658
951530,4,658
339320,4,658
2308300,4,658
1177970,4,658
553310,4,658
8640,4,658
463390,4,658
547360,4,658
1160490,4,658
270630,4,658
816190,4,658
585900,4,658
3183350,4,658
397100,4,658
43600,4,658
639650,4,658
3167180,4,658
659780,4,658
2070550,4,658
929340,4,658
2343240,4,658
1988630,4,658
42210,4,658
642840,4,658
936500,4,658
1241020,4,658
2303740,4,658
2920360,4,658
2803280,4,658
392120,4,658
2056200,4,658
1083760,4,658
212800,4,658
2140650,4,658
1592740,4,658
1996010,4,658
1501490,4,658
3247200,4,658
988430,4,658
1247640,4,658
732050,4,658
723350,4,658
1290330,4,658
543600,4,658
1513120,4,658
1150730,4,658
1253580,4,658
2580130,4,658
1150890,4,658
1997780,4,658
1748750,4,658
202670,4,658
1038450,4,658
1077540,4,658
1895780,4,658
862800,4,658
1309000,4,658
1092150,4,658
210230,4,658
313680,4,658
2355250,4,658
1601280,4,658
3059750,4,658
2187660,4,658
31930,4,658
1903510,4,658
44660,4,658
42220,4,658
2259310,4,658
1610120,4,658
2876550,4,658
1126270,4,658
2879480,4,658
812940,4,658
947940,4,658
572700,4,658
1253710,4,658
1457430,4,658
2447310,4,658
3421300,4,658
955050,4,658
31800,4,658
249330,4,658
926310,4,658
2016080,4,658
615670,4,658
2076140,4,658
2142540,4,658
1185270,4,658
788420,4,658
518030,4,658
517130,4,658
1649830,4,658
718650,4,658
3432530,4,658
801120,4,658
335620,4,658
324310,4,658
2515210,4,658
2181930,4,658
952690,4,658
315610,4,658
706880,4,658
2707300,4,658
541230,4,658
1820720,4,658
610570,4,658
1968430,4,658
1078870,4,658
963710,4,658
1926520,4,658
959520,4,658
849740,4,658
358090,4,658
1043340,4,658
2357760,4,658
891180,4,658
1825210,4,658
2726890,4,658
1651790,4,658
681920,4,658
461750,4,658
788960,4,658
220420,4,658
2834600,4,658
3128740,4,658
3200080,4,658
2462060,4,658
2938130,4,658
2224920,4,658
314950,4,658
3491230,4,658
1168170,4,658
1253870,4,658
2277320,4,658
1238330,4,658
3092090,4,658
661960,4,658
1132710,4,658
919010,4,658
816380,4,658
771950,4,658
2285820,4,658
654880,4,658
257730,4,658
3064420,4,658
790600,4,658
2166060,4,658
425990,4,658
881490,4,658
1070710,4,658
2132840,4,658
340550,4,658
675140,4,658
446750,4,658
3163790,4,658
798840,4,658
2593760,4,658
527310,4,658
1441550,4,658
1969080,4,658
1608590,4,658
922460,4,658
1178830,4,658
409670,4,658
950100,4,658
2876250,4,658
3220830,4,658
571340,4,658
2086850,4,658
31890,4,658
2770460,4,658
668170,4,658
433590,4,658
3758470,4,658
831770,4,658
747920,4,658
891480,4,658
483980,4,658
2449430,4,658
2090760,4,658
602480,4,658
587430,4,658
2852980,4,658
356460,4,658
713650,4,658
752470,4,658
580540,4,658
33100,4,658
574560,4,658
1492200,4,658
1990050,4,658
345010,4,658
734080,4,658
333330,4,658
612720,4,658
1851280,4,658
2214500,4,658
697610,4,658
2618940,4,658
2608250,4,658
1830720,4,658
1105130,4,658
1566530,4,658
360250,4,658
2181610,4,658
251370,4,658
1510580,4,658
3012510,4,658
559310,4,658
1083820,4,658
323730,4,658
860910,4,658
278360,4,658
3007270,4,658
777420,4,658
200080,4,658
985590,4,658
1481970,4,658
286300,4,658
2824230,4,658
1035990,4,658
1981610,4,658
363980,4,658
2229560,4,658
1862840,4,658
486150,4,658
3353360,4,658
1725640,4,658
2209680,4,658
2861150,4,658
1151920,4,658
1148150,4,658
271570,4,658
552230,4,658
1045070,4,658
973170,5,559
619310,5,559
2123100,5,559
3126180,5,559
1474100,5,559
1038440,5,559
867180,5,559
250600,5,559
701940,5,559
1721460,5,559
2141300,5,559
1142500,5,559
1720850,5,559
652150,5,559
3292260,5,559
1270980,5,559
1285430,5,559
450020,5,559
1834500,5,559
977340,5,559
265730,5,559
823310,5,559
1004770,5,559
844380,5,559
539270,5,559
1903370,5,559
1498130,5,559
1133730,5,559
1859860,5,559
2675350,5,559
412520,5,559
588040,5,559
2774580,5,559
485750,5,559
1899350,5,559
1538730,5,559
91700,5,559
855550,5,559
3446200,5,559
1572380,5,559
3030580,5,559
773630,5,559
289500,5,559
3455450,5,559
1686520,5,559
821670,5,559
286200,5,559
1101930,5,559
1844240,5,559
1906850,5,559
536990,5,559
12470,5,559
3356790,5,559
364420,5,559
1632670,5,559
798420,5,559
1183030,5,559
2274110,5,559
355190,5,559
993110,5,559
468170,5,559
1037010,5,559
1056490,5,559
2356310,5,559
3101800,5,559
3250970,5,559
1910130,5,559
39530,5,559
658800,5,559
2580020,5,559
3349850,5,559
540840,5,559
359940,5,559
2633500,5,559
651970,5,559
2537010,5,559
2482270,5,559
2109010,5,559
433840,5,559
1085260,5,559
997560,5,559
1784780,5,559
2735630,5,559
2357910,5,559
1107470,5,559
1885690,5,559
2461050,5,559
331650,5,559
317790,5,559
872560,5,559
2069040,5,559
680930,5,559
3078920,5,559
2238180,5,559
686870,5,559
1359120,5,559
708710,5,559
2250080,5,559
270010,5,559
2942700,5,559
535910,5,559
936980,5,559
1831980,5,559
361430,5,559
3425890,5,559
2735950,5,559
2700780,5,559
1000410,5,559
342130,5,559
1100420,5,559
705240,5,559
1024330,5,559
1826570,5,559
1387560,5,559
2712540,5,559
748880,5,559
1511270,5,559
1730650,5,559
2591070,5,559
2364560,5,559
269110,5,559
2612660,5,559
200570,5,559
3269960,5,559
1691970,5,559
2986260,5,559
1407140,5,559
1230800,5,559
347980,5,559
1300920,5,559
2940490,5,559
1108590,5,559
1021860,5,559
2369950,5,559
2956280,5,559
2397420,5,559
3426800,5,559
3291310,5,559
962370,5,559
522130,5,559
2078910,5,559
1126260,5,559
1750570,5,559
878350,5,559
1117990,5,559
589120,5,559
745310,5,559
1492250,5,559
1717090,5,559
734870,5,559
1639790,5,559
750850,5,559
1224120,5,559
2379910,5,559
460630,5,559
2060480,5,559
3301340,5,559
292160,5,559
1430200,5,559
1116540,5,559
1190150,5,559
3693550,5,559
3166930,5,559
358390,5,559
568500,5,559
2567520,5,559
1131800,5,559
843720,5,559
2502760,5,559
1871920,5,559
2009240,5,559
1407180,5,559
700030,5,559
724940,5,559
508980,5,559
2159210,5,559
2430450,5,559
508540,5,559
946700,5,559
1124950,5,559
1582290,5,559
2021450,5,559
1384320,5,559
338170,5,559
1091920,5,559
543380,5,559
435240,5,559
693210,5,559
1091010,5,559
2344820,5,559
938870,5,559
356270,5,559
859150,5,559
1967700,5,559
2416650,5,559
2814340,5,559
704360,5,559
655740,5,559
2633170,5,559
1557480,5,559
1763830,5,559
1635790,5,559
2757720,5,559
312610,5,559
2932040,5,559
3250980,5,559
1522080,5,559
455950,5,559
702050,5,559
1147110,5,559
3337210,5,559
650820,5,559
2516820,5,559
2442380,5,559
2415240,5,559
1796910,5,559
1299060,5,559
421040,5,559
3163060,5,559
3400650,5,559
3433030,5,559
289200,5,559
396710,5,559
987020,5,559
978440,5,559
464240,5,559
1309480,5,559
1520840,5,559
1096590,5,559
916320,5,559
2108950,5,559
11480,5,559
3085770,5,559
1615100,5,559
1958270,5,559
2774240,5,559
2712910,5,559
3384870,5,559
389250,5,559
411020,5,559
1259380,5,559
1299400,5,559
2060730,5,559
1509040,5,559
2823890,5,559
2106560,5,559
1040430,5,559
1334730,5,559
1497570,5,559
1257850,5,559
879000,5,559
1689640,5,559
547900,5,559
885150,5,559
3144770,5,559
3569590,5,559
974150,5,559
3338660,5,559
1096520,5,559
975680,5,559
435200,5,559
1462490,5,559
808360,5,559
249550,5,559
426920,5,559
3066570,5,559
533540,5,559
979640,5,559
356310,5,559
481870,5,559
448670,5,559
2783430,5,559
1879640,5,559
2158860,5,559
347950,5,559
2020530,5,559
1648190,5,559
1041840,5,559
202310,5,559
1891090,5,559
1290260,5,559
583060,5,559
2793960,5,559
2745870,5,559
251870,5,559
772430,5,559
2602770,5,559
3664820,5,559
3015510,5,559
666570,5,559
1114030,5,559
405590,5,559
422630,5,559
1657780,5,559
3134280,5,559
2628420,5,559
619540,5,559
222420,5,559
1273480,5,559
326270,5,559
12370,5,559
1136370,5,559
3194140,5,559
950240,5,559
2722360,5,559
797440,5,559
553790,5,559
338710,5,559
739190,5,559
1008020,5,559
1513300,5,559
2532050,5,559
1445440,5,559
2593850,5,559
894940,5,559
1519890,5,559
1706870,5,559
943260,5,559
2283780,5,559
1546370,5,559
2382250,5,559
1838970,5,559
453910,5,559
485760,5,559
1226160,5,559
268750,5,559
264080,5,559
1600230,5,559
2447580,5,559
1428870,5,559
2903560,5,559
2567490,5,559
402160,5,559
2521180,5,559
722180,5,559
1154120,5,559
464950,5,559
852480,5,559
1975120,5,559
462930,5,559
2953560,5,559
1500740,5,559
1026160,5,559
2363730,5,559
226140,5,559
234570,5,559
831450,5,559
1822550,5,559
1424300,5,559
349950,5,559
265610,5,559
2493220,5,559
406110,5,559
881990,5,559
1620,5,559
1959960,5,559
1639990,5,559
2380360,5,559
384680,5,559
359420,5,559
2175130,5,559
1098170,5,559
1435310,5,559
1290750,5,559
1978150,5,559
300510,5,559
512770,5,559
2971610,5,559
461600,5,559
1346070,5,559
1802270,5,559
1299290,5,559
1866630,5,559
324520,5,559
287310,5,559
2420240,5,559
1945310,5,559
2340400,5,559
378570,5,559
275390,5,559
781130,5,559
1024160,5,559
1483610,5,559
1427890,5,559
1016600,5,559
1246020,5,559
737870,5,559
259550,5,559
2020480,5,559
463080,5,559
2315010,5,559
1106340,5,559
910320,5,559
348870,5,559
1309610,5,559
898460,5,559
2322520,5,559
1975580,5,559
640150,5,559
554810,5,559
1451480,5,559
2075580,5,559
747050,5,559
1771430,5,559
2674810,5,559
1070230,5,559
748480,5,559
1131920,5,559
3060630,5,559
1129540,5,559
2299740,5,559
2020520,5,559
2094600,5,559
660030,5,559
2004290,5,559
2093610,5,559
3464510,5,559
396690,5,559
1123190,5,559
3130,5,559
821610,5,559
591750,5,559
2286780,5,559
2698870,5,559
311240,5,559
1738610,5,559
2714490,5,559
1588870,5,559
307150,5,559
788200,5,559
3017140,5,559
2963230,5,559
353240,5,559
405460,5,559
2900,5,559
1250180,5,559
683940,5,559
573550,5,559
1967730,5,559
347720,5,559
1574310,5,559
3050220,5,559
3340810,5,559
2486930,5,559
1049880,5,559
1092630,5,559
315810,5,559
295630,5,559
323650,5,559
346290,5,559
2020500,5,559
2103070,5,559
365020,5,559
965760,5,559
1679210,5,559
281450,5,559
3351670,5,559
529500,5,559
3175860,5,559
711980,5,559
797310,5,559
1807570,5,559
821790,5,559
2078450,5,559
384030,5,559
876180,5,559
2910,5,559
1423370,5,559
1863390,5,559
263800,5,559
3290170,5,559
207570,5,559
3009460,5,559
809200,5,559
2741670,5,559
913060,5,559
2523910,5,559
2942050,5,559
460580,5,559
318600,5,559
2378460,5,559
932190,5,559
344340,5,559
752550,5,559
2336980,5,559
281520,5,559
2701700,5,559
520520,5,559
892960,5,559
2121190,5,559
3438040,5,559
3462260,5,559
879420,5,559
1397390,5,559
3141890,5,559
417920,5,559
553290,5,559
409290,5,559
2622470,5,559
944110,5,559
3263340,5,559
328230,5,559
3249050,5,559
905640,5,559
2091250,5,559
2304680,5,559
1014280,5,559
1864950,5,559
2530170,5,559
589590,5,559
440740,5,559
409000,5,559
2772820,5,559
2229160,5,559
299020,5,559
722960,5,559
1479390,5,559
2357500,5,559
728430,5,559
767420,5,559
1178150,5,559
2075740,5,559
788180,5,559
954420,5,559
810230,5,559
1610,5,559
2879570,5,559
305920,5,559
656200,5,559
468180,5,559
792120,5,559
289420,5,559
2865490,5,559
2653790,5,559
400790,5,559
788470,5,559
1427920,5,559
953340,5,559
2310810,5,559
1067850,5,559
2597260,5,559
2293900,5,559
1759440,5,559
1925320,5,559
2796180,5,559
1034370,5,559
1969310,5,559
498580,5,559
2998750,5,559
1315160,5,559
1520850,5,559
1640300,5,559
2433730,5,559
260430,5,559
469990,5,559
302570,5,559
1421390,5,559
1800770,5,559
3275010,5,559
688630,6,547
500150,6,547
827120,6,547
834380,6,547
1769780,6,547
491720,6,547
3267430,6,547
449160,6,547
363510,6,547
1216230,6,547
596140,6,547
646060,6,547
704040,6,547
793280,6,547
3096550,6,547
2345770,6,547
687320,6,547
586620,6,547
1484800,6,547
3613770,6,547
3125250,6,547
508680,6,547
315320,6,547
955070,6,547
1067580,6,547
2265230,6,547
863940,6,547
547540,6,547
2396740,6,547
1184210,6,547
1137770,6,547
640120,6,547
2235240,6,547
792810,6,547
1022130,6,547
907290,6,547
1394930,6,547
610210,6,547
980090,6,547
2711350,6,547
462700,6,547
898720,6,547
2080820,6,547
981020,6,547
1650980,6,547
2065810,6,547
2690970,6,547
327900,6,547
905970,6,547
675120,6,547
523970,6,547
2183910,6,547
1363350,6,547
394290,6,547
779060,6,547
1610610,6,547
489350,6,547
1584940,6,547
764570,6,547
878750,6,547
1763230,6,547
367280,6,547
1352730,6,547
221180,6,547
1248220,6,547
523030,6,547
3533730,6,547
1284820,6,547
2403340,6,547
1096720,6,547
535660,6,547
1067900,6,547
1623700,6,547
1482770,6,547
1934300,6,547
1418430,6,547
1639210,6,547
1536620,6,547
1816140,6,547
431460,6,547
235660,6,547
702310,6,547
458510,6,547
2676840,6,547
2756830,6,547
1200730,6,547
370230,6,547
969760,6,547
978970,6,547
2142230,6,547
790850,6,547
506540,6,547
1304350,6,547
602590,6,547
824600,6,547
1506600,6,547
1094390,6,547
3188550,6,547
2400340,6,547
200550,6,547
17740,6,547
2965660,6,547
2056880,6,547
238260,6,547
231040,6,547
513560,6,547
699390,6,547
2595880,6,547
2575900,6,547
2517810,6,547
489660,6,547
252070,6,547
2535770,6,547
1086410,6,547
10270,6,547
583090,6,547
401490,6,547
777470,6,547
376240,6,547
462620,6,547
362520,6,547
310370,6,547
486480,6,547
2142260,6,547
1191120,6,547
365080,6,547
909430,6,547
876290,6,547
3141580,6,547
302130,6,547
3126980,6,547
1223870,6,547
2398450,6,547
2074890,6,547
2547120,6,547
2351420,6,547
1100170,6,547
3382170,6,547
1683610,6,547
1079160,6,547
1549750,6,547
714130,6,547
3021940,6,547
1215320,6,547
1663310,6,547
3373670,6,547
1346360,6,547
495560,6,547
826600,6,547
561590,6,547
1146950,6,547
3303150,6,547
1992770,6,547
667160,6,547
1237040,6,547
1450650,6,547
2735510,6,547
2008980,6,547
3048280,6,547
687900,6,547
3387080,6,547
301460,6,547
2191050,6,547
493770,6,547
1181000,6,547
1054600,6,547
714640,6,547
1304680,6,547
2359170,6,547
576400,6,547
1213700,6,547
417480,6,547
267830,6,547
2491360,6,547
2543770,6,547
687630,6,547
1898680,6,547
1004240,6,547
501090,6,547
3320070,6,547
663110,6,547
1462470,6,547
460250,6,547
550810,6,547
1913870,6,547
1391530,6,547
2331130,6,547
1721870,6,547
1649630,6,547
936820,6,547
1291390,6,547
486380,6,547
670450,6,547
422500,6,547
3437170,6,547
736250,6,547
773810,6,547
2645580,6,547
514460,6,547
1723790,6,547
488440,6,547
2600600,6,547
1713810,6,547
872730,6,547
2099800,6,547
1519590,6,547
3451610,6,547
2292370,6,547
2207470,6,547
3056370,6,547
1658830,6,547
778340,6,547
2072840,6,547
1158910,6,547
1837650,6,547
265240,6,547
805400,6,547
1582510,6,547
710170,6,547
809060,6,547
418950,6,547
622010,6,547
359800,6,547
929490,6,547
2710970,6,547
929200,6,547
402390,6,547
1668290,6,547
1128260,6,547
3392510,6,547
670460,6,547
1427860,6,547
2729480,6,547
1241950,6,547
1476360,6,547
2522260,6,547
329860,6,547
335990,6,547
542270,6,547
2726870,6,547
1839660,6,547
1037130,6,547
284910,6,547
1254370,6,547
1960920,6,547
937570,6,547
830810,6,547
2591760,6,547
385030,6,547
703400,6,547
945440,6,547
2224640,6,547
9180,6,547
1453140,6,547
1210250,6,547
3547790,6,547
1623930,6,547
1693990,6,547
2383530,6,547
844860,6,547
1905530,6,547
844330,6,547
846800,6,547
3212530,6,547
1742020,6,547
2306590,6,547
2567370,6,547
3022060,6,547
872680,6,547
1662690,6,547
332130,6,547
658970,6,547
2930320,6,547
879160,6,547
841350,6,547
3386890,6,547
2516940,6,547
1138100,6,547
877780,6,547
1993180,6,547
437530,6,547
1043240,6,547
2919660,6,547
880760,6,547
1140440,6,547
1072120,6,547
1791700,6,547
1240340,6,547
1501690,6,547
1008800,6,547
2839600,6,547
893840,6,547
546210,6,547
1711480,6,547
3107350,6,547
3072000,6,547
2419630,6,547
1719660,6,547
784110,6,547
2952120,6,547
2992500,6,547
850710,6,547
1836030,6,547
659500,6,547
1799930,6,547
411400,6,547
929670,6,547
745880,6,547
975290,6,547
564340,6,547
2423300,6,547
2142250,6,547
80350,6,547
635430,6,547
877200,6,547
658480,6,547
872990,6,547
2200,6,547
3456560,6,547
3698690,6,547
323420,6,547
1421760,6,547
659540,6,547
838540,6,547
1100410,6,547
741320,6,547
33520,6,547
1641270,6,547
3284230,6,547
2097720,6,547
540320,6,547
1053170,6,547
2142710,6,547
3453320,6,547
3569400,6,547
691080,6,547
1853200,6,547
1494810,6,547
1444360,6,547
1077970,6,547
701720,6,547
989670,6,547
1669280,6,547
2121100,6,547
684000,6,547
1463510,6,547
1354670,6,547
33570,6,547
498850,6,547
821770,6,547
608630,6,547
2398490,6,547
2507970,6,547
2393770,6,547
2610720,6,547
2202590,6,547
506830,6,547
1148770,6,547
1973580,6,547
2671970,6,547
263180,6,547
364410,6,547
564010,6,547
1937840,6,547
1374480,6,547
1707780,6,547
3463050,6,547
1081730,6,547
466860,6,547
2977620,6,547
2693730,6,547
777340,6,547
963280,6,547
2717010,6,547
403690,6,547
1100140,6,547
1517340,6,547
760810,6,547
1719100,6,547
646270,6,547
740270,6,547
1205560,6,547
499940,6,547
994500,6,547
2859200,6,547
1841100,6,547
1420810,6,547
2676180,6,547
1943710,6,547
2206350,6,547
574820,6,547
2314160,6,547
936720,6,547
1045340,6,547
1277920,6,547
501180,6,547
447850,6,547
2178490,6,547
581200,6,547
2118850,6,547
3153960,6,547
1121530,6,547
388490,6,547
314020,6,547
521800,6,547
735410,6,547
456120,6,547
2246300,6,547
982220,6,547
3270680,6,547
3313260,6,547
2437750,6,547
3256600,6,547
918720,6,547
3362320,6,547
1100160,6,547
1674530,6,547
1312950,6,547
668610,6,547
1566410,6,547
513370,6,547
1746930,6,547
2195140,6,547
1795570,6,547
417360,6,547
552780,6,547
443880,6,547
925600,6,547
1516820,6,547
1099550,6,547
1895130,6,547
2532340,6,547
1260820,6,547
485650,6,547
966590,6,547
1367960,6,547
1494920,6,547
584280,6,547
2307220,6,547
2185180,6,547
431290,6,547
826930,6,547
937580,6,547
574920,6,547
2562400,6,547
1926680,6,547
930640,6,547
671330,6,547
1560060,6,547
1489680,6,547
393220,6,547
399020,6,547
405480,6,547
849360,6,547
366800,6,547
388620,6,547
735580,6,547
1108620,6,547
2418210,6,547
278190,6,547
417860,6,547
2653170,6,547
575780,6,547
623580,6,547
368360,6,547
3002620,6,547
524120,6,547
273840,6,547
1618290,6,547
2791020,6,547
557180,6,547
2889980,6,547
1341160,6,547
550440,6,547
656020,6,547
760460,6,547
523780,6,547
336130,6,547
1304470,6,547
1956430,6,547
572000,6,547
640300,6,547
1182310,6,547
1094030,6,547
2539520,6,547
297080,6,547
477730,6,547
1081740,6,547
329070,6,547
925570,6,547
3077360,6,547
490230,6,547
814540,6,547
832440,6,547
1498600,6,547
1797680,6,547
2027550,6,547
3145640,6,547
399010,6,547
978460,6,547
296730,6,547
3340480,6,547
370870,6,547
1691280,6,547
577320,6,547
1755350,6,547
2095340,6,547
1313400,6,547
2092620,6,547
362400,6,547
389050,6,547
619490,6,547
1956510,6,547
2120900,6,547
1028930,6,547
366780,6,547
1694510,6,547
853890,6,547
2953510,6,547
3170410,6,547
2918410,6,547
1315020,6,547
3090790,6,547
284220,6,547
625910,6,547
779800,6,547
849940,6,547
517160,6,547
2696520,6,547
2368080,6,547
1521970,6,547
624690,6,547
1031320,6,547
773370,6,547
2996090,6,547
975980,6,547
1763050,6,547
526920,6,547
1985480,6,547
268220,6,547
3452330,6,547
859990,6,547
1063790,6,547
1885660,6,547
1969150,6,547
963870,6,547
1967450,6,547
2620750,7,525
404030,7,525
982400,7,525
924310,7,525
48900,7,525
1996630,7,525
740170,7,525
925520,7,525
1236990,7,525
1609730,7,525
435040,7,525
454130,7,525
357970,7,525
1733500,7,525
2262610,7,525
1045300,7,525
2009860,7,525
1430420,7,525
1367760,7,525
1725950,7,525
1032090,7,525
3176410,7,525
494310,7,525
691450,7,525
2475980,7,525
1795110,7,525
2289970,7,525
715240,7,525
209690,7,525
1737690,7,525
758480,7,525
1241910,7,525
804610,7,525
1641990,7,525
3280460,7,525
696710,7,525
2855500,7,525
544390,7,525
947300,7,525
1758920,7,525
475620,7,525
1236460,7,525
3054490,7,525
1306630,7,525
1016610,7,525
1622350,7,525
2106520,7,525
2013900,7,525
3125890,7,525
2571030,7,525
1909800,7,525
2134640,7,525
823830,7,525
1480120,7,525
1779030,7,525
1019630,7,525
1015080,7,525
569470,7,525
19320,7,525
1560250,7,525
1063350,7,525
342920,7,525
809050,7,525
274500,7,525
2009690,7,525
1873750,7,525
992310,7,525
519030,7,525
2672430,7,525
739260,7,525
616560,7,525
2657900,7,525
442660,7,525
301150,7,525
1831320,7,525
390940,7,525
1224020,7,525
1866180,7,525
3070330,7,525
1563770,7,525
2398660,7,525
394680,7,525
3161270,7,525
1175170,7,525
930500,7,525
886020,7,525
761320,7,525
1384700,7,525
347610,7,525
2470300,7,525
289930,7,525
1740050,7,525
762980,7,525
683220,7,525
402150,7,525
372520,7,525
767020,7,525
1423200,7,525
302730,7,525
311060,7,525
1352930,7,525
1178160,7,525
388160,7,525
2639840,7,525
1522280,7,525
3705820,7,525
1205040,7,525
2690700,7,525
576260,7,525
615970,7,525
2229260,7,525
3706990,7,525
289260,7,525
1103770,7,525
1055610,7,525
653930,7,525
1497820,7,525
800720,7,525
1529220,7,525
2196490,7,525
457350,7,525
1497230,7,525
499660,7,525
1203400,7,525
1909390,7,525
540180,7,525
1340530,7,525
1395330,7,525
2130060,7,525
547180,7,525
350530,7,525
1516240,7,525
810700,7,525
1038620,7,525
2316660,7,525
841340,7,525
3086060,7,525
320690,7,525
930320,7,525
573790,7,525
2915460,7,525
2277310,7,525
2736490,7,525
694960,7,525
338960,7,525
2143540,7,525
1120800,7,525
949730,7,525
1876880,7,525
285500,7,525
1567200,7,525
1730240,7,525
3201910,7,525
860990,7,525
1319470,7,525
352050,7,525
2802710,7,525
929600,7,525
2751230,7,525
426290,7,525
25510,7,525
615530,7,525
1449630,7,525
289600,7,525
403100,7,525
1700140,7,525
910660,7,525
2126870,7,525
1066700,7,525
2671440,7,525
1550510,7,525
3445480,7,525
3069040,7,525
758220,7,525
407530,7,525
1331510,7,525
850050,7,525
509770,7,525
2250090,7,525
2734310,7,525
729660,7,525
564050,7,525
939410,7,525
1442450,7,525
1120890,7,525
530890,7,525
3060850,7,525
347590,7,525
1030960,7,525
556860,7,525
422760,7,525
3022810,7,525
2683960,7,525
1671420,7,525
1071890,7,525
208600,7,525
1544140,7,525
745330,7,525
3296430,7,525
966420,7,525
845480,7,525
1803390,7,525
1563700,7,525
1283130,7,525
1585570,7,525
822070,7,525
633360,7,525
3508770,7,525
2734450,7,525
846030,7,525
1806840,7,525
1689910,7,525
1574910,7,525
999200,7,525
1880930,7,525
589530,7,525
2782530,7,525
925060,7,525
3238770,7,525
2445330,7,525
345290,7,525
1821570,7,525
2633640,7,525
2878140,7,525
761600,7,525
536640,7,525
365260,7,525
1325890,7,525
611120,7,525
836290,7,525
2804760,7,525
5330,7,525
511350,7,525
2336990,7,525
851670,7,525
1598600,7,525
1247720,7,525
2598020,7,525
1830910,7,525
1151630,7,525
1107620,7,525
2487060,7,525
787040,7,525
2072010,7,525
1074180,7,525
462940,7,525
411610,7,525
1564670,7,525
705800,7,525
3308210,7,525
1996430,7,525
1550710,7,525
1484730,7,525
857080,7,525
1549030,7,525
1574900,7,525
404760,7,525
1901560,7,525
733340,7,525
597970,7,525
210550,7,525
437860,7,525
2166170,7,525
2173550,7,525
1192900,7,525
626730,7,525
1630650,7,525
2954260,7,525
570540,7,525
334560,7,525
2857730,7,525
908710,7,525
2761610,7,525
338980,7,525
684680,7,525
1017560,7,525
2758000,7,525
448400,7,525
3296790,7,525
841980,7,525
564810,7,525
425670,7,525
2616430,7,525
1335940,7,525
2182790,7,525
294270,7,525
2730530,7,525
2213300,7,525
376490,7,525
1012410,7,525
2365660,7,525
1915550,7,525
665330,7,525
1707550,7,525
2858370,7,525
3498580,7,525
341270,7,525
885590,7,525
2599950,7,525
2505120,7,525
360940,7,525
1901200,7,525
932450,7,525
288330,7,525
366680,7,525
976920,7,525
2445480,7,525
330590,7,525
1960590,7,525
463760,7,525
3336530,7,525
764690,7,525
2518630,7,525
1909240,7,525
1275590,7,525
2071500,7,525
2430160,7,525
752050,7,525
2616450,7,525
665510,7,525
3389240,7,525
796600,7,525
3215870,7,525
558650,7,525
645420,7,525
939990,7,525
1413370,7,525
1265220,7,525
627670,7,525
1477950,7,525
1306750,7,525
653100,7,525
2745790,7,525
3118070,7,525
1354260,7,525
637930,7,525
316450,7,525
1333190,7,525
381600,7,525
707400,7,525
489700,7,525
3377770,7,525
1289340,7,525
461710,7,525
667800,7,525
2898460,7,525
2358220,7,525
1194810,7,525
337450,7,525
1258480,7,525
2800840,7,525
836550,7,525
2139020,7,525
215710,7,525
486810,7,525
617070,7,525
1899620,7,525
2063420,7,525
2177570,7,525
1998980,7,525
715310,7,525
460850,7,525
559900,7,525
504980,7,525
92100,7,525
2739700,7,525
1450330,7,525
1597580,7,525
1245640,7,525
3076120,7,525
3434260,7,525
1989560,7,525
2487070,7,525
352130,7,525
2310160,7,525
719750,7,525
984360,7,525
1450050,7,525
855530,7,525
420550,7,525
1269460,7,525
992910,7,525
3224750,7,525
3289470,7,525
2850190,7,525
363500,7,525
415950,7,525
238530,7,525
2246330,7,525
588950,7,525
1628390,7,525
2147380,7,525
1886400,7,525
601530,7,525
657240,7,525
930620,7,525
2739620,7,525
785110,7,525
352520,7,525
1511460,7,525
434260,7,525
718030,7,525
915120,7,525
1910580,7,525
911430,7,525
366670,7,525
2413620,7,525
1155340,7,525
2273550,7,525
1950570,7,525
263920,7,525
1078750,7,525
659920,7,525
3079150,7,525
736570,7,525
1507190,7,525
1250870,7,525
1511670,7,525
2631870,7,525
1040070,7,525
550390,7,525
2894960,7,525
1511650,7,525
3239270,7,525
348320,7,525
342570,7,525
1435780,7,525
346140,7,525
1819160,7,525
1175160,7,525
3038820,7,525
2158030,7,525
2720280,7,525
390620,7,525
287900,7,525
1032520,7,525
307110,7,525
3070830,7,525
367550,7,525
2941600,7,525
724470,7,525
1120210,7,525
454140,7,525
598880,7,525
248490,7,525
963960,7,525
449050,7,525
595500,7,525
2153330,7,525
2207970,7,525
2651270,7,525
3019370,7,525
3168260,7,525
917760,7,525
1215870,7,525
4100,7,525
1849890,7,525
1178290,7,525
738450,7,525
1197710,7,525
1761780,7,525
896520,7,525
385590,7,525
385400,7,525
1009270,7,525
2321310,7,525
2009810,7,525
652130,7,525
2825300,7,525
2109510,7,525
310490,7,525
907090,7,525
1535060,7,525
1017940,7,525
2055810,7,525
566940,7,525
643610,7,525
457010,7,525
1121910,7,525
71000,7,525
553110,7,525
541160,7,525
1661240,7,525
2420460,7,525
893450,7,525
2769070,7,525
789960,7,525
1232180,7,525
1158260,7,525
2075070,7,525
416320,7,525
2585800,7,525
3708980,7,525
2561180,7,525
359390,7,525
283160,7,525
2361460,7,525
1818280,7,525
1066140,7,525
461480,7,525
2616460,7,525
3009850,7,525
2674190,7,525
2058150,7,525
1104330,7,525
1968630,7,525
2066550,7,525
539720,7,525
2849630,7,525
2494810,7,525
676090,7,525
679430,7,525
1420350,7,525
909570,7,525
2400960,7,525
518150,7,525
2003050,7,525
1023370,7,525
2333240,7,525
314410,7,525
1766790,7,525
682450,7,525
2086820,7,525
924280,7,525
2517850,7,525
687750,8,517
639170,8,517
2455610,8,517
2465830,8,517
2386870,8,517
1883800,8,517
16130,8,517
760920,8,517
409430,8,517
1178050,8,517
304810,8,517
794610,8,517
1771980,8,517
3339330,8,517
1133870,8,517
520230,8,517
943380,8,517
889730,8,517
1592750,8,517
1887330,8,517
1494420,8,517
2559360,8,517
1408100,8,517
927310,8,517
768840,8,517
223830,8,517
330840,8,517
1703140,8,517
1290270,8,517
967450,8,517
1916970,8,517
662380,8,517
678310,8,517
591090,8,517
16200,8,517
711570,8,517
1804720,8,517
1892950,8,517
1166840,8,517
1026670,8,517
593960,8,517
1095610,8,517
1742930,8,517
2102240,8,517
542870,8,517
2620500,8,517
1415410,8,517
3506030,8,517
411470,8,517
3459750,8,517
1156060,8,517
403280,8,517
90200,8,517
820620,8,517
1314000,8,517
3519440,8,517
1714580,8,517
316240,8,517
3034330,8,517
485260,8,517
318340,8,517
1379130,8,517
364640,8,517
1706090,8,517
398710,8,517
608760,8,517
408900,8,517
23550,8,517
2658520,8,517
318310,8,517
549670,8,517
707450,8,517
31250,8,517
2778430,8,517
559680,8,517
431590,8,517
1393350,8,517
3286700,8,517
2006990,8,517
596890,8,517
2443770,8,517
1060450,8,517
1028860,8,517
893360,8,517
3068670,8,517
890550,8,517
800290,8,517
654000,8,517
834280,8,517
16100,8,517
2587170,8,517
512270,8,517
94520,8,517
1954120,8,517
2259970,8,517
879320,8,517
3072450,8,517
446340,8,517
984240,8,517
523750,8,517
603320,8,517
340250,8,517
908740,8,517
678100,8,517
1985050,8,517
2118250,8,517
968440,8,517
1372660,8,517
1686290,8,517
1287590,8,517
2514680,8,517
812930,8,517
3150510,8,517
344760,8,517
1749840,8,517
278100,8,517
16120,8,517
1142670,8,517
1110030,8,517
90210,8,517
234710,8,517
2529820,8,517
386490,8,517
1515420,8,517
370430,8,517
318330,8,517
2765650,8,517
1403740,8,517
295430,8,517
1591570,8,517
2840190,8,517
1676650,8,517
2246110,8,517
3281130,8,517
1398210,8,517
1240230,8,517
1804710,8,517
752430,8,517
303680,8,517
971460,8,517
446310,8,517
2152460,8,517
330830,8,517
2143340,8,517
1311570,8,517
1306180,8,517
1469060,8,517
3466550,8,517
411570,8,517
394970,8,517
2566270,8,517
1273100,8,517
1295900,8,517
252750,8,517
3623500,8,517
956540,8,517
2353760,8,517
1304550,8,517
889260,8,517
621000,8,517
2933590,8,517
812440,8,517
2185850,8,517
1212410,8,517
339350,8,517
2401230,8,517
3168920,8,517
672970,8,517
2400400,8,517
1477010,8,517
913110,8,517
2093150,8,517
1228570,8,517
2216120,8,517
839300,8,517
379520,8,517
366690,8,517
666220,8,517
2838100,8,517
234650,8,517
1016110,8,517
502750,8,517
1633370,8,517
672410,8,517
1968340,8,517
429780,8,517
2061230,8,517
375460,8,517
430210,8,517
276890,8,517
2138450,8,517
1687940,8,517
253650,8,517
498460,8,517
924100,8,517
10110,8,517
2856030,8,517
1729300,8,517
1612480,8,517
1321450,8,517
361830,8,517
948880,8,517
2724540,8,517
2010030,8,517
545600,8,517
1194700,8,517
1931950,8,517
2766860,8,517
435010,8,517
1584660,8,517
343600,8,517
3691220,8,517
824880,8,517
2179520,8,517
648860,8,517
1661270,8,517
2702570,8,517
453270,8,517
625370,8,517
787750,8,517
1494840,8,517
1905980,8,517
3034340,8,517
1714250,8,517
272040,8,517
1330560,8,517
1218280,8,517
2200650,8,517
2294380,8,517
2718240,8,517
1542790,8,517
2163000,8,517
1661260,8,517
208110,8,517
2405530,8,517
382380,8,517
2774980,8,517
2182630,8,517
2687110,8,517
2115390,8,517
437690,8,517
3401000,8,517
929020,8,517
2969140,8,517
2475660,8,517
1509060,8,517
1949980,8,517
1518440,8,517
307130,8,517
365560,8,517
1690920,8,517
1249980,8,517
1907350,8,517
300380,8,517
845070,8,517
374850,8,517
847300,8,517
1097680,8,517
746140,8,517
3037930,8,517
843160,8,517
312380,8,517
1586880,8,517
875800,8,517
1694960,8,517
2597970,8,517
1009990,8,517
1255980,8,517
348750,8,517
1367690,8,517
265590,8,517
818520,8,517
1554600,8,517
3073580,8,517
2088160,8,517
589160,8,517
609760,8,517
442810,8,517
2272050,8,517
1916270,8,517
769420,8,517
270850,8,517
1689090,8,517
1657880,8,517
1768650,8,517
800620,8,517
416550,8,517
1448750,8,517
1530450,8,517
1760610,8,517
488550,8,517
463020,8,517
370600,8,517
2277090,8,517
437160,8,517
201430,8,517
1231880,8,517
736850,8,517
602550,8,517
2458310,8,517
3411020,8,517
2756470,8,517
613400,8,517
362160,8,517
3156640,8,517
1379600,8,517
1201370,8,517
303690,8,517
1065200,8,517
538840,8,517
2012670,8,517
1033100,8,517
2835110,8,517
1674900,8,517
237870,8,517
1709180,8,517
1508170,8,517
16180,8,517
2401680,8,517
234190,8,517
2343710,8,517
1601840,8,517
2059380,8,517
2169830,8,517
710230,8,517
568210,8,517
3054260,8,517
1383640,8,517
1726530,8,517
2458560,8,517
3288180,8,517
204220,8,517
797410,8,517
1806960,8,517
2544090,8,517
1262890,8,517
1681970,8,517
875340,8,517
2779910,8,517
2903710,8,517
439760,8,517
322850,8,517
2307370,8,517
2206140,8,517
570580,8,517
2134900,8,517
625430,8,517
2504480,8,517
1416240,8,517
543720,8,517
375320,8,517
683830,8,517
1654660,8,517
352580,8,517
2235870,8,517
2311080,8,517
2216770,8,517
661230,8,517
2626910,8,517
718980,8,517
853200,8,517
907020,8,517
3002570,8,517
359540,8,517
1322600,8,517
600740,8,517
1088770,8,517
2024070,8,517
1343810,8,517
1910550,8,517
531540,8,517
375130,8,517
1284090,8,517
1178220,8,517
656240,8,517
1609080,8,517
1043180,8,517
3064290,8,517
1245610,8,517
299840,8,517
1896160,8,517
347930,8,517
3334660,8,517
361190,8,517
2167220,8,517
2996190,8,517
1072190,8,517
572050,8,517
982480,8,517
295710,8,517
1226970,8,517
283410,8,517
48950,8,517
837200,8,517
2626970,8,517
348360,8,517
1940040,8,517
614130,8,517
2865580,8,517
766560,8,517
2184350,8,517
897940,8,517
447890,8,517
2209150,8,517
1350250,8,517
2203590,8,517
2054770,8,517
703820,8,517
376870,8,517
2936030,8,517
386090,8,517
497180,8,517
2261350,8,517
1754840,8,517
421630,8,517
848350,8,517
31290,8,517
1451570,8,517
2842590,8,517
1442670,8,517
1026420,8,517
2761920,8,517
298280,8,517
759940,8,517
672460,8,517
1111080,8,517
18030,8,517
2967250,8,517
1032170,8,517
685420,8,517
1194050,8,517
2774480,8,517
466630,8,517
333080,8,517
758980,8,517
2788630,8,517
399810,8,517
1707650,8,517
435790,8,517
3201210,8,517
3110130,8,517
1283980,8,517
1033410,8,517
1344350,8,517
2017370,8,517
1430760,8,517
364390,8,517
1072530,8,517
1859020,8,517
2887780,8,517
1868300,8,517
1443430,8,517
725270,8,517
757460,8,517
3006310,8,517
2689470,8,517
63660,8,517
3546270,8,517
1230170,8,517
1698080,8,517
2357950,8,517
2822370,8,517
2767740,8,517
278120,8,517
349730,8,517
2248950,8,517
2165620,8,517
18010,8,517
359300,8,517
855740,8,517
559640,8,517
2194730,8,517
354430,8,517
1601330,8,517
1943610,8,517
2185930,8,517
1097420,8,517
3126330,8,517
1245820,8,517
3472810,8,517
282100,8,517
1543280,8,517
1167470,8,517
2492780,8,517
351160,8,517
983380,8,517
3013740,8,517
2214170,8,517
771210,8,517
1146370,8,517
220260,8,517
2503740,8,517
3506110,8,517
843260,8,517
749470,8,517
1189680,8,517
3471280,8,517
1234380,8,517
998400,8,517
932820,8,517
1729410,8,517
646100,8,517
508580,8,517
1966130,8,517
2832400,8,517
2251580,8,517
461870,8,517
1635550,8,517
3089700,8,517
2101350,8,517
1759130,8,517
275080,8,517
438720,8,517
1398390,8,517
1621560,8,517
564960,8,517
16450,8,517
301910,9,503
638160,9,503
945160,9,503
224740,9,503
1316960,9,503
1045610,9,503
277450,9,503
65740,9,503
2870,9,503
522210,9,503
233470,9,503
21780,9,503
39690,9,503
314340,9,503
691690,9,503
424370,9,503
465660,9,503
1016730,9,503
338390,9,503
232770,9,503
543900,9,503
43000,9,503
237630,9,503
1058450,9,503
313010,9,503
1086010,9,503
484900,9,503
448370,9,503
248550,9,503
936140,9,503
546430,9,503
469820,9,503
46770,9,503
929010,9,503
253940,9,503
250680,9,503
7510,9,503
427680,9,503
1210150,9,503
310880,9,503
227100,9,503
406720,9,503
41900,9,503
261510,9,503
728740,9,503
265000,9,503
359230,9,503
572740,9,503
466160,9,503
1319460,9,503
17140,9,503
338310,9,503
391030,9,503
514140,9,503
914010,9,503
1029890,9,503
438590,9,503
418180,9,503
34870,9,503
429680,9,503
220660,9,503
377300,9,503
384010,9,503
245370,9,503
7730,9,503
65930,9,503
57900,9,503
1690,9,503
400180,9,503
714120,9,503
32680,9,503
822990,9,503
558260,9,503
211780,9,503
233980,9,503
34190,9,503
353640,9,503
1195360,9,503
274230,9,503
205840,9,503
303800,9,503
1234430,9,503
32650,9,503
802620,9,503
260190,9,503
12570,9,503
260690,9,503
221810,9,503
361200,9,503
545980,9,503
394760,9,503
34830,9,503
3820,9,503
96000,9,503
297660,9,503
247910,9,503
425210,9,503
359220,9,503
691790,9,503
580200,9,503
237950,9,503
212560,9,503
21010,9,503
1792250,9,503
32620,9,503
296180,9,503
463170,9,503
42170,9,503
252330,9,503
9940,9,503
356210,9,503
968870,9,503
233290,9,503
31920,9,503
22310,9,503
233720,9,503
1024480,9,503
760650,9,503
23400,9,503
289360,9,503
298900,9,503
29900,9,503
24480,9,503
209540,9,503
532270,9,503
333430,9,503
410990,9,503
3710,9,503
460340,9,503
3600,9,503
282010,9,503
3530,9,503
11340,9,503
326160,9,503
49540,9,503
235360,9,503
259810,9,503
224460,9,503
260750,9,503
1000570,9,503
370440,9,503
63380,9,503
581660,9,503
247660,9,503
1151740,9,503
326410,9,503
265330,9,503
22450,9,503
1519090,9,503
521090,9,503
907770,9,503
287020,9,503
286280,9,503
1096410,9,503
226100,9,503
233700,9,503
494670,9,503
934780,9,503
314630,9,503
57740,9,503
376140,9,503
273070,9,503
8040,9,503
310470,9,503
280160,9,503
7660,9,503
95900,9,503
503620,9,503
47700,9,503
637100,9,503
396090,9,503
939520,9,503
264280,9,503
390090,9,503
282560,9,503
476650,9,503
329960,9,503
7760,9,503
250380,9,503
293340,9,503
80460,9,503
735500,9,503
1011670,9,503
221260,9,503
809890,9,503
22350,9,503
339230,9,503
20540,9,503
73190,9,503
1736290,9,503
1227780,9,503
272510,9,503
406850,9,503
43190,9,503
588740,9,503
239250,9,503
1000760,9,503
10220,9,503
687260,9,503
91610,9,503
3270,9,503
1582270,9,503
1215270,9,503
782140,9,503
1710540,9,503
770110,9,503
81520,9,503
49600,9,503
510390,9,503
1059900,9,503
282030,9,503
408760,9,503
1209490,9,503
401680,9,503
299680,9,503
34010,9,503
672710,9,503
614090,9,503
34880,9,503
455980,9,503
354180,9,503
383230,9,503
34200,9,503
943140,9,503
307230,9,503
251630,9,503
100,9,503
28020,9,503
301650,9,503
308270,9,503
228300,9,503
867290,9,503
275100,9,503
343710,9,503
2304440,9,503
381640,9,503
286460,9,503
39660,9,503
243450,9,503
262280,9,503
1173220,9,503
1065300,9,503
496390,9,503
1554970,9,503
28000,9,503
205530,9,503
350110,9,503
48800,9,503
264560,9,503
490450,9,503
320040,9,503
12310,9,503
259190,9,503
537450,9,503
34800,9,503
984800,9,503
304530,9,503
244030,9,503
22610,9,503
254460,9,503
405500,9,503
34500,9,503
45770,9,503
633460,9,503
628200,9,503
201510,9,503
250620,9,503
260330,9,503
39680,9,503
22500,9,503
217140,9,503
1082680,9,503
286750,9,503
402130,9,503
230210,9,503
1410690,9,503
310080,9,503
1216060,9,503
593150,9,503
2590,9,503
847360,9,503
304730,9,503
225420,9,503
287630,9,503
506610,9,503
32500,9,503
7220,9,503
1016930,9,503
408920,9,503
39670,9,503
313780,9,503
208670,9,503
2840,9,503
299070,9,503
243930,9,503
209080,9,503
282210,9,503
277430,9,503
12560,9,503
493180,9,503
31900,9,503
81410,9,503
492180,9,503
65730,9,503
1179210,9,503
1062140,9,503
767390,9,503
359900,9,503
3089070,9,503
712190,9,503
1134100,9,503
435100,9,503
32450,9,503
427250,9,503
274940,9,503
454520,9,503
844260,9,503
347830,9,503
25910,9,503
265690,9,503
250400,9,503
263860,9,503
15240,9,503
6120,9,503
15270,9,503
640340,9,503
231330,9,503
21800,9,503
2417770,9,503
285600,9,503
98500,9,503
241280,9,503
612820,9,503
42990,9,503
344850,9,503
301970,9,503
338140,9,503
5750,9,503
1139870,9,503
588160,9,503
698640,9,503
304610,9,503
1119700,9,503
605800,9,503
765810,9,503
361300,9,503
373720,9,503
624970,9,503
1161880,9,503
658150,9,503
6210,9,503
287580,9,503
1172190,9,503
1584760,9,503
360170,9,503
549170,9,503
557040,9,503
206760,9,503
1229420,9,503
260710,9,503
785740,9,503
256190,9,503
1012570,9,503
2100,9,503
871530,9,503
4420,9,503
23310,9,503
485870,9,503
591460,9,503
9710,9,503
352220,9,503
6400,9,503
262830,9,503
91600,9,503
1061880,9,503
18480,9,503
354140,9,503
290530,9,503
65530,9,503
253980,9,503
251990,9,503
1399700,9,503
6510,9,503
235320,9,503
298600,9,503
459160,9,503
317940,9,503
224300,9,503
233030,9,503
628670,9,503
298260,9,503
1191900,9,503
223100,9,503
638070,9,503
254480,9,503
704230,9,503
201120,9,503
381990,9,503
428660,9,503
12330,9,503
205990,9,503
22140,9,503
200020,9,503
1118240,9,503
19510,9,503
1062830,9,503
57730,9,503
214250,9,503
497730,9,503
41000,9,503
908050,9,503
20200,9,503
3598130,9,503
318080,9,503
238750,9,503
388090,9,503
21670,9,503
80450,9,503
414740,9,503
496040,9,503
835650,9,503
6080,9,503
214870,9,503
1237490,9,503
55100,9,503
512300,9,503
322920,9,503
480430,9,503
340170,9,503
315260,9,503
40390,9,503
23700,9,503
537430,9,503
200910,9,503
238430,9,503
3072640,9,503
205810,9,503
530630,9,503
236810,9,503
446790,9,503
16730,9,503
487720,9,503
525920,9,503
2331330,9,503
73010,9,503
333930,9,503
207190,9,503
235380,9,503
355680,9,503
600480,9,503
289300,9,503
311100,9,503
252450,9,503
270070,9,503
300610,9,503
351940,9,503
15080,9,503
8060,9,503
302080,9,503
415740,9,503
444980,9,503
481110,9,503
568070,9,503
842100,9,503
595140,9,503
57620,9,503
622720,9,503
319170,9,503
501080,9,503
854940,9,503
13140,9,503
63960,9,503
99400,9,503
70000,9,503
38230,9,503
277630,9,503
63940,9,503
279900,9,503
408640,9,503
523650,9,503
245280,9,503
460700,9,503
245470,9,503
512890,9,503
209670,9,503
313810,9,503
533950,9,503
269790,9,503
939100,9,503
48110,9,503
377080,9,503
553260,9,503
15380,9,503
1097790,9,503
411000,9,503
362860,9,503
1272310,9,503
1092660,9,503
622370,9,503
446020,9,503
205230,9,503
7020,9,503
730390,9,503
697320,10,480
1570020,10,480
280030,10,480
2234660,10,480
492610,10,480
1967550,10,480
1188260,10,480
1929360,10,480
699780,10,480
732430,10,480
2113040,10,480
494150,10,480
2663530,10,480
3037060,10,480
274310,10,480
926010,10,480
852450,10,480
941120,10,480
3314340,10,480
252350,10,480
1810580,10,480
3004470,10,480
287220,10,480
1096710,10,480
2677470,10,480
2056560,10,480
722660,10,480
1429880,10,480
1426440,10,480
1606020,10,480
1268870,10,480
504000,10,480
1807480,10,480
1910860,10,480
1663220,10,480
609110,10,480
2845250,10,480
3098470,10,480
345200,10,480
1254130,10,480
1247190,10,480
1049320,10,480
755550,10,480
1504020,10,480
977640,10,480
346120,10,480
608800,10,480
534190,10,480
2063530,10,480
3375100,10,480
618740,10,480
1508430,10,480
850940,10,480
1487680,10,480
2101110,10,480
1601740,10,480
1567440,10,480
2920510,10,480
1117160,10,480
2268470,10,480
2087000,10,480
944330,10,480
1689720,10,480
2086540,10,480
204940,10,480
2936180,10,480
2730270,10,480
367820,10,480
1599860,10,480
808080,10,480
2750480,10,480
1311250,10,480
709710,10,480
726840,10,480
2119440,10,480
1893820,10,480
436800,10,480
399890,10,480
416160,10,480
42980,10,480
1218250,10,480
2125540,10,480
3045310,10,480
778630,10,480
284850,10,480
907040,10,480
537340,10,480
2450700,10,480
1747330,10,480
465400,10,480
654470,10,480
1409710,10,480
383790,10,480
2587450,10,480
73020,10,480
234860,10,480
2170050,10,480
2322180,10,480
355510,10,480
566800,10,480
1286280,10,480
2845930,10,480
1495940,10,480
2700,10,480
417890,10,480
1055310,10,480
1365010,10,480
1546310,10,480
1092700,10,480
1866930,10,480
1866880,10,480
414720,10,480
401660,10,480
3349670,10,480
3159120,10,480
1372150,10,480
536780,10,480
3447690,10,480
1536980,10,480
3486240,10,480
1299120,10,480
709920,10,480
842150,10,480
454420,10,480
1640520,10,480
2716120,10,480
1612520,10,480
385270,10,480
42890,10,480
961010,10,480
964810,10,480
837390,10,480
2124380,10,480
493370,10,480
497060,10,480
433530,10,480
1001850,10,480
1109360,10,480
897730,10,480
1078800,10,480
582960,10,480
2667970,10,480
2531940,10,480
977510,10,480
805690,10,480
3253530,10,480
1479140,10,480
1811480,10,480
3001330,10,480
1011970,10,480
1504150,10,480
2956400,10,480
1857540,10,480
485680,10,480
2595010,10,480
732240,10,480
1195460,10,480
3117040,10,480
2915950,10,480
331570,10,480
308000,10,480
2018840,10,480
208470,10,480
2002570,10,480
2800890,10,480
2527690,10,480
2647300,10,480
283230,10,480
1514840,10,480
1828320,10,480
2071810,10,480
2508890,10,480
1339000,10,480
557400,10,480
763630,10,480
854250,10,480
2693940,10,480
598730,10,480
337290,10,480
954870,10,480
1040820,10,480
104000,10,480
384150,10,480
1646850,10,480
2670760,10,480
2398030,10,480
677480,10,480
1740100,10,480
959050,10,480
3051470,10,480
569720,10,480
1592480,10,480
1122750,10,480
2233750,10,480
2001570,10,480
527420,10,480
438680,10,480
1389950,10,480
293440,10,480
1658620,10,480
589410,10,480
274980,10,480
552080,10,480
3061070,10,480
37980,10,480
1573590,10,480
2295790,10,480
857180,10,480
2655590,10,480
1364960,10,480
2274480,10,480
1397290,10,480
61500,10,480
215930,10,480
1626890,10,480
3076350,10,480
1755940,10,480
1048880,10,480
1414480,10,480
756980,10,480
993740,10,480
2357000,10,480
1967890,10,480
37970,10,480
3085950,10,480
1670110,10,480
1491440,10,480
3136050,10,480
657040,10,480
3066470,10,480
2250060,10,480
1602540,10,480
576940,10,480
223410,10,480
2147110,10,480
589760,10,480
404820,10,480
296470,10,480
832320,10,480
529670,10,480
2854480,10,480
1822450,10,480
728730,10,480
368730,10,480
38130,10,480
1021770,10,480
3034560,10,480
676770,10,480
3539440,10,480
1092730,10,480
3099730,10,480
892560,10,480
1876830,10,480
1578160,10,480
3219020,10,480
694470,10,480
914800,10,480
25830,10,480
376960,10,480
73230,10,480
2881230,10,480
2904290,10,480
42810,10,480
1997680,10,480
1005930,10,480
1970980,10,480
1496640,10,480
2803010,10,480
1490060,10,480
1740350,10,480
390930,10,480
1612420,10,480
2302640,10,480
2755410,10,480
2536260,10,480
416440,10,480
1130700,10,480
320140,10,480
654800,10,480
345820,10,480
1092720,10,480
964130,10,480
1476760,10,480
1139890,10,480
1802330,10,480
1087460,10,480
2449450,10,480
2071430,10,480
1514660,10,480
2981530,10,480
1947500,10,480
1078420,10,480
3112500,10,480
25810,10,480
3017110,10,480
477130,10,480
584220,10,480
2387110,10,480
631540,10,480
2819030,10,480
2198070,10,480
2714210,10,480
1604000,10,480
898790,10,480
946010,10,480
328220,10,480
1882420,10,480
1551030,10,480
3484160,10,480
895650,10,480
1283340,10,480
672630,10,480
1851020,10,480
2104920,10,480
962090,10,480
436520,10,480
2667500,10,480
1740170,10,480
558340,10,480
38150,10,480
3530670,10,480
2857000,10,480
2208530,10,480
764300,10,480
306680,10,480
2452920,10,480
1859290,10,480
1388230,10,480
388440,10,480
3069620,10,480
642000,10,480
1252580,10,480
2700970,10,480
373940,10,480
1967510,10,480
2654520,10,480
2348610,10,480
394320,10,480
243780,10,480
1166990,10,480
767400,10,480
2116510,10,480
3384220,10,480
259320,10,480
352700,10,480
280740,10,480
1956960,10,480
1909020,10,480
1309860,10,480
2157210,10,480
314010,10,480
1007090,10,480
1344070,10,480
254060,10,480
2635350,10,480
2950480,10,480
2530670,10,480
3384440,10,480
1432100,10,480
486860,10,480
1727650,10,480
2112680,10,480
486780,10,480
391180,10,480
1092160,10,480
3637740,10,480
2854290,10,480
933930,10,480
1021690,10,480
636590,10,480
828270,10,480
1211120,10,480
1014970,10,480
655620,10,480
1373880,10,480
2958050,10,480
1843880,10,480
1564110,10,480
2940890,10,480
1268080,10,480
2667410,10,480
1920480,10,480
2078350,10,480
1493520,10,480
1142080,10,480
511700,10,480
2736020,10,480
506280,10,480
1500820,10,480
4710,10,480
384910,10,480
747910,10,480
697130,10,480
2844770,10,480
709780,10,480
2739630,10,480
2464530,10,480
1116170,10,480
1184820,10,480
1301390,10,480
636740,10,480
1175210,10,480
1490190,10,480
366130,10,480
2381740,10,480
433480,10,480
529860,10,480
3329420,10,480
1276540,10,480
935880,10,480
502350,10,480
1693260,10,480
3462210,10,480
95310,10,480
1996930,10,480
2238170,10,480
910530,10,480
661220,10,480
865750,10,480
1290170,10,480
2067590,10,480
1164050,10,480
534270,10,480
94000,10,480
2910960,10,480
436180,10,480
1416130,10,480
3411050,10,480
2842430,10,480
1935910,10,480
2794770,10,480
887160,10,480
1876590,10,480
3338320,10,480
495520,10,480
788770,10,480
949800,10,480
558100,10,480
1089660,10,480
1094000,10,480
812960,10,480
332330,10,480
2540860,10,480
542790,10,480
687540,10,480
893460,10,480
758250,10,480
2809670,10,480
2932930,10,480
279800,10,480
2870840,10,480
1582680,10,480
873890,10,480
628770,10,480
1356810,10,480
38160,10,480
434570,10,480
603260,10,480
923260,10,480
1306060,10,480
1093540,10,480
38180,10,480
638830,10,480
1792820,10,480
2061430,10,480
1285230,10,480
242720,10,480
2834330,10,480
346950,10,480
2934180,10,480
2827560,10,480
1424900,10,480
1933450,10,480
2697300,10,480
2542800,10,480
2233200,10,480
3013260,10,480
1652250,10,480
1332470,10,480
2845270,10,480
819330,11,477
1140130,11,477
620640,11,477
1159520,11,477
271970,11,477
1861490,11,477
679250,11,477
323320,11,477
314230,11,477
1403650,11,477
733520,11,477
2012190,11,477
297920,11,477
1528810,11,477
1797300,11,477
731760,11,477
1124090,11,477
914260,11,477
489080,11,477
1035930,11,477
2526310,11,477
1433010,11,477
8790,11,477
1407420,11,477
664250,11,477
1004490,11,477
1815370,11,477
2127010,11,477
815390,11,477
412480,11,477
422810,11,477
1241700,11,477
513420,11,477
1529810,11,477
1934080,11,477
686680,11,477
560970,11,477
537110,11,477
908070,11,477
321840,11,477
822550,11,477
1044980,11,477
1780290,11,477
434210,11,477
573670,11,477
1025530,11,477
1947280,11,477
220900,11,477
330580,11,477
3421020,11,477
1642260,11,477
864510,11,477
1033420,11,477
1040630,11,477
1025550,11,477
2811860,11,477
1240120,11,477
622940,11,477
704030,11,477
1783960,11,477
303210,11,477
778260,11,477
899970,11,477
843190,11,477
2492030,11,477
764050,11,477
1115640,11,477
557890,11,477
211050,11,477
2280390,11,477
1861000,11,477
385960,11,477
1290220,11,477
1130990,11,477
407320,11,477
873280,11,477
2216660,11,477
410770,11,477
1074170,11,477
518040,11,477
2439230,11,477
2454890,11,477
1786670,11,477
2014620,11,477
1383150,11,477
2560050,11,477
1694200,11,477
2160000,11,477
1304320,11,477
418360,11,477
24240,11,477
715280,11,477
1889910,11,477
2875110,11,477
3478820,11,477
2635340,11,477
1109160,11,477
2806230,11,477
850000,11,477
2137590,11,477
1842730,11,477
1218500,11,477
1637970,11,477
1450150,11,477
1288310,11,477
819630,11,477
373860,11,477
2758540,11,477
355410,11,477
426790,11,477
816210,11,477
2131010,11,477
1128000,11,477
2774550,11,477
573750,11,477
81210,11,477
664120,11,477
306480,11,477
989690,11,477
676000,11,477
1290490,11,477
1822910,11,477
1292810,11,477
223220,11,477
2084110,11,477
207530,11,477
603420,11,477
670090,11,477
869870,11,477
391400,11,477
305070,11,477
954270,11,477
1288920,11,477
2182400,11,477
1102980,11,477
1116880,11,477
2184770,11,477
1104930,11,477
2022850,11,477
351320,11,477
884530,11,477
463250,11,477
1592680,11,477
47400,11,477
1682060,11,477
1973790,11,477
1132730,11,477
931430,11,477
539400,11,477
2978180,11,477
450290,11,477
2862520,11,477
614830,11,477
1085750,11,477
1880330,11,477
8140,11,477
482390,11,477
2570640,11,477
296870,11,477
2956820,11,477
2492390,11,477
733460,11,477
756090,11,477
1424660,11,477
1448260,11,477
771410,11,477
457730,11,477
1579260,11,477
747200,11,477
2149290,11,477
424780,11,477
2901310,11,477
2770160,11,477
863590,11,477
2061750,11,477
446540,11,477
2248120,11,477
1861610,11,477
729050,11,477
297050,11,477
738580,11,477
1060300,11,477
1593310,11,477
377900,11,477
2106810,11,477
1018130,11,477
2367560,11,477
447960,11,477
416340,11,477
2340890,11,477
573720,11,477
1958340,11,477
264380,11,477
458490,11,477
400360,11,477
2254000,11,477
1785820,11,477
357600,11,477
2320010,11,477
2639380,11,477
1813270,11,477
2994240,11,477
469800,11,477
508840,11,477
620210,11,477
675950,11,477
1538570,11,477
574780,11,477
3072160,11,477
2258290,11,477
1368850,11,477
396430,11,477
3059300,11,477
941160,11,477
273280,11,477
978920,11,477
420110,11,477
401120,11,477
2000330,11,477
571180,11,477
2291340,11,477
3478060,11,477
227860,11,477
1478890,11,477
976390,11,477
1016970,11,477
411060,11,477
1248820,11,477
2514960,11,477
1302860,11,477
302790,11,477
2464470,11,477
2751610,11,477
1642890,11,477
1139140,11,477
661130,11,477
1769980,11,477
1604250,11,477
1263470,11,477
1655140,11,477
1358710,11,477
1628610,11,477
1937620,11,477
1424080,11,477
226120,11,477
400430,11,477
1650860,11,477
1508460,11,477
2886970,11,477
331920,11,477
2009010,11,477
1818370,11,477
381770,11,477
677280,11,477
684940,11,477
1337270,11,477
1219580,11,477
679230,11,477
2691350,11,477
1222750,11,477
1150550,11,477
502600,11,477
1942120,11,477
972850,11,477
733540,11,477
2430250,11,477
665440,11,477
691150,11,477
214970,11,477
1548680,11,477
2512840,11,477
693650,11,477
2194400,11,477
1401170,11,477
1138640,11,477
1267210,11,477
2372330,11,477
1097960,11,477
2126680,11,477
17100,11,477
364210,11,477
1194140,11,477
17120,11,477
556090,11,477
2000660,11,477
734910,11,477
390440,11,477
674930,11,477
281920,11,477
467220,11,477
1245090,11,477
1322290,11,477
1585220,11,477
3220730,11,477
797620,11,477
3147190,11,477
800820,11,477
2930160,11,477
2161050,11,477
307920,11,477
317850,11,477
2348090,11,477
3393750,11,477
1444300,11,477
2290000,11,477
602520,11,477
440640,11,477
2870110,11,477
1591290,11,477
1595380,11,477
2172260,11,477
412350,11,477
1097530,11,477
1410840,11,477
411530,11,477
929320,11,477
218410,11,477
679990,11,477
2252680,11,477
1048580,11,477
32150,11,477
785760,11,477
1506820,11,477
1338840,11,477
1347780,11,477
1337280,11,477
3213690,11,477
905100,11,477
2343600,11,477
223090,11,477
1492230,11,477
494490,11,477
2748830,11,477
869690,11,477
881730,11,477
574420,11,477
1343920,11,477
319480,11,477
319280,11,477
426690,11,477
562050,11,477
516670,11,477
2819420,11,477
3046430,11,477
1771730,11,477
824760,11,477
2894560,11,477
1896390,11,477
1212020,11,477
341000,11,477
2115760,11,477
2655960,11,477
2583300,11,477
646680,11,477
1173280,11,477
2641750,11,477
2096510,11,477
1158420,11,477
3206200,11,477
6900,11,477
2498480,11,477
2562460,11,477
760490,11,477
3339940,11,477
1823950,11,477
1559390,11,477
2013730,11,477
2940220,11,477
1222040,11,477
1264970,11,477
750330,11,477
1076750,11,477
428180,11,477
421120,11,477
1269050,11,477
3116640,11,477
694770,11,477
706370,11,477
695630,11,477
3142660,11,477
868260,11,477
881520,11,477
512240,11,477
2824310,11,477
307900,11,477
2254030,11,477
1111030,11,477
1506980,11,477
525140,11,477
386960,11,477
310790,11,477
3270450,11,477
667610,11,477
3527370,11,477
356730,11,477
1890120,11,477
258200,11,477
880990,11,477
2672090,11,477
872570,11,477
8150,11,477
815000,11,477
517810,11,477
1269690,11,477
351290,11,477
1307570,11,477
1266430,11,477
1049280,11,477
1923740,11,477
1571960,11,477
2194590,11,477
691730,11,477
2447520,11,477
3257490,11,477
398110,11,477
1028440,11,477
910880,11,477
385510,11,477
1142830,11,477
2595490,11,477
1097810,11,477
719320,11,477
3453220,11,477
1093910,11,477
1086640,11,477
642090,11,477
2586640,11,477
942930,11,477
1140630,11,477
589060,11,477
2888470,11,477
413760,11,477
726100,11,477
40720,11,477
316360,11,477
3224910,11,477
1260390,11,477
304350,11,477
1423780,11,477
601930,11,477
418040,11,477
1385420,11,477
1186220,11,477
1796210,11,477
1014560,11,477
517300,11,477
380120,11,477
3191050,11,477
1872860,11,477
1802720,11,477
1736630,11,477
3422700,11,477
801550,11,477
488800,11,477
960740,11,477
1058350,11,477
711660,11,477
907270,11,477
1161170,11,477
496340,11,477
1222050,11,477
540230,11,477
668680,11,477
3391110,11,477
573710,11,477
2060160,11,477
585190,11,477
612380,11,477
2124620,11,477
2050510,11,477
385800,11,477
1173010,11,477
252550,11,477
2581410,11,477
530500,11,477
2727650,11,477
598330,11,477
377880,12,458
3543720,12,458
1465510,12,458
692790,12,458
289180,12,458
1769420,12,458
906240,12,458
1309200,12,458
2201760,12,458
644540,12,458
1545290,12,458
3064160,12,458
3134570,12,458
1765950,12,458
1352540,12,458
459880,12,458
554310,12,458
1088960,12,458
1536070,12,458
2153610,12,458
578470,12,458
1875310,12,458
840800,12,458
1057850,12,458
754310,12,458
2406410,12,458
1258040,12,458
808420,12,458
458820,12,458
2441170,12,458
793690,12,458
1051850,12,458
745710,12,458
461230,12,458
852970,12,458
760010,12,458
3093590,12,458
2404900,12,458
1078730,12,458
2597460,12,458
342510,12,458
1713190,12,458
770090,12,458
785890,12,458
1836450,12,458
2994150,12,458
755520,12,458
407900,12,458
1221080,12,458
2119150,12,458
359040,12,458
3220170,12,458
1005460,12,458
2219470,12,458
302060,12,458
968250,12,458
578890,12,458
3064950,12,458
434520,12,458
1621680,12,458
664180,12,458
921740,12,458
2285650,12,458
1868410,12,458
1814630,12,458
980600,12,458
1241520,12,458
2497920,12,458
1642580,12,458
1610900,12,458
1904820,12,458
308010,12,458
813540,12,458
3222850,12,458
3216200,12,458
3317770,12,458
584940,12,458
1285560,12,458
1304510,12,458
2321860,12,458
412230,12,458
425060,12,458
1572920,12,458
604240,12,458
1393500,12,458
787790,12,458
1148730,12,458
2373630,12,458
1214410,12,458
430170,12,458
320570,12,458
3435860,12,458
2739980,12,458
2860450,12,458
960980,12,458
2818480,12,458
568090,12,458
875110,12,458
356450,12,458
2101890,12,458
380570,12,458
721890,12,458
258760,12,458
3306030,12,458
2558700,12,458
1508660,12,458
2865610,12,458
1173590,12,458
1214520,12,458
1390740,12,458
551570,12,458
294190,12,458
1380310,12,458
2012840,12,458
1510470,12,458
2707070,12,458
754150,12,458
2197890,12,458
1285080,12,458
1117090,12,458
3068320,12,458
12510,12,458
8400,12,458
584890,12,458
1609870,12,458
554530,12,458
1386950,12,458
382490,12,458
500260,12,458
220820,12,458
3331320,12,458
3010460,12,458
304140,12,458
235620,12,458
38210,12,458
2929170,12,458
2205440,12,458
584640,12,458
1398070,12,458
2027920,12,458
2091130,12,458
1715460,12,458
618570,12,458
603360,12,458
604470,12,458
1536080,12,458
802200,12,458
1149940,12,458
884180,12,458
611300,12,458
1123870,12,458
2100150,12,458
1378290,12,458
325430,12,458
1236770,12,458
1836420,12,458
1885110,12,458
958720,12,458
2604480,12,458
612160,12,458
3371240,12,458
1114380,12,458
1048100,12,458
214170,12,458
3464890,12,458
789660,12,458
1984610,12,458
809140,12,458
629240,12,458
1371090,12,458
1612620,12,458
219780,12,458
3155430,12,458
1240480,12,458
2053580,12,458
686300,12,458
2607060,12,458
322110,12,458
1920770,12,458
1660910,12,458
1697460,12,458
696370,12,458
730840,12,458
2064810,12,458
2275560,12,458
492870,12,458
391720,12,458
1508670,12,458
219760,12,458
2007530,12,458
1957990,12,458
1846170,12,458
2404130,12,458
2456350,12,458
1075740,12,458
3121490,12,458
2321290,12,458
1584040,12,458
1107230,12,458
3335120,12,458
1636550,12,458
2654860,12,458
1106140,12,458
1266690,12,458
1698670,12,458
2449040,12,458
1527290,12,458
2905970,12,458
746850,12,458
259980,12,458
603690,12,458
484930,12,458
259940,12,458
1147510,12,458
1836100,12,458
248370,12,458
408990,12,458
1215280,12,458
3477660,12,458
656700,12,458
2056340,12,458
264690,12,458
587310,12,458
2696320,12,458
852440,12,458
1073390,12,458
1642220,12,458
392080,12,458
901000,12,458
1383270,12,458
355980,12,458
3091340,12,458
3343590,12,458
1690690,12,458
1867510,12,458
266010,12,458
2198940,12,458
889060,12,458
2140570,12,458
659460,12,458
391420,12,458
476530,12,458
2283380,12,458
2638370,12,458
470140,12,458
2620240,12,458
345020,12,458
1205950,12,458
2275020,12,458
1485140,12,458
1322420,12,458
1089130,12,458
382200,12,458
994930,12,458
325040,12,458
600120,12,458
1610440,12,458
898120,12,458
803890,12,458
743670,12,458
1257410,12,458
596380,12,458
1939940,12,458
3122150,12,458
2274430,12,458
270370,12,458
1700,12,458
2790330,12,458
3011030,12,458
816270,12,458
2361390,12,458
2176900,12,458
433170,12,458
1065020,12,458
2878410,12,458
854030,12,458
308140,12,458
1520500,12,458
1816570,12,458
2230280,12,458
1516750,12,458
324070,12,458
1531490,12,458
1500470,12,458
2296550,12,458
3155080,12,458
999860,12,458
2232600,12,458
2512560,12,458
1946700,12,458
3498390,12,458
1434540,12,458
3391260,12,458
1181830,12,458
1099530,12,458
785480,12,458
1585910,12,458
489110,12,458
1045520,12,458
1035850,12,458
2261050,12,458
3356720,12,458
663270,12,458
468700,12,458
985930,12,458
1305300,12,458
655730,12,458
708340,12,458
1131080,12,458
2737300,12,458
575590,12,458
2019300,12,458
2152740,12,458
601540,12,458
2907010,12,458
434430,12,458
292320,12,458
2198830,12,458
1393570,12,458
451900,12,458
844760,12,458
996090,12,458
2720,12,458
3131610,12,458
3265880,12,458
232010,12,458
3555700,12,458
3508140,12,458
674520,12,458
681780,12,458
1763110,12,458
396650,12,458
1985690,12,458
1571440,12,458
2389670,12,458
324510,12,458
288080,12,458
827410,12,458
398970,12,458
3401490,12,458
491530,12,458
2108600,12,458
3210820,12,458
3084590,12,458
2103940,12,458
2354600,12,458
868150,12,458
1274490,12,458
1119970,12,458
313500,12,458
768450,12,458
2605780,12,458
814530,12,458
567320,12,458
3099000,12,458
1815430,12,458
1307870,12,458
450090,12,458
655600,12,458
510420,12,458
3058790,12,458
1137460,12,458
248470,12,458
425960,12,458
2496920,12,458
2909680,12,458
1803550,12,458
2413190,12,458
779570,12,458
611830,12,458
3198680,12,458
873840,12,458
3017650,12,458
796860,12,458
1546570,12,458
521560,12,458
2753620,12,458
2162780,12,458
2373460,12,458
1542280,12,458
671900,12,458
2185870,12,458
436810,12,458
1068520,12,458
3350900,12,458
1961520,12,458
1190130,12,458
319880,12,458
429540,12,458
386480,12,458
1599880,12,458
1592280,12,458
309940,12,458
293980,12,458
2506160,12,458
1386900,12,458
1789490,12,458
2004080,12,458
1771180,12,458
2393810,12,458
1400870,12,458
1740930,12,458
1302000,12,458
3172390,12,458
2459180,12,458
853780,12,458
529240,12,458
961660,12,458
360530,12,458
3101160,12,458
373360,12,458
310450,12,458
1945760,12,458
2286790,12,458
730870,12,458
270790,12,458
3096270,12,458
1930340,12,458
2865590,12,458
3306780,12,458
3165140,12,458
1512720,12,458
267490,12,458
1818940,12,458
483770,12,458
3126470,12,458
1684820,12,458
3479710,12,458
317910,12,458
421780,12,458
2170920,12,458
377290,12,458
1011760,12,458
60600,12,458
1871580,12,458
282620,12,458
2767950,12,458
1100990,12,458
1848520,12,458
1538460,12,458
329830,12,458
1935660,12,458
2936150,12,458
1528220,12,458
1210380,12,458
2300230,12,458
725480,12,458
357890,12,458
1620540,12,458
1529350,12,458
2104750,12,458
1259560,12,458
290890,12,458
1281510,12,458
2425150,12,458
1903910,12,458
441790,12,458
921970,12,458
6980,13,410
32360,13,410
254960,13,410
578620,13,410
1676130,13,410
592580,13,410
1634080,13,410
1456760,13,410
13600,13,410
2709040,13,410
8850,13,410
572410,13,410
4900,13,410
673000,13,410
2687970,13,410
15190,13,410
63610,13,410
462770,13,410
22010,13,410
1206060,13,410
3352550,13,410
2922410,13,410
1898500,13,410
221640,13,410
530210,13,410
1919470,13,410
29610,13,410
673130,13,410
273590,13,410
225080,13,410
846470,13,410
695330,13,410
1062110,13,410
360740,13,410
38440,13,410
70400,13,410
15300,13,410
835670,13,410
1324220,13,410
12710,13,410
2842890,13,410
1123450,13,410
1601150,13,410
1976950,13,410
7000,13,410
208480,13,410
324140,13,410
13500,13,410
925930,13,410
500810,13,410
1221250,13,410
13570,13,410
9340,13,410
1812090,13,410
2920,13,410
230700,13,410
2111190,13,410
814360,13,410
1640,13,410
6030,13,410
2305500,13,410
248510,13,410
555220,13,410
785790,13,410
410710,13,410
6920,13,410
1029210,13,410
837460,13,410
1532710,13,410
269710,13,410
1456880,13,410
50620,13,410
1691190,13,410
38420,13,410
1046400,13,410
2362420,13,410
342180,13,410
1924360,13,410
2081470,13,410
1425350,13,410
858710,13,410
365450,13,410
48010,13,410
1747050,13,410
353540,13,410
206190,13,410
11450,13,410
512790,13,410
316790,13,410
211600,13,410
1227650,13,410
1309950,13,410
1627570,13,410
376300,13,410
900270,13,410
12900,13,410
245450,13,410
3130330,13,410
1147550,13,410
388210,13,410
1887400,13,410
397550,13,410
1190170,13,410
32460,13,410
1421790,13,410
519860,13,410
363440,13,410
447150,13,410
230270,13,410
1412570,13,410
505640,13,410
34450,13,410
956030,13,410
2051430,13,410
1727180,13,410
1269330,13,410
12500,13,410
47540,13,410
419060,13,410
1815570,13,410
1293460,13,410
215160,13,410
211740,13,410
2062120,13,410
272270,13,410
917840,13,410
17330,13,410
380,13,410
1108370,13,410
2060130,13,410
21110,13,410
600370,13,410
314660,13,410
1229380,13,410
1238020,13,410
2695350,13,410
108500,13,410
960690,13,410
2278860,13,410
219890,13,410
248310,13,410
113020,13,410
332200,13,410
1059990,13,410
237990,13,410
397060,13,410
2442460,13,410
410,13,410
530620,13,410
25800,13,410
253110,13,410
322680,13,410
2312670,13,410
553640,13,410
1414250,13,410
323580,13,410
1504500,13,410
1229580,13,410
1520,13,410
3185590,13,410
1080750,13,410
3273240,13,410
473950,13,410
39520,13,410
1410640,13,410
279940,13,410
41050,13,410
1220100,13,410
17460,13,410
428550,13,410
373090,13,410
795420,13,410
1574260,13,410
925940,13,410
569860,13,410
1345820,13,410
397190,13,410
20570,13,410
496620,13,410
1772530,13,410
1103860,13,410
866140,13,410
1747760,13,410
1633340,13,410
2966850,13,410
1138850,13,410
214770,13,410
61520,13,410
1038370,13,410
9050,13,410
733110,13,410
41060,13,410
58610,13,410
12810,13,410
2231190,13,410
716500,13,410
2366980,13,410
916730,13,410
327740,13,410
220160,13,410
1647920,13,410
237930,13,410
963000,13,410
2210,13,410
35720,13,410
334940,13,410
1000010,13,410
33220,13,410
2386310,13,410
534290,13,410
6200,13,410
600130,13,410
551700,13,410
41510,13,410
240760,13,410
61510,13,410
107100,13,410
6850,13,410
253750,13,410
1517180,13,410
34460,13,410
230230,13,410
231160,13,410
2545360,13,410
829280,13,410
3385670,13,410
6950,13,410
1581480,13,410
434660,13,410
980300,13,410
13560,13,410
817540,13,410
224760,13,410
846870,13,410
2378620,13,410
15130,13,410
377860,13,410
456670,13,410
1347970,13,410
1971230,13,410
356650,13,410
700480,13,410
39190,13,410
2921660,13,410
1328350,13,410
1630,13,410
34440,13,410
1484280,13,410
9010,13,410
232430,13,410
246960,13,410
2720950,13,410
20500,13,410
827000,13,410
2296380,13,410
381780,13,410
1507580,13,410
1340480,13,410
2640,13,410
530320,13,410
2262290,13,410
243970,13,410
2076580,13,410
8000,13,410
1346020,13,410
1240060,13,410
241600,13,410
1276800,13,410
536220,13,410
13540,13,410
221910,13,410
610860,13,410
254980,13,410
17410,13,410
1137350,13,410
290260,13,410
583470,13,410
242110,13,410
1619230,13,410
1978590,13,410
2324590,13,410
202200,13,410
35700,13,410
2401410,13,410
525620,13,410
469790,13,410
597760,13,410
607050,13,410
1561340,13,410
21660,13,410
98200,13,410
1523720,13,410
1350200,13,410
1226670,13,410
21680,13,410
3508630,13,410
1055540,13,410
1364100,13,410
1977170,13,410
6830,13,410
226620,13,410
1203710,13,410
33610,13,410
200900,13,410
2079180,13,410
2459000,13,410
94200,13,410
488920,13,410
780350,13,410
1168280,13,410
1893810,13,410
300550,13,410
7110,13,410
46560,13,410
375440,13,410
2524440,13,410
6310,13,410
204060,13,410
228860,13,410
336140,13,410
204030,13,410
2600140,13,410
65300,13,410
19830,13,410
207510,13,410
35130,13,410
1426010,13,410
1939160,13,410
981430,13,410
95400,13,410
13580,13,410
596970,13,410
15320,13,410
26800,13,410
19800,13,410
1497440,13,410
356400,13,410
92800,13,410
446810,13,410
31820,13,410
3238120,13,410
254320,13,410
47920,13,410
1373960,13,410
1712350,13,410
449610,13,410
1580180,13,410
1123050,13,410
1098770,13,410
207490,13,410
1171320,13,410
337340,13,410
857980,13,410
1233070,13,410
1983990,13,410
2420660,13,410
1499120,13,410
730820,13,410
306660,13,410
1579380,13,410
3170,13,410
416600,13,410
420,13,410
1928690,13,410
1168460,13,410
466300,13,410
19980,13,410
1627840,13,410
2238040,13,410
346940,13,410
3512530,13,410
552590,13,410
2312770,13,410
874260,13,410
1330470,13,410
858260,13,410
2544110,13,410
1395030,13,410
1783360,13,410
1240210,13,410
32380,13,410
1047220,13,410
102610,13,410
485460,13,410
1091980,13,410
251830,13,410
1225560,13,410
737520,13,410
41500,13,410
22150,13,410
222750,13,410
1082710,13,410
1079800,13,410
1743850,13,410
594330,13,410
422970,13,410
893180,13,410
2005120,13,410
207690,13,410
722230,13,410
24870,13,410
34050,13,410
242590,13,410
5250,13,410
248610,13,410
207170,13,410
650500,13,410
964800,13,410
201790,13,410
238210,13,410
707320,14,5693
1121710,14,5693
1736360,14,5693
375600,14,5693
2413660,14,5693
1482380,14,5693
398240,14,5693
1781350,14,5693
1140570,14,5693
760890,14,5693
1359630,14,5693
346130,14,5693
2709730,14,5693
6040,14,5693
770170,14,5693
1028880,14,5693
2231010,14,5693
551540,14,5693
682970,14,5693
1058770,14,5693
2110,14,5693
47520,14,5693
354900,14,5693
3511120,14,5693
792200,14,5693
1346400,14,5693
367580,14,5693
302110,14,5693
421880,14,5693
2668050,14,5693
1703920,14,5693
449710,14,5693
303390,14,5693
558670,14,5693
2903160,14,5693
3111080,14,5693
2113900,14,5693
3289580,14,5693
1422180,14,5693
3018410,14,5693
1380260,14,5693
2510760,14,5693
2857560,14,5693
28050,14,5693
1014040,14,5693
3169620,14,5693
690080,14,5693
3526830,14,5693
3022640,14,5693
1012970,14,5693
2016280,14,5693
2415470,14,5693
1551160,14,5693
512710,14,5693
3405610,14,5693
2363590,14,5693
2775600,14,5693
596530,14,5693
555150,14,5693
2626650,14,5693
731430,14,5693
405230,14,5693
201010,14,5693
2272900,14,5693
1639430,14,5693
3014520,14,5693
849980,14,5693
425690,14,5693
2084720,14,5693
1133930,14,5693
661030,14,5693
442220,14,5693
776320,14,5693
1851330,14,5693
1787480,14,5693
2220360,14,5693
676420,14,5693
752180,14,5693
2051550,14,5693
2410260,14,5693
781180,14,5693
628030,14,5693
2592170,14,5693
3057190,14,5693
1719390,14,5693
1111370,14,5693
3194070,14,5693
433020,14,5693
904560,14,5693
211440,14,5693
297780,14,5693
976010,14,5693
971470,14,5693
3492230,14,5693
2793370,14,5693
558230,14,5693
653080,14,5693
3540830,14,5693
1428420,14,5693
706320,14,5693
809270,14,5693
1859490,14,5693
763940,14,5693
371190,14,5693
1770390,14,5693
889450,14,5693
38720,14,5693
231390,14,5693
2436480,14,5693
368220,14,5693
2684760,14,5693
991790,14,5693
561200,14,5693
518810,14,5693
3601790,14,5693
664800,14,5693
569270,14,5693
2627570,14,5693
565600,14,5693
3166820,14,5693
2921870,14,5693
792300,14,5693
2370170,14,5693
664400,14,5693
2066360,14,5693
594130,14,5693
664440,14,5693
1577420,14,5693
3596510,14,5693
451500,14,5693
900050,14,5693
464340,14,5693
2075960,14,5693
703840,14,5693
1990590,14,5693
972940,14,5693
543160,14,5693
382760,14,5693
2752040,14,5693
364820,14,5693
1105300,14,5693
817470,14,5693
3536130,14,5693
2961330,14,5693
844850,14,5693
536410,14,5693
518620,14,5693
1454500,14,5693
1383020,14,5693
218740,14,5693
1279630,14,5693
1766930,14,5693
396560,14,5693
686840,14,5693
535490,14,5693
1522870,14,5693
657470,14,5693
1986010,14,5693
820030,14,5693
1918540,14,5693
1030180,14,5693
1046480,14,5693
979480,14,5693
1386890,14,5693
1946300,14,5693
2520410,14,5693
1138410,14,5693
1013650,14,5693
2738670,14,5693
344800,14,5693
2103620,14,5693
1274130,14,5693
420440,14,5693
928390,14,5693
947600,14,5693
29110,14,5693
1148570,14,5693
1070860,14,5693
267510,14,5693
293260,14,5693
482850,14,5693
1092960,14,5693
229480,14,5693
931360,14,5693
1280,14,5693
2307890,14,5693
957070,14,5693
1731720,14,5693
2413570,14,5693
2723520,14,5693
1207310,14,5693
3536760,14,5693
748540,14,5693
666610,14,5693
3119520,14,5693
1318560,14,5693
2334130,14,5693
1466690,14,5693
339700,14,5693
770500,14,5693
418940,14,5693
691260,14,5693
201570,14,5693
1218920,14,5693
2019360,14,5693
942460,14,5693
849560,14,5693
620570,14,5693
3350,14,5693
1451230,14,5693
242940,14,5693
1337010,14,5693
2752720,14,5693
2526410,14,5693
2207340,14,5693
2525520,14,5693
889910,14,5693
556770,14,5693
1572080,14,5693
1460750,14,5693
298740,14,5693
41300,14,5693
1419750,14,5693
2053940,14,5693
822760,14,5693
2661450,14,5693
2065800,14,5693
1034940,14,5693
2780210,14,5693
1144110,14,5693
1613680,14,5693
833090,14,5693
3388920,14,5693
270910,14,5693
266510,14,5693
692100,14,5693
649640,14,5693
789540,14,5693
368610,14,5693
1744570,14,5693
457550,14,5693
377450,14,5693
1467920,14,5693
1328530,14,5693
1333410,14,5693
1067650,14,5693
710030,14,5693
243000,14,5693
1637070,14,5693
342270,14,5693
1660320,14,5693
2777270,14,5693
889080,14,5693
2767480,14,5693
2731640,14,5693
2785200,14,5693
546240,14,5693
895950,14,5693
3410,14,5693
1260590,14,5693
1616520,14,5693
672770,14,5693
1797490,14,5693
495320,14,5693
2195390,14,5693
3070500,14,5693
2202430,14,5693
3529970,14,5693
777670,14,5693
439490,14,5693
23320,14,5693
2138150,14,5693
522230,14,5693
2331260,14,5693
1413870,14,5693
345380,14,5693
2128480,14,5693
2853160,14,5693
1338580,14,5693
60,14,5693
2144590,14,5693
1694750,14,5693
1964360,14,5693
797200,14,5693
595280,14,5693
354820,14,5693
1069480,14,5693
22340,14,5693
2651530,14,5693
552390,14,5693
782660,14,5693
2551170,14,5693
754840,14,5693
3057760,14,5693
970710,14,5693
682000,14,5693
3079970,14,5693
2014380,14,5693
1305400,14,5693
3535780,14,5693
687470,14,5693
440880,14,5693
1148450,14,5693
1863750,14,5693
271370,14,5693
2930120,14,5693
615400,14,5693
1058140,14,5693
2757820,14,5693
978450,14,5693
1589080,14,5693
2299510,14,5693
923500,14,5693
2880730,14,5693
2943150,14,5693
2076260,14,5693
496450,14,5693
1416050,14,5693
3559900,14,5693
3004490,14,5693
3639370,14,5693
298160,14,5693
619600,14,5693
2430700,14,5693
2000800,14,5693
2008510,14,5693
1053680,14,5693
2845190,14,5693
2052990,14,5693
863730,14,5693
260790,14,5693
253530,14,5693
792860,14,5693
377460,14,5693
302190,14,5693
337700,14,5693
6300,14,5693
1383000,14,5693
813530,14,5693
2494930,14,5693
490910,14,5693
344650,14,5693
486940,14,5693
1117310,14,5693
2404000,14,5693
1441840,14,5693
1715730,14,5693
1787150,14,5693
1004740,14,5693
1009330,14,5693
363860,14,5693
3170150,14,5693
107210,14,5693
906290,14,5693
1036600,14,5693
742500,14,5693
1931090,14,5693
410110,14,5693
600160,14,5693
510060,14,5693
1160870,14,5693
1765780,14,5693
1717170,14,5693
3001900,14,5693
263540,14,5693
2528140,14,5693
275810,14,5693
415860,14,5693
413290,14,5693
950740,14,5693
1422780,14,5693
542100,14,5693
3233670,14,5693
2994870,14,5693
2179510,14,5693
1984720,14,5693
3339830,14,5693
2399450,14,5693
586790,14,5693
577480,14,5693
1430680,14,5693
2662780,14,5693
2990510,14,5693
2829320,14,5693
773440,14,5693
919280,14,5693
384630,14,5693
1470310,14,5693
2965280,14,5693
557710,14,5693
2406000,14,5693
356160,14,5693
1287130,14,5693
1095750,14,5693
3389630,14,5693
614970,14,5693
1029870,14,5693
2837870,14,5693
1299370,14,5693
699970,14,5693
601220,14,5693
3230020,14,5693
1837220,14,5693
855010,14,5693
80890,14,5693
1624910,14,5693
364610,14,5693
3067770,14,5693
1498120,14,5693
1997460,14,5693
440790,14,5693
1363430,14,5693
731370,14,5693
757300,14,5693
1399690,14,5693
1196080,14,5693
1571820,14,5693
1704600,14,5693
363050,14,5693
405290,14,5693
3573000,14,5693
15160,14,5693
2157710,14,5693
527580,14,5693
221000,14,5693
816650,14,5693
502320,14,5693
496950,14,5693
1356670,14,5693
2697890,14,5693
3034450,14,5693
2186000,14,5693
820910,14,5693
1092430,14,5693
523210,14,5693
244410,14,5693
1953540,14,5693
3099660,14,5693
1842690,14,5693
1941110,14,5693
658920,14,5693
354770,14,5693
3500200,14,5693
1080060,14,5693
473770,14,5693
1873540,14,5693
929310,14,5693
779260,14,5693
2898270,14,5693
2986400,14,5693
1044050,14,5693
2311410,14,5693
1477460,14,5693
2986250,14,5693
226700,14,5693
493310,14,5693
1049270,14,5693
2543760,14,5693
396240,14,5693
336060,14,5693
1100030,14,5693
2693710,14,5693
2123310,14,5693
2113770,14,5693
1997660,14,5693
758930,14,5693
403120,14,5693
567010,14,5693
795100,14,5693
2742840,14,5693
2185500,14,5693
3529740,14,5693
278140,14,5693
3381120,14,5693
1647440,14,5693
1140290,14,5693
211260,14,5693
3075800,14,5693
1679220,14,5693
2532550,14,5693
1153150,14,5693
1855200,14,5693
1709450,14,5693
1700270,14,5693
327920,14,5693
1005450,14,5693
225300,14,5693
3151900,14,5693
680830,14,5693
3015610,14,5693
1908720,14,5693
413170,14,5693
2443780,14,5693
497150,14,5693
3042680,14,5693
337820,14,5693
1983710,14,5693
321880,14,5693
698670,14,5693
768100,14,5693
563340,14,5693
1668690,14,5693
312990,14,5693
1167790,14,5693
1407210,14,5693
868910,14,5693
2986370,14,5693
1017580,14,5693
2834110,14,5693
3065440,14,5693
382690,14,5693
1673190,14,5693
3040390,14,5693
2137700,14,5693
2256450,14,5693
2332210,14,5693
1045020,14,5693
1706210,14,5693
50650,14,5693
1292520,14,5693
238070,14,5693
115120,14,5693
3044560,14,5693
339280,14,5693
2891120,14,5693
480450,14,5693
1944560,14,5693
3125570,14,5693
512490,14,5693
1724140,14,5693
418070,14,5693
2736150,14,5693
1423330,14,5693
1002930,14,5693
284000,14,5693
2415960,14,5693
2227450,14,5693
1844610,14,5693
552880,14,5693
244770,14,5693
852220,14,5693
1280370,14,5693
3123450,14,5693
2397250,14,5693
411970,14,5693
906100,14,5693
2259140,14,5693
755540,14,5693
3356700,14,5693
1135260,14,5693
33770,14,5693
866060,14,5693
271950,14,5693
411960,14,5693
283940,14,5693
235210,14,5693
674310,14,5693
1133760,14,5693
2624280,14,5693
2020240,14,5693
1666520,14,5693
1164740,14,5693
1070240,14,5693
277110,14,5693
1189230,14,5693
1630080,14,5693
348860,14,5693
674560,14,5693
423710,14,5693
1191840,14,5693
445720,14,5693
2119740,14,5693
1546400,14,5693
3251270,14,5693
1446230,14,5693
2064920,14,5693
805930,14,5693
992730,14,5693
668350,14,5693
1168430,14,5693
3215660,14,5693
1422290,14,5693
2854710,14,5693
17700,14,5693
673220,14,5693
1184790,14,5693
758500,14,5693
1814170,14,5693
459560,14,5693
968320,14,5693
1165380,14,5693
1265970,14,5693
887940,14,5693
716350,14,5693
2717930,14,5693
1035660,14,5693
1662850,14,5693
1059230,14,5693
1562910,14,5693
1074340,14,5693
217750,14,5693
685240,14,5693
360620,14,5693
1083300,14,5693
573320,14,5693
1622780,14,5693
1223020,14,5693
503710,14,5693
1296260,14,5693
3057390,14,5693
2810880,14,5693
2110110,14,5693
2367650,14,5693
1317020,14,5693
351170,14,5693
1398740,14,5693
2485350,14,5693
2314720,14,5693
436280,14,5693
1431570,14,5693
1048540,14,5693
801600,14,5693
1243850,14,5693
402210,14,5693
2346310,14,5693
532660,14,5693
913280,14,5693
322190,14,5693
216260,14,5693
2011780,14,5693
786080,14,5693
681330,14,5693
2345220,14,5693
1636710,14,5693
2609320,14,5693
2775000,14,5693
2828490,14,5693
2515240,14,5693
2758260,14,5693
1518220,14,5693
2676930,14,5693
348810,14,5693
828740,14,5693
2168450,14,5693
1034120,14,5693
1113620,14,5693
2272420,14,5693
359340,14,5693
2750920,14,5693
1320140,14,5693
2534120,14,5693
3221750,14,5693
3327170,14,5693
610900,14,5693
664780,14,5693
1336120,14,5693
1493760,14,5693
1532770,14,5693
338130,14,5693
2147950,14,5693
3279100,14,5693
1098100,14,5693
1059880,14,5693
1510030,14,5693
1269020,14,5693
457810,14,5693
296280,14,5693
392970,14,5693
700240,14,5693
3450,14,5693
769200,14,5693
2090370,14,5693
2850000,14,5693
1070190,14,5693
2654470,14,5693
234900,14,5693
1205450,14,5693
998850,14,5693
1647160,14,5693
3245770,14,5693
1321750,14,5693
1611580,14,5693
992960,14,5693
2849680,14,5693
2227030,14,5693
817720,14,5693
1477170,14,5693
1524630,14,5693
497800,14,5693
219830,14,5693
485980,14,5693
304690,14,5693
951830,14,5693
1803600,14,5693
856540,14,5693
967370,14,5693
45400,14,5693
2789460,14,5693
1427210,14,5693
590870,14,5693
1103210,14,5693
372030,14,5693
3107800,14,5693
319810,14,5693
2586000,14,5693
1933650,14,5693
1009460,14,5693
1596540,14,5693
360720,14,5693
1767630,14,5693
1720050,14,5693
712620,14,5693
495460,14,5693
1796720,14,5693
3288270,14,5693
1790630,14,5693
1186340,14,5693
2474530,14,5693
3001070,14,5693
814610,14,5693
3720,14,5693
326950,14,5693
728240,14,5693
207350,14,5693
1680550,14,5693
1390350,14,5693
221410,14,5693
3509620,14,5693
535890,14,5693
742120,14,5693
1361680,14,5693
681000,14,5693
1137410,14,5693
378110,14,5693
2591380,14,5693
1264280,14,5693
1635730,14,5693
3019400,14,5693
1121930,14,5693
332570,14,5693
1777390,14,5693
2738600,14,5693
449140,14,5693
3290710,14,5693
2358040,14,5693
294720,14,5693
2747780,14,5693
448270,14,5693
1769270,14,5693
281820,14,5693
2776780,14,5693
1000440,14,5693
554750,14,5693
107200,14,5693
269910,14,5693
2001340,14,5693
1792010,14,5693
612280,14,5693
1250560,14,5693
623080,14,5693
1419330,14,5693
689910,14,5693
897610,14,5693
1027830,14,5693
1506510,14,5693
373600,14,5693
1137320,14,5693
406730,14,5693
1160360,14,5693
602160,14,5693
2272400,14,5693
527720,14,5693
2617400,14,5693
2552330,14,5693
1432500,14,5693
51010,14,5693
2585720,14,5693
2156430,14,5693
72910,14,5693
2387780,14,5693
673060,14,5693
791150,14,5693
1233410,14,5693
3295910,14,5693
3430470,14,5693
1022480,14,5693
354240,14,5693
926820,14,5693
2905900,14,5693
490220,14,5693
1816390,14,5693
959880,14,5693
764920,14,5693
787690,14,5693
2264140,14,5693
839330,14,5693
423550,14,5693
1039830,14,5693
887530,14,5693
308330,14,5693
31180,14,5693
674190,14,5693
988240,14,5693
1801230,14,5693
462960,14,5693
1732050,14,5693
2652500,14,5693
517910,14,5693
2882080,14,5693
2294450,14,5693
1761270,14,5693
1967820,14,5693
336300,14,5693
2914480,14,5693
1986040,14,5693
501840,14,5693
1343970,14,5693
711190,14,5693
1425980,14,5693
567240,14,5693
932230,14,5693
783640,14,5693
716090,14,5693
2872930,14,5693
1283280,14,5693
2081460,14,5693
409590,14,5693
22670,14,5693
50940,14,5693
618630,14,5693
32390,14,5693
767300,14,5693
724010,14,5693
431710,14,5693
3065860,14,5693
1552080,14,5693
939770,14,5693
2859800,14,5693
510500,14,5693
396610,14,5693
587110,14,5693
2408310,14,5693
378200,14,5693
721080,14,5693
434480,14,5693
2719190,14,5693
1592290,14,5693
1059430,14,5693
2218930,14,5693
2384920,14,5693
575100,14,5693
1999520,14,5693
3106160,14,5693
3436100,14,5693
207060,14,5693
3465270,14,5693
1254320,14,5693
1777430,14,5693
3540500,14,5693
636170,14,5693
1534340,14,5693
427190,14,5693
37230,14,5693
2209910,14,5693
407110,14,5693
2719830,14,5693
279560,14,5693
7800,14,5693
329130,14,5693
2313130,14,5693
2138250,14,5693
544700,14,5693
1630920,14,5693
1754460,14,5693
2809040,14,5693
889740,14,5693
202690,14,5693
2802160,14,5693
46850,14,5693
2941580,14,5693
646330,14,5693
1995300,14,5693
1223840,14,5693
2174170,14,5693
342980,14,5693
1554790,14,5693
3171460,14,5693
427350,14,5693
293460,14,5693
1620110,14,5693
599430,14,5693
2479720,14,5693
340490,14,5693
3288620,14,5693
3233950,14,5693
2718440,14,5693
416770,14,5693
3345060,14,5693
1061180,14,5693
2375080,14,5693
1104250,14,5693
2898880,14,5693
617190,14,5693
1342090,14,5693
742480,14,5693
3599070,14,5693
3327670,14,5693
908360,14,5693
1154360,14,5693
220960,14,5693
546440,14,5693
1654990,14,5693
544600,14,5693
3442040,14,5693
3569920,14,5693
2473640,14,5693
2883280,14,5693
346820,14,5693
931780,14,5693
545750,14,5693
2239530,14,5693
1163100,14,5693
837880,14,5693
688010,14,5693
1722840,14,5693
559250,14,5693
2675890,14,5693
3328910,14,5693
814930,14,5693
1734680,14,5693
2493560,14,5693
944710,14,5693
1573010,14,5693
1129660,14,5693
671170,14,5693
530940,14,5693
746470,14,5693
710940,14,5693
1569700,14,5693
1878910,14,5693
357480,14,5693
1999530,14,5693
912370,14,5693
1329450,14,5693
451130,14,5693
355020,14,5693
1399370,14,5693
820600,14,5693
547930,14,5693
2877770,14,5693
870820,14,5693
3140130,14,5693
327470,14,5693
386260,14,5693
2229350,14,5693
2285300,14,5693
848500,14,5693
2752530,14,5693
529600,14,5693
292960,14,5693
107300,14,5693
2270,14,5693
413810,14,5693
1116580,14,5693
2820800,14,5693
1222940,14,5693
944910,14,5693
366920,14,5693
347940,14,5693
563290,14,5693
1796580,14,5693
2220870,14,5693
606950,14,5693
2420880,14,5693
1770210,14,5693
1711610,14,5693
804010,14,5693
686770,14,5693
2517200,14,5693
1406020,14,5693
496630,14,5693
3279910,14,5693
773870,14,5693
581030,14,5693
1537710,14,5693
1531610,14,5693
913550,14,5693
814680,14,5693
3443770,14,5693
1839880,14,5693
547050,14,5693
262960,14,5693
839630,14,5693
577690,14,5693
933230,14,5693
1232940,14,5693
730110,14,5693
775690,14,5693
1599780,14,5693
292380,14,5693
521690,14,5693
27930,14,5693
282350,14,5693
437080,14,5693
1140270,14,5693
370590,14,5693
535460,14,5693
959410,14,5693
303510,14,5693
2802290,14,5693
703510,14,5693
1281790,14,5693
310510,14,5693
941030,14,5693
1202900,14,5693
2385900,14,5693
2468100,14,5693
2679860,14,5693
2138570,14,5693
1739530,14,5693
2947240,14,5693
1015720,14,5693
3453570,14,5693
500670,14,5693
881060,14,5693
2848360,14,5693
3167970,14,5693
550760,14,5693
320320,14,5693
2473980,14,5693
324090,14,5693
3247500,14,5693
290790,14,5693
1276400,14,5693
1072480,14,5693
2436790,14,5693
315460,14,5693
1933700,14,5693
1130620,14,5693
1945260,14,5693
1532650,14,5693
861270,14,5693
971690,14,5693
337070,14,5693
765410,14,5693
1101790,14,5693
1155870,14,5693
2022180,14,5693
612470,14,5693
579920,14,5693
860950,14,5693
326740,14,5693
2487680,14,5693
1631210,14,5693
417720,14,5693
934430,14,5693
2119660,14,5693
1135810,14,5693
691620,14,5693
949960,14,5693
534350,14,5693
350620,14,5693
1329480,14,5693
1901620,14,5693
1574700,14,5693
48210,14,5693
49700,14,5693
1765350,14,5693
1315680,14,5693
2677310,14,5693
2555430,14,5693
465240,14,5693
3419160,14,5693
994040,14,5693
1124190,14,5693
2109270,14,5693
2230820,14,5693
1208950,14,5693
655780,14,5693
223000,14,5693
915310,14,5693
33910,14,5693
404040,14,5693
1059380,14,5693
2085000,14,5693
299250,14,5693
3623260,14,5693
2621890,14,5693
443080,14,5693
1473060,14,5693
1477130,14,5693
983970,14,5693
916930,14,5693
415420,14,5693
1048350,14,5693
1076640,14,5693
585910,14,5693
228360,14,5693
958480,14,5693
1307270,14,5693
1368250,14,5693
752220,14,5693
269290,14,5693
1332760,14,5693
3195080,14,5693
2430370,14,5693
2881860,14,5693
2725650,14,5693
858460,14,5693
674460,14,5693
1670810,14,5693
324570,14,5693
358360,14,5693
1569620,14,5693
3019160,14,5693
2589630,14,5693
561770,14,5693
1057810,14,5693
664850,14,5693
674960,14,5693
2460920,14,5693
681380,14,5693
926090,14,5693
698700,14,5693
1733830,14,5693
51060,14,5693
1011190,14,5693
1649260,14,5693
3500,14,5693
1174860,14,5693
2774190,14,5693
33710,14,5693
2670770,14,5693
352610,14,5693
356100,14,5693
490370,14,5693
440660,14,5693
1210110,14,5693
732160,14,5693
2423320,14,5693
873970,14,5693
44100,14,5693
1005130,14,5693
1952870,14,5693
2961460,14,5693
1125240,14,5693
1221010,14,5693
569430,14,5693
2237980,14,5693
1449070,14,5693
380360,14,5693
821680,14,5693
2457030,14,5693
350460,14,5693
1168880,14,5693
645090,14,5693
396280,14,5693
1948430,14,5693
624560,14,5693
1264650,14,5693
324390,14,5693
775270,14,5693
846700,14,5693
493480,14,5693
1086030,14,5693
576430,14,5693
1005900,14,5693
661450,14,5693
1212100,14,5693
2525230,14,5693
444770,14,5693
296050,14,5693
485330,14,5693
2026990,14,5693
1926120,14,5693
278460,14,5693
2293850,14,5693
1597280,14,5693
741150,14,5693
2765490,14,5693
1203160,14,5693
955740,14,5693
825730,14,5693
3071740,14,5693
838730,14,5693
384690,14,5693
526490,14,5693
1058830,14,5693
2774380,14,5693
307640,14,5693
615030,14,5693
2060400,14,5693
294560,14,5693
1556100,14,5693
367810,14,5693
3497720,14,5693
3064700,14,5693
1997180,14,5693
11390,14,5693
2960870,14,5693
838010,14,5693
1412190,14,5693
3572580,14,5693
2330500,14,5693
961440,14,5693
1073910,14,5693
317020,14,5693
3366110,14,5693
2752520,14,5693
881320,14,5693
408410,14,5693
733050,14,5693
863810,14,5693
2414630,14,5693
22180,14,5693
2839450,14,5693
27940,14,5693
1316390,14,5693
1133120,14,5693
1207780,14,5693
1034250,14,5693
1125390,14,5693
1126960,14,5693
1490340,14,5693
1013890,14,5693
1584980,14,5693
735520,14,5693
1306570,14,5693
813700,14,5693
1461910,14,5693
2414860,14,5693
462480,14,5693
2478800,14,5693
2086140,14,5693
251670,14,5693
600220,14,5693
2886860,14,5693
2322660,14,5693
223810,14,5693
2403320,14,5693
1332450,14,5693
643580,14,5693
2923390,14,5693
288370,14,5693
589780,14,5693
2925410,14,5693
3281300,14,5693
1688750,14,5693
3137520,14,5693
2350310,14,5693
646240,14,5693
2615130,14,5693
1005750,14,5693
633380,14,5693
292410,14,5693
577710,14,5693
2810780,14,5693
521700,14,5693
444480,14,5693
2687990,14,5693
705150,14,5693
305510,14,5693
1349830,14,5693
1986760,14,5693
314030,14,5693
23450,14,5693
3070520,14,5693
1394270,14,5693
885440,14,5693
675910,14,5693
311440,14,5693
854540,14,5693
1418200,14,5693
2009390,14,5693
3207930,14,5693
3551120,14,5693
1162670,14,5693
2201210,14,5693
855910,14,5693
2622740,14,5693
1034240,14,5693
595690,14,5693
2551290,14,5693
1614440,14,5693
1258780,14,5693
417080,14,5693
454200,14,5693
3446150,14,5693
497670,14,5693
931180,14,5693
3187730,14,5693
65780,14,5693
2088280,14,5693
996560,14,5693
752860,14,5693
560220,14,5693
1203930,14,5693
671210,14,5693
1381440,14,5693
622610,14,5693
1813820,14,5693
586300,14,5693
307430,14,5693
875740,14,5693
1757680,14,5693
843810,14,5693
986990,14,5693
1535470,14,5693
318950,14,5693
219520,14,5693
296270,14,5693
2897240,14,5693
2789770,14,5693
646280,14,5693
3132990,14,5693
1034260,14,5693
1991860,14,5693
1907720,14,5693
1684170,14,5693
1768640,14,5693
377680,14,5693
1031660,14,5693
2135030,14,5693
743870,14,5693
2593870,14,5693
1831480,14,5693
578840,14,5693
966320,14,5693
655370,14,5693
525700,14,5693
398640,14,5693
1742360,14,5693
2123640,14,5693
1351210,14,5693
1799850,14,5693
1058650,14,5693
275830,14,5693
33270,14,5693
392950,14,5693
1686870,14,5693
2194610,14,5693
1281800,14,5693
674010,14,5693
1693280,14,5693
3473030,14,5693
1420290,14,5693
1572270,14,5693
423230,14,5693
652810,14,5693
1983700,14,5693
985680,14,5693
2072140,14,5693
1089790,14,5693
611160,14,5693
269550,14,5693
2939640,14,5693
2059790,14,5693
3584830,14,5693
755410,14,5693
1717770,14,5693
644390,14,5693
2265120,14,5693
1978100,14,5693
1988190,14,5693
12640,14,5693
738350,14,5693
749700,14,5693
809770,14,5693
2088670,14,5693
2432200,14,5693
2018740,14,5693
1695790,14,5693
512410,14,5693
2551500,14,5693
1577620,14,5693
3014150,14,5693
557240,14,5693
339200,14,5693
2279600,14,5693
765870,14,5693
3106520,14,5693
350700,14,5693
222520,14,5693
1022310,14,5693
693700,14,5693
869840,14,5693
1761220,14,5693
848050,14,5693
454250,14,5693
3145320,14,5693
2923450,14,5693
1551670,14,5693
1110390,14,5693
1256830,14,5693
1773180,14,5693
313730,14,5693
951820,14,5693
24880,14,5693
347010,14,5693
65720,14,5693
744570,14,5693
3614120,14,5693
542590,14,5693
751250,14,5693
2625510,14,5693
3218880,14,5693
528550,14,5693
1588910,14,5693
3107900,14,5693
2744940,14,5693
294540,14,5693
1036660,14,5693
1141760,14,5693
2473710,14,5693
950860,14,5693
751630,14,5693
570060,14,5693
281240,14,5693
57400,14,5693
943700,14,5693
1576240,14,5693
2465840,14,5693
3205000,14,5693
291170,14,5693
2833080,14,5693
2067780,14,5693
3368750,14,5693
1534200,14,5693
1579100,14,5693
3960,14,5693
3618770,14,5693
1437120,14,5693
919260,14,5693
1932570,14,5693
742010,14,5693
572220,14,5693
22480,14,5693
382670,14,5693
1587070,14,5693
2020860,14,5693
324690,14,5693
1046470,14,5693
236090,14,5693
292300,14,5693
2339300,14,5693
332490,14,5693
466210,14,5693
1055970,14,5693
344500,14,5693
942050,14,5693
2121360,14,5693
474010,14,5693
840710,14,5693
1049340,14,5693
2616420,14,5693
951570,14,5693
891100,14,5693
2613350,14,5693
2405850,14,5693
768590,14,5693
1248590,14,5693
2001540,14,5693
1733170,14,5693
1124080,14,5693
411370,14,5693
2538000,14,5693
954510,14,5693
1352850,14,5693
802040,14,5693
975270,14,5693
428690,14,5693
362810,14,5693
2162820,14,5693
2497430,14,5693
856670,14,5693
3093120,14,5693
1278390,14,5693
468050,14,5693
298630,14,5693
2581200,14,5693
33780,14,5693
512460,14,5693
3021230,14,5693
248330,14,5693
381690,14,5693
271120,14,5693
1459870,14,5693
3076520,14,5693
435300,14,5693
886360,14,5693
38010,14,5693
473140,14,5693
1892910,14,5693
861350,14,5693
3111510,14,5693
919420,14,5693
2880750,14,5693
799120,14,5693
2359470,14,5693
321620,14,5693
2058570,14,5693
1630590,14,5693
1820170,14,5693
541930,14,5693
2177620,14,5693
1607280,14,5693
2109060,14,5693
637330,14,5693
915330,14,5693
3047030,14,5693
263880,14,5693
254650,14,5693
210770,14,5693
1812060,14,5693
758990,14,5693
2177750,14,5693
1329420,14,5693
1866980,14,5693
1043380,14,5693
1026070,14,5693
402370,14,5693
2443370,14,5693
250560,14,5693
711150,14,5693
587650,14,5693
660880,14,5693
2134860,14,5693
2714970,14,5693
2865530,14,5693
17570,14,5693
3383700,14,5693
2280350,14,5693
2083800,14,5693
1022230,14,5693
866510,14,5693
3062410,14,5693
3005640,14,5693
1129730,14,5693
700820,14,5693
3191720,14,5693
682270,14,5693
1626530,14,5693
266980,14,5693
764030,14,5693
1938630,14,5693
1082060,14,5693
1365760,14,5693
549780,14,5693
329650,14,5693
1892640,14,5693
233960,14,5693
2180210,14,5693
864430,14,5693
300570,14,5693
340260,14,5693
366000,14,5693
264160,14,5693
2628100,14,5693
2360,14,5693
1408110,14,5693
684840,14,5693
695030,14,5693
1146600,14,5693
1266640,14,5693
1112830,14,5693
2351090,14,5693
2242100,14,5693
1546870,14,5693
1198260,14,5693
1594130,14,5693
1931690,14,5693
290300,14,5693
882140,14,5693
1754860,14,5693
740950,14,5693
638650,14,5693
253880,14,5693
811160,14,5693
3235270,14,5693
507520,14,5693
508900,14,5693
3064670,14,5693
1422610,14,5693
335560,14,5693
2178930,14,5693
2481020,14,5693
1426540,14,5693
2075100,14,5693
2538980,14,5693
1728690,14,5693
765640,14,5693
2322090,14,5693
856990,14,5693
683780,14,5693
321640,14,5693
500440,14,5693
1857020,14,5693
620620,14,5693
228960,14,5693
2994260,14,5693
331750,14,5693
26010,14,5693
396890,14,5693
1660520,14,5693
441050,14,5693
1313310,14,5693
3304670,14,5693
449540,14,5693
1960480,14,5693
6880,14,5693
404330,14,5693
380840,14,5693
605790,14,5693
1732180,14,5693
365300,14,5693
384110,14,5693
2619510,14,5693
2161020,14,5693
2809790,14,5693
2098810,14,5693
1670340,14,5693
345580,14,5693
826000,14,5693
2000090,14,5693
1064130,14,5693
963930,14,5693
989770,14,5693
2249600,14,5693
550360,14,5693
2367970,14,5693
2785570,14,5693
2841010,14,5693
494230,14,5693
206060,14,5693
112100,14,5693
1070910,14,5693
615180,14,5693
1266100,14,5693
3181420,14,5693
1511090,14,5693
3058030,14,5693
250260,14,5693
504770,14,5693
1026110,14,5693
2010530,14,5693
43120,14,5693
1408720,14,5693
692590,14,5693
2333930,14,5693
452180,14,5693
1412310,14,5693
1558210,14,5693
247240,14,5693
489580,14,5693
3013700,14,5693
2820670,14,5693
1302930,14,5693
1469160,14,5693
2903660,14,5693
1687000,14,5693
2527390,14,5693
105420,14,5693
991600,14,5693
887170,14,5693
2438680,14,5693
296770,14,5693
2399730,14,5693
733990,14,5693
1892420,14,5693
49000,14,5693
206980,14,5693
341950,14,5693
1418530,14,5693
3233390,14,5693
293010,14,5693
814740,14,5693
978690,14,5693
1116550,14,5693
946870,14,5693
2307310,14,5693
1179080,14,5693
345150,14,5693
2940120,14,5693
630830,14,5693
296570,14,5693
2743040,14,5693
2124780,14,5693
2423070,14,5693
2082410,14,5693
1758220,14,5693
564480,14,5693
210170,14,5693
861240,14,5693
1089820,14,5693
540610,14,5693
558280,14,5693
501130,14,5693
940790,14,5693
409970,14,5693
581130,14,5693
1112930,14,5693
1581950,14,5693
717300,14,5693
3347520,14,5693
2456300,14,5693
2782610,14,5693
2336720,14,5693
681830,14,5693
1563490,14,5693
528390,14,5693
863500,14,5693
939000,14,5693
3604550,14,5693
1340560,14,5693
2781320,14,5693
2725930,14,5693
872750,14,5693
288570,14,5693
317470,14,5693
1844380,14,5693
379960,14,5693
3095550,14,5693
511560,14,5693
2200580,14,5693
3300,14,5693
2620220,14,5693
2186570,14,5693
933540,14,5693
651650,14,5693
426010,14,5693
2499800,14,5693
581520,14,5693
2076220,14,5693
431570,14,5693
1029860,14,5693
654230,14,5693
46510,14,5693
568770,14,5693
532190,14,5693
866740,14,5693
2173760,14,5693
1580790,14,5693
932870,14,5693
38830,14,5693
746880,14,5693
624070,14,5693
542480,14,5693
699040,14,5693
973220,14,5693
386080,14,5693
1457640,14,5693
843870,14,5693
3177070,14,5693
580040,14,5693
2021710,14,5693
707720,14,5693
678400,14,5693
294530,14,5693
2281820,14,5693
724130,14,5693
1277940,14,5693
378800,14,5693
525680,14,5693
303870,14,5693
2424660,14,5693
1678150,14,5693
2318830,14,5693
923970,14,5693
3422550,14,5693
1656640,14,5693
2099680,14,5693
2749000,14,5693
8170,14,5693
1859370,14,5693
1184760,14,5693
1158820,14,5693
283020,14,5693
1244390,14,5693
2429890,14,5693
722920,14,5693
599460,14,5693
401600,14,5693
1806110,14,5693
921960,14,5693
2653240,14,5693
1983690,14,5693
15330,14,5693
956200,14,5693
2511770,14,5693
2573100,14,5693
2757330,14,5693
373870,14,5693
609940,14,5693
1347490,14,5693
280520,14,5693
2123030,14,5693
1557420,14,5693
2193070,14,5693
295790,14,5693
1027140,14,5693
791950,14,5693
3301740,14,5693
716260,14,5693
787620,14,5693
2637990,14,5693
467370,14,5693
1176110,14,5693
1860750,14,5693
387850,14,5693
316600,14,5693
615120,14,5693
244630,14,5693
2287710,14,5693
824350,14,5693
1815330,14,5693
883390,14,5693
113420,14,5693
1145890,14,5693
524650,14,5693
960820,14,5693
688020,14,5693
591580,14,5693
3391450,14,5693
1160220,14,5693
1568540,14,5693
1613130,14,5693
3205070,14,5693
589080,14,5693
81030,14,5693
501620,14,5693
1574240,14,5693
3365740,14,5693
404310,14,5693
432310,14,5693
369290,14,5693
336240,14,5693
266810,14,5693
681810,14,5693
328070,14,5693
2392400,14,5693
1417720,14,5693
3220680,14,5693
251130,14,5693
1529710,14,5693
2348360,14,5693
359600,14,5693
945100,14,5693
3074440,14,5693
735830,14,5693
839870,14,5693
2240530,14,5693
1618310,14,5693
401420,14,5693
2059670,14,5693
891900,14,5693
231060,14,5693
291210,14,5693
317400,14,5693
3261010,14,5693
2343900,14,5693
1914580,14,5693
2051420,14,5693
338040,14,5693
2595230,14,5693
2751050,14,5693
506770,14,5693
1597460,14,5693
588750,14,5693
2779630,14,5693
1858750,14,5693
1943870,14,5693
284930,14,5693
679560,14,5693
1764700,14,5693
257030,14,5693
2669150,14,5693
436860,14,5693
1320450,14,5693
2633700,14,5693
255260,14,5693
3139620,14,5693
2304990,14,5693
1271190,14,5693
208620,14,5693
1046820,14,5693
614560,14,5693
3408110,14,5693
1291240,14,5693
1078980,14,5693
2351770,14,5693
2729360,14,5693
596500,14,5693
211400,14,5693
1486740,14,5693
266130,14,5693
1142220,14,5693
530050,14,5693
1767600,14,5693
400940,14,5693
880620,14,5693
1174380,14,5693
2333720,14,5693
1445310,14,5693
245300,14,5693
727850,14,5693
2126290,14,5693
756040,14,5693
467820,14,5693
3380050,14,5693
947890,14,5693
1201280,14,5693
1460200,14,5693
3310660,14,5693
2583430,14,5693
1414850,14,5693
373560,14,5693
1372770,14,5693
2794830,14,5693
1477490,14,5693
2827780,14,5693
1112790,14,5693
2691470,14,5693
844660,14,5693
967130,14,5693
954350,14,5693
1342040,14,5693
1732000,14,5693
787980,14,5693
3261920,14,5693
1972710,14,5693
2710500,14,5693
852590,14,5693
2776860,14,5693
2195790,14,5693
1646120,14,5693
1211600,14,5693
1858400,14,5693
405830,14,5693
796580,14,5693
2116850,14,5693
3090870,14,5693
1334700,14,5693
2399910,14,5693
1431610,14,5693
340700,14,5693
1097370,14,5693
1408230,14,5693
3358270,14,5693
567670,14,5693
1206050,14,5693
916380,14,5693
1071140,14,5693
1641700,14,5693
262590,14,5693
549390,14,5693
599110,14,5693
2378910,14,5693
843660,14,5693
790740,14,5693
1763200,14,5693
1904790,14,5693
701930,14,5693
413350,14,5693
1377920,14,5693
463130,14,5693
382260,14,5693
3253830,14,5693
1714320,14,5693
651090,14,5693
808800,14,5693
439250,14,5693
354200,14,5693
895200,14,5693
2738380,14,5693
467960,14,5693
1518820,14,5693
2419800,14,5693
1745180,14,5693
3134780,14,5693
2270600,14,5693
281350,14,5693
850980,14,5693
941460,14,5693
740780,14,5693
3580,14,5693
1967470,14,5693
1338420,14,5693
631660,14,5693
643970,14,5693
2954120,14,5693
1482700,14,5693
844960,14,5693
2318430,14,5693
1128970,14,5693
2251340,14,5693
1012610,14,5693
2331610,14,5693
1036200,14,5693
769910,14,5693
1457630,14,5693
536950,14,5693
568130,14,5693
752800,14,5693
1196600,14,5693
2330750,14,5693
418340,14,5693
754050,14,5693
313340,14,5693
1259180,14,5693
397720,14,5693
410890,14,5693
3138780,14,5693
450390,14,5693
224500,14,5693
1100830,14,5693
746580,14,5693
2581470,14,5693
1593930,14,5693
670820,14,5693
3043710,14,5693
1142390,14,5693
339790,14,5693
3499520,14,5693
1553000,14,5693
1310440,14,5693
1619790,14,5693
961220,14,5693
1786950,14,5693
3399400,14,5693
3479130,14,5693
1013910,14,5693
3201360,14,5693
58410,14,5693
378370,14,5693
850040,14,5693
3253630,14,5693
1238280,14,5693
1105460,14,5693
2996280,14,5693
1581700,14,5693
24660,14,5693
2877720,14,5693
987400,14,5693
3152540,14,5693
301920,14,5693
1345870,14,5693
540780,14,5693
317710,14,5693
1606280,14,5693
389270,14,5693
935580,14,5693
1442840,14,5693
556540,14,5693
720260,14,5693
2628460,14,5693
1026460,14,5693
1325050,14,5693
3083090,14,5693
1856680,14,5693
36130,14,5693
1532250,14,5693
1170080,14,5693
2880460,14,5693
38000,14,5693
998150,14,5693
2817140,14,5693
3132850,14,5693
466060,14,5693
2447060,14,5693
668440,14,5693
1108540,14,5693
447820,14,5693
1592520,14,5693
1756330,14,5693
1357870,14,5693
587580,14,5693
2014370,14,5693
1674820,14,5693
1740670,14,5693
662930,14,5693
1964980,14,5693
985070,14,5693
3592000,14,5693
3570,14,5693
3361470,14,5693
609490,14,5693
1042560,14,5693
100410,14,5693
547280,14,5693
603100,14,5693
2510770,14,5693
828590,14,5693
15700,14,5693
2083210,14,5693
65790,14,5693
496750,14,5693
1636110,14,5693
1233170,14,5693
215820,14,5693
2158730,14,5693
521740,14,5693
672010,14,5693
631570,14,5693
282590,14,5693
1622800,14,5693
1672880,14,5693
332260,14,5693
526760,14,5693
1544360,14,5693
497860,14,5693
3168890,14,5693
574190,14,5693
1303670,14,5693
1590360,14,5693
2564460,14,5693
399750,14,5693
1117390,14,5693
38600,14,5693
266110,14,5693
1373430,14,5693
2612700,14,5693
2479000,14,5693
246980,14,5693
1452250,14,5693
964040,14,5693
3090100,14,5693
1532200,14,5693
2678340,14,5693
859740,14,5693
1200350,14,5693
773310,14,5693
433830,14,5693
662230,14,5693
682570,14,5693
261940,14,5693
1351550,14,5693
1706360,14,5693
302830,14,5693
526600,14,5693
1600170,14,5693
38730,14,5693
1273260,14,5693
2009780,14,5693
1305310,14,5693
2196640,14,5693
995310,14,5693
2348820,14,5693
1952370,14,5693
956680,14,5693
2119650,14,5693
686260,14,5693
33680,14,5693
1087720,14,5693
2814220,14,5693
1129010,14,5693
779640,14,5693
440540,14,5693
599680,14,5693
411030,14,5693
305390,14,5693
1093800,14,5693
3380,14,5693
1967220,14,5693
1765540,14,5693
320970,14,5693
348680,14,5693
3074110,14,5693
2161880,14,5693
1395230,14,5693
760050,14,5693
630,14,5693
589270,14,5693
428600,14,5693
2833530,14,5693
723120,14,5693
2383020,14,5693
2613060,14,5693
2743970,14,5693
748730,14,5693
965310,14,5693
373880,14,5693
601180,14,5693
1562860,14,5693
1647420,14,5693
689850,14,5693
886900,14,5693
259280,14,5693
1146720,14,5693
2531520,14,5693
3668270,14,5693
2337140,14,5693
646290,14,5693
421710,14,5693
1689080,14,5693
2599300,14,5693
2093910,14,5693
3402270,14,5693
3301040,14,5693
2847110,14,5693
265990,14,5693
1701800,14,5693
3453690,14,5693
273580,14,5693
215280,14,5693
2054810,14,5693
614860,14,5693
2450130,14,5693
397740,14,5693
964080,14,5693
311860,14,5693
2391740,14,5693
5360,14,5693
1012030,14,5693
1594060,14,5693
2895600,14,5693
2602730,14,5693
3218530,14,5693
1768550,14,5693
279420,14,5693
2472840,14,5693
1973970,14,5693
2278740,14,5693
566690,14,5693
562260,14,5693
1458680,14,5693
1272110,14,5693
1783190,14,5693
1257810,14,5693
837190,14,5693
2085150,14,5693
623180,14,5693
2194410,14,5693
783590,14,5693
610360,14,5693
1717570,14,5693
1044750,14,5693
3489670,14,5693
2516920,14,5693
2507980,14,5693
1832640,14,5693
2470980,14,5693
6010,14,5693
3324740,14,5693
1265230,14,5693
1158470,14,5693
1662840,14,5693
1689000,14,5693
338720,14,5693
369030,14,5693
1412660,14,5693
367210,14,5693
2459490,14,5693
2675800,14,5693
491110,14,5693
2865440,14,5693
795990,14,5693
3453980,14,5693
623310,14,5693
793150,14,5693
320440,14,5693
1290350,14,5693
2313160,14,5693
37510,14,5693
220780,14,5693
2647060,14,5693
613920,14,5693
390490,14,5693
858050,14,5693
516470,14,5693
561060,14,5693
2756380,14,5693
1114650,14,5693
1523600,14,5693
617660,14,5693
3156240,14,5693
849750,14,5693
991560,14,5693
395210,14,5693
1551180,14,5693
1651350,14,5693
2951580,14,5693
864480,14,5693
2770,14,5693
33310,14,5693
893050,14,5693
32330,14,5693
944250,14,5693
3206520,14,5693
448470,14,5693
1843090,14,5693
931280,14,5693
294710,14,5693
518610,14,5693
3129370,14,5693
1590320,14,5693
935070,14,5693
1803400,14,5693
1902710,14,5693
2864830,14,5693
1743710,14,5693
251730,14,5693
219600,14,5693
1933640,14,5693
2288210,14,5693
319080,14,5693
1252710,14,5693
2072420,14,5693
892380,14,5693
265890,14,5693
757310,14,5693
417290,14,5693
1687550,14,5693
675260,14,5693
788210,14,5693
2610,14,5693
2764750,14,5693
403410,14,5693
1133070,14,5693
1390880,14,5693
267440,14,5693
321940,14,5693
987980,14,5693
1058020,14,5693
3080240,14,5693
457380,14,5693
1161270,14,5693
2342690,14,5693
434890,14,5693
1257210,14,5693
1230410,14,5693
3091390,14,5693
359050,14,5693
2218400,14,5693
31270,14,5693
2185880,14,5693
757330,14,5693
2390,14,5693
2264090,14,5693
340990,14,5693
970150,14,5693
1320550,14,5693
756380,14,5693
542740,14,5693
70660,14,5693
3195680,14,5693
2686250,14,5693
451650,14,5693
1953970,14,5693
1325800,14,5693
3337800,14,5693
762940,14,5693
435030,14,5693
420090,14,5693
2386460,14,5693
883400,14,5693
2536490,14,5693
1048660,14,5693
614530,14,5693
990640,14,5693
1188330,14,5693
2094270,14,5693
2340500,14,5693
428340,14,5693
292780,14,5693
2448930,14,5693
207970,14,5693
356000,14,5693
890400,14,5693
3476660,14,5693
962970,14,5693
3240260,14,5693
3718120,14,5693
2353850,14,5693
743130,14,5693
2995280,14,5693
2332240,14,5693
918900,14,5693
2579280,14,5693
2516360,14,5693
2422110,14,5693
515230,14,5693
2207440,14,5693
1069790,14,5693
1527910,14,5693
1411020,14,5693
3556770,14,5693
893690,14,5693
529700,14,5693
2236300,14,5693
1491340,14,5693
619810,14,5693
15750,14,5693
31170,14,5693
229290,14,5693
994140,14,5693
205610,14,5693
2890250,14,5693
3970,14,5693
748610,14,5693
949050,14,5693
3510,14,5693
2605180,14,5693
409280,14,5693
3693350,14,5693
2506480,14,5693
2276420,14,5693
403540,14,5693
275170,14,5693
2762230,14,5693
1011940,14,5693
499110,14,5693
2402280,14,5693
2095080,14,5693
1766430,14,5693
955170,14,5693
1818570,14,5693
2845200,14,5693
2306880,14,5693
1314230,14,5693
1569520,14,5693
369970,14,5693
3027290,14,5693
1884960,14,5693
649990,14,5693
497640,14,5693
2878000,14,5693
709470,14,5693
2638180,14,5693
1261760,14,5693
1283930,14,5693
51000,14,5693
1159560,14,5693
1032600,14,5693
581300,14,5693
2174600,14,5693
2857880,14,5693
925000,14,5693
546180,14,5693
3336960,14,5693
1590230,14,5693
1307560,14,5693
333950,14,5693
1867530,14,5693
1897120,14,5693
1170230,14,5693
34900,14,5693
245390,14,5693
3100110,14,5693
386460,14,5693
790060,14,5693
1112140,14,5693
3633150,14,5693
342550,14,5693
3065090,14,5693
2461430,14,5693
1340130,14,5693
2741110,14,5693
261820,14,5693
392020,14,5693
2841640,14,5693
1916340,14,5693
540650,14,5693
1221540,14,5693
486360,14,5693
1516490,14,5693
3101770,14,5693
2889770,14,5693
512750,14,5693
315840,14,5693
530370,14,5693
339010,14,5693
397810,14,5693
2837600,14,5693
837400,14,5693
1775530,14,5693
1853830,14,5693
1248360,14,5693
2019400,14,5693
2836860,14,5693
262000,14,5693
2804360,14,5693
444490,14,5693
2726120,14,5693
384740,14,5693
1425760,14,5693
628900,14,5693
2251120,14,5693
1074570,14,5693
456030,14,5693
3031150,14,5693
557800,14,5693
1287920,14,5693
1776490,14,5693
271360,14,5693
2124470,14,5693
1381770,14,5693
1683380,14,5693
887060,14,5693
868660,14,5693
1047020,14,5693
2735620,14,5693
564380,14,5693
618850,14,5693
1405470,14,5693
218060,14,5693
698320,14,5693
253030,14,5693
2430730,14,5693
3016840,14,5693
853770,14,5693
2523310,14,5693
388450,14,5693
1669010,14,5693
1118880,14,5693
617950,14,5693
3033810,14,5693
3098490,14,5693
2150300,14,5693
208570,14,5693
324610,14,5693
505170,14,5693
524380,14,5693
2057550,14,5693
1713610,14,5693
1654810,14,5693
628040,14,5693
432980,14,5693
1133640,14,5693
878110,14,5693
2880010,14,5693
995930,14,5693
3665840,14,5693
828890,14,5693
622830,14,5693
999660,14,5693
1049800,14,5693
2198800,14,5693
1979570,14,5693
298620,14,5693
1017350,14,5693
1687530,14,5693
874400,14,5693
940780,14,5693
395250,14,5693
503630,14,5693
1013870,14,5693
204080,14,5693
789200,14,5693
2529130,14,5693
433790,14,5693
1766740,14,5693
1147330,14,5693
810690,14,5693
877590,14,5693
269330,14,5693
1325900,14,5693
3130500,14,5693
58550,14,5693
681750,14,5693
2102520,14,5693
2507840,14,5693
1909420,14,5693
652700,14,5693
2088520,14,5693
2577760,14,5693
1079510,14,5693
2310700,14,5693
2005160,14,5693
468800,14,5693
2529170,14,5693
411630,14,5693
3163110,14,5693
2494780,14,5693
881690,14,5693
1367490,14,5693
663690,14,5693
375960,14,5693
1906830,14,5693
3246900,14,5693
511000,14,5693
870940,14,5693
405710,14,5693
591790,14,5693
344380,14,5693
1299510,14,5693
983640,14,5693
2262930,14,5693
2508400,14,5693
2772650,14,5693
1832750,14,5693
2771670,14,5693
368390,14,5693
926390,14,5693
3030360,14,5693
2311190,14,5693
407840,14,5693
1027940,14,5693
1812290,14,5693
2788310,14,5693
872110,14,5693
848230,14,5693
922530,14,5693
1647490,14,5693
853550,14,5693
992050,14,5693
2857200,14,5693
3023070,14,5693
335690,14,5693
1937570,14,5693
2380090,14,5693
526200,14,5693
827860,14,5693
555440,14,5693
2976870,14,5693
3370,14,5693
1939970,14,5693
1945230,14,5693
815550,14,5693
1053160,14,5693
3384190,14,5693
401800,14,5693
351090,14,5693
2370730,14,5693
2148830,14,5693
2875140,14,5693
794860,14,5693
2281360,14,5693
521350,14,5693
1570980,14,5693
352210,14,5693
2877480,14,5693
782610,14,5693
2529610,14,5693
1606070,14,5693
476920,14,5693
2693060,14,5693
2319640,14,5693
2506580,14,5693
1469910,14,5693
251650,14,5693
840810,14,5693
245410,14,5693
1278210,14,5693
1058700,14,5693
2442390,14,5693
201310,14,5693
1414000,14,5693
1546700,14,5693
81820,14,5693
3062030,14,5693
1085510,14,5693
1032560,14,5693
941570,14,5693
293780,14,5693
2746030,14,5693
847890,14,5693
2951770,14,5693
1982340,14,5693
1010800,14,5693
1348300,14,5693
800700,14,5693
614770,14,5693
835520,14,5693
613390,14,5693
2846060,14,5693
939600,14,5693
233610,14,5693
946350,14,5693
33650,14,5693
788190,14,5693
1274300,14,5693
1016770,14,5693
2830720,14,5693
1173350,14,5693
1343240,14,5693
438820,14,5693
544710,14,5693
545010,14,5693
2417990,14,5693
3290040,14,5693
972280,14,5693
1779200,14,5693
507320,14,5693
1064610,14,5693
2000770,14,5693
424250,14,5693
592300,14,5693
1039960,14,5693
992520,14,5693
2424740,14,5693
1810960,14,5693
2123140,14,5693
2301510,14,5693
552000,14,5693
1876970,14,5693
1235360,14,5693
1116960,14,5693
3214880,14,5693
3173570,14,5693
580930,14,5693
1056570,14,5693
412680,14,5693
1404660,14,5693
2353700,14,5693
2232840,14,5693
2299900,14,5693
1764210,14,5693
3560,14,5693
319850,14,5693
2936120,14,5693
861760,14,5693
673740,14,5693
2668000,14,5693
24670,14,5693
22120,14,5693
1046770,14,5693
1612770,14,5693
1469280,14,5693
3630,14,5693
1569200,14,5693
3153360,14,5693
1029500,14,5693
269010,14,5693
3653260,14,5693
867480,14,5693
24420,14,5693
787450,14,5693
24030,14,5693
625770,14,5693
1008010,14,5693
696440,14,5693
3214430,14,5693
1595290,14,5693
3609770,14,5693
732090,14,5693
613880,14,5693
2347940,14,5693
977900,14,5693
440450,14,5693
1700300,14,5693
946390,14,5693
387930,14,5693
2328650,14,5693
453390,14,5693
338060,14,5693
672150,14,5693
3041810,14,5693
867380,14,5693
847240,14,5693
1133690,14,5693
2326020,14,5693
243020,14,5693
2659900,14,5693
1157640,14,5693
3070380,14,5693
255520,14,5693
2430690,14,5693
811880,14,5693
1275670,14,5693
589320,14,5693
1250960,14,5693
1042600,14,5693
454510,14,5693
21910,14,5693
1130410,14,5693
1693250,14,5693
574090,14,5693
271240,14,5693
2793380,14,5693
1589570,14,5693
1948100,14,5693
957790,14,5693
364650,14,5693
3388870,14,5693
2626530,14,5693
3062930,14,5693
909870,14,5693
2560460,14,5693
429610,14,5693
2077750,14,5693
293180,14,5693
1273920,14,5693
733020,14,5693
2959610,14,5693
482300,14,5693
3308550,14,5693
1579880,14,5693
466840,14,5693
597730,14,5693
3694360,14,5693
294670,14,5693
1770050,14,5693
230780,14,5693
1823380,14,5693
1069230,14,5693
1491170,14,5693
210090,14,5693
209850,14,5693
2608050,14,5693
1860570,14,5693
1618540,14,5693
230070,14,5693
3312030,14,5693
1335560,14,5693
1516400,14,5693
670260,14,5693
2515070,14,5693
664820,14,5693
646150,14,5693
629770,14,5693
2278630,14,5693
879470,14,5693
1388870,14,5693
3084180,14,5693
2353730,14,5693
1511780,14,5693
1352200,14,5693
965590,14,5693
2651570,14,5693
853150,14,5693
1268360,14,5693
2456080,14,5693
1220160,14,5693
1300620,14,5693
249610,14,5693
2715370,14,5693
15970,14,5693
1919600,14,5693
871100,14,5693
2925970,14,5693
1324530,14,5693
205730,14,5693
2738000,14,5693
502740,14,5693
1731200,14,5693
1575450,14,5693
1025440,14,5693
330450,14,5693
348730,14,5693
630250,14,5693
1486630,14,5693
3042150,14,5693
798560,14,5693
909470,14,5693
464190,14,5693
1976980,14,5693
420740,14,5693
2931920,14,5693
2300920,14,5693
404350,14,5693
233350,14,5693
2187210,14,5693
1492420,14,5693
2264880,14,5693
2350,14,5693
969170,14,5693
3145080,14,5693
221120,14,5693
1057980,14,5693
1054560,14,5693
3260620,14,5693
1665190,14,5693
1359980,14,5693
2860770,14,5693
990260,14,5693
2412490,14,5693
1483570,14,5693
1468090,14,5693
680310,14,5693
1430220,14,5693
1413020,14,5693
60340,14,5693
293160,14,5693
63700,14,5693
2687160,14,5693
904360,14,5693
1427980,14,5693
340,14,5693
356880,14,5693
738610,14,5693
446850,14,5693
12840,14,5693
3468160,14,5693
2094320,14,5693
3012420,14,5693
1429950,14,5693
1634100,14,5693
280560,14,5693
683890,14,5693
294550,14,5693
716490,14,5693
205910,14,5693
2082270,14,5693
301260,14,5693
2523390,14,5693
1184570,14,5693
1208260,14,5693
316820,14,5693
2848110,14,5693
1679290,14,5693
1318740,14,5693
2571780,14,5693
1761620,14,5693
409600,14,5693
402560,14,5693
1457220,14,5693
1683950,14,5693
1286710,14,5693
3445580,14,5693
655160,14,5693
528250,14,5693
2274980,14,5693
823800,14,5693
94300,14,5693
705260,14,5693
3643400,14,5693
3166910,14,5693
1100150,14,5693
45750,14,5693
3122210,14,5693
2102480,14,5693
836420,14,5693
1178130,14,5693
2251010,14,5693
1244040,14,5693
823910,14,5693
1595030,14,5693
368060,14,5693
922400,14,5693
535120,14,5693
318740,14,5693
1570330,14,5693
628100,14,5693
280,14,5693
105400,14,5693
534300,14,5693
435110,14,5693
2417940,14,5693
3436440,14,5693
801870,14,5693
1357830,14,5693
1172650,14,5693
348370,14,5693
708760,14,5693
1905640,14,5693
752640,14,5693
385820,14,5693
764580,14,5693
361320,14,5693
2731230,14,5693
938060,14,5693
1173310,14,5693
597990,14,5693
586130,14,5693
938310,14,5693
3572870,14,5693
2118370,14,5693
712770,14,5693
3002930,14,5693
2996570,14,5693
1346770,14,5693
1923670,14,5693
555820,14,5693
661490,14,5693
1246940,14,5693
1938300,14,5693
679300,14,5693
397390,14,5693
374180,14,5693
615250,14,5693
540360,14,5693
3138960,14,5693
1279410,14,5693
1588940,14,5693
1582650,14,5693
574150,14,5693
1171840,14,5693
316010,14,5693
342190,14,5693
2183390,14,5693
1725440,14,5693
770050,14,5693
300820,14,5693
2066980,14,5693
1065460,14,5693
2454420,14,5693
1058130,14,5693
1224160,14,5693
1058640,14,5693
921590,14,5693
2793710,14,5693
220140,14,5693
699700,14,5693
864450,14,5693
1637370,14,5693
1301010,14,5693
983800,14,5693
252470,14,5693
2505020,14,5693
903910,14,5693
2450820,14,5693
805040,14,5693
380580,14,5693
1430650,14,5693
461950,14,5693
580640,14,5693
299360,14,5693
645280,14,5693
1701370,14,5693
214630,14,5693
550580,14,5693
1028840,14,5693
2240080,14,5693
3362370,14,5693
658620,14,5693
2543110,14,5693
639660,14,5693
1006880,14,5693
3046570,14,5693
1158720,14,5693
1955230,14,5693
2367230,14,5693
263760,14,5693
388370,14,5693
2126010,14,5693
2932580,14,5693
355170,14,5693
432580,14,5693
337850,14,5693
359790,14,5693
394720,14,5693
1383720,14,5693
1285670,14,5693
603130,14,5693
941800,14,5693
793350,14,5693
599750,14,5693
410390,14,5693
606710,14,5693
760830,14,5693
484920,14,5693
965880,14,5693
2449160,14,5693
2968430,14,5693
1262250,14,5693
2884080,14,5693
1541840,14,5693
1525050,14,5693
1482620,14,5693
660190,14,5693
1003480,14,5693
104600,14,5693
2377230,14,5693
1330460,14,5693
496030,14,5693
1937470,14,5693
428510,14,5693
739720,14,5693
1184320,14,5693
285050,14,5693
18700,14,5693
1150760,14,5693
2404820,14,5693
2644010,14,5693
2120250,14,5693
796940,14,5693
342360,14,5693
1194740,14,5693
1053560,14,5693
704510,14,5693
1873030,14,5693
32340,14,5693
349280,14,5693
595560,14,5693
1228860,14,5693
439930,14,5693
1985260,14,5693
2187920,14,5693
3258480,14,5693
1003890,14,5693
1997480,14,5693
3460,14,5693
1048740,14,5693
1868000,14,5693
2178010,14,5693
530360,14,5693
397760,14,5693
838330,14,5693
2957110,14,5693
1082470,14,5693
539470,14,5693
1484720,14,5693
443460,14,5693
1727420,14,5693
2270640,14,5693
432770,14,5693
214550,14,5693
1035760,14,5693
500710,14,5693
403560,14,5693
785780,14,5693
1760340,14,5693
971720,14,5693
3256650,14,5693
3193670,14,5693
985580,14,5693
979620,14,5693
1858900,14,5693
1529240,14,5693
398890,14,5693
283530,14,5693
327140,14,5693
2434340,14,5693
2317560,14,5693
1783780,14,5693
1941720,14,5693
360640,14,5693
648580,14,5693
282160,14,5693
967940,14,5693
2655580,14,5693
354680,14,5693
3703180,14,5693
1170320,14,5693
2331070,14,5693
379760,14,5693
37340,14,5693
1450830,14,5693
469730,14,5693
1443590,14,5693
2249690,14,5693
3288990,14,5693
373750,14,5693
3290670,14,5693
513060,14,5693
2106910,14,5693
3389330,14,5693
2673310,14,5693
797260,14,5693
461040,14,5693
1602980,14,5693
1083600,14,5693
400910,14,5693
2393890,14,5693
1259640,14,5693
769590,14,5693
1066180,14,5693
1545820,14,5693
2570630,14,5693
556660,14,5693
3443890,14,5693
11610,14,5693
1726310,14,5693
353890,14,5693
2898760,14,5693
933210,14,5693
2379900,14,5693
991170,14,5693
2242760,14,5693
1369760,14,5693
582550,14,5693
1907590,14,5693
2153050,14,5693
811320,14,5693
3587580,14,5693
535960,14,5693
483330,14,5693
2983140,14,5693
3106290,14,5693
462220,14,5693
466730,14,5693
286080,14,5693
19030,14,5693
1721350,14,5693
2199580,14,5693
853240,14,5693
605100,14,5693
299700,14,5693
1964480,14,5693
432470,14,5693
578360,14,5693
747330,14,5693
791400,14,5693
2055050,14,5693
102840,14,5693
857690,14,5693
1337970,14,5693
1045110,14,5693
1058980,14,5693
520590,14,5693
3085640,14,5693
2248180,14,5693
2380380,14,5693
385250,14,5693
3077020,14,5693
730580,14,5693
422130,14,5693
310970,14,5693
2023810,14,5693
713880,14,5693
1863430,14,5693
434750,14,5693
2318480,14,5693
645230,14,5693
277270,14,5693
1104840,14,5693
2686970,14,5693
388750,14,5693
250460,14,5693
3443610,14,5693
1849900,14,5693
2137760,14,5693
1163960,14,5693
2378710,14,5693
1622770,14,5693
1296540,14,5693
765180,14,5693
383690,14,5693
1600370,14,5693
1532190,14,5693
944630,14,5693
417280,14,5693
2814820,14,5693
33600,14,5693
1218770,14,5693
1345740,14,5693
2342030,14,5693
336150,14,5693
331160,14,5693
914170,14,5693
1418870,14,5693
352360,14,5693
1437860,14,5693
248820,14,5693
1198850,14,5693
1672200,14,5693
3414600,14,5693
375560,14,5693
1294220,14,5693
711600,14,5693
768540,14,5693
241500,14,5693
2817620,14,5693
2933990,14,5693
1930600,14,5693
514700,14,5693
1571100,14,5693
2263470,14,5693
598960,14,5693
674130,14,5693
1818010,14,5693
1485670,14,5693
1570760,14,5693
2631130,14,5693
3418780,14,5693
29130,14,5693
308600,14,5693
998740,14,5693
484870,14,5693
3243840,14,5693
895970,14,5693
1251530,14,5693
944220,14,5693
215830,14,5693
1569140,14,5693
1338980,14,5693
1377450,14,5693
2434160,14,5693
1024800,14,5693
373810,14,5693
2233790,14,5693
1994230,14,5693
2534830,14,5693
1629710,14,5693
548390,14,5693
2333390,14,5693
386690,14,5693
294680,14,5693
680980,14,5693
550200,14,5693
34640,14,5693
776000,14,5693
1461200,14,5693
37390,14,5693
1269370,14,5693
575490,14,5693
2212110,14,5693
2314650,14,5693
499620,14,5693
3104480,14,5693
2516570,14,5693
2089350,14,5693
724970,14,5693
1471910,14,5693
2618090,14,5693
1260960,14,5693
1865010,14,5693
3390,14,5693
525640,14,5693
2094070,14,5693
443050,14,5693
3513550,14,5693
3357250,14,5693
2564660,14,5693
3334710,14,5693
1268420,14,5693
3105680,14,5693
1064340,14,5693
1999740,14,5693
923350,14,5693
1243450,14,5693
1229060,14,5693
8330,14,5693
1968650,14,5693
668960,14,5693
761010,14,5693
219540,14,5693
2184150,14,5693
3328720,14,5693
1368630,14,5693
878620,14,5693
6870,14,5693
1949300,14,5693
37280,14,5693
506160,14,5693
2610080,14,5693
1718910,14,5693
491100,14,5693
878610,14,5693
1486620,14,5693
392670,14,5693
37290,14,5693
3207400,14,5693
612620,14,5693
34630,14,5693
331510,14,5693
600290,14,5693
2941660,14,5693
2095190,14,5693
799500,14,5693
575860,14,5693
331970,14,5693
365210,14,5693
1146230,14,5693
862130,14,5693
3512220,14,5693
115100,14,5693
1918970,14,5693
763010,14,5693
1864080,14,5693
1268040,14,5693
2564070,14,5693
336730,14,5693
2293410,14,5693
3343770,14,5693
535410,14,5693
282680,14,5693
220180,14,5693
1346970,14,5693
443070,14,5693
2522520,14,5693
379210,14,5693
1170940,14,5693
2216830,14,5693
733070,14,5693
1698960,14,5693
497020,14,5693
1271280,14,5693
353280,14,5693
38080,14,5693
556830,14,5693
788690,14,5693
432100,14,5693
2489560,14,5693
3221180,14,5693
716390,14,5693
369140,14,5693
1235100,14,5693
11900,14,5693
1014130,14,5693
2477950,14,5693
521680,14,5693
598840,14,5693
239070,14,5693
298240,14,5693
700940,14,5693
1757490,14,5693
803520,14,5693
770400,14,5693
1930100,14,5693
812560,14,5693
46250,14,5693
3110500,14,5693
265200,14,5693
1288170,14,5693
910450,14,5693
373610,14,5693
268990,14,5693
1904690,14,5693
3351080,14,5693
1173400,14,5693
1272340,14,5693
3298250,14,5693
326590,14,5693
1384020,14,5693
1882820,14,5693
1659050,14,5693
1946970,14,5693
267570,14,5693
294650,14,5693
436290,14,5693
871920,14,5693
2776500,14,5693
3290350,14,5693
878970,14,5693
205070,14,5693
2940200,14,5693
2598980,14,5693
455910,14,5693
1097870,14,5693
1981500,14,5693
433730,14,5693
3449590,14,5693
32400,14,5693
921610,14,5693
2113540,14,5693
760,14,5693
375750,14,5693
15740,14,5693
2833640,14,5693
2085970,14,5693
361580,14,5693
1614890,14,5693
1184420,14,5693
768970,14,5693
382460,14,5693
804350,14,5693
1393370,14,5693
399570,14,5693
35030,14,5693
1222210,14,5693
1716360,14,5693
900380,14,5693
2076740,14,5693
713460,14,5693
2238710,14,5693
2200190,14,5693
529640,14,5693
900060,14,5693
2302560,14,5693
3025940,14,5693
536560,14,5693
400410,14,5693
2902370,14,5693
1232100,14,5693
1075190,14,5693
1297300,14,5693
1813430,14,5693
2946280,14,5693
392070,14,5693
2410180,14,5693
1923690,14,5693
2266250,14,5693
259470,14,5693
2059310,14,5693
1409770,14,5693
3402140,14,5693
1448780,14,5693
1096570,14,5693
1788930,14,5693
384890,14,5693
255480,14,5693
911550,14,5693
585920,14,5693
2456070,14,5693
1765300,14,5693
2002220,14,5693
6370,14,5693
813290,14,5693
2678160,14,5693
384720,14,5693
2489850,14,5693
1428900,14,5693
235820,14,5693
293860,14,5693
39800,14,5693
1909270,14,5693
2914050,14,5693
360820,14,5693
2308230,14,5693
1218900,14,5693
1627680,14,5693
2964540,14,5693
1028850,14,5693
722600,14,5693
583510,14,5693
1437870,14,5693
1420300,14,5693
352070,14,5693
1962930,14,5693
335430,14,5693
792710,14,5693
355400,14,5693
674090,14,5693
932970,14,5693
1783110,14,5693
718730,14,5693
980,14,5693
2162680,14,5693
3046550,14,5693
356420,14,5693
2406370,14,5693
1071490,14,5693
1114220,14,5693
1159660,14,5693
850020,14,5693
1286730,14,5693
275350,14,5693
2192790,14,5693
988250,14,5693
885810,14,5693
2976910,14,5693
1156590,14,5693
1075200,14,5693
702890,14,5693
1528540,14,5693
1422430,14,5693
1414880,14,5693
1646580,14,5693
2176560,14,5693
2775110,14,5693
978680,14,5693
1390700,14,5693
1005950,14,5693
666640,14,5693
1604060,14,5693
799080,14,5693
348190,14,5693
1610870,14,5693
1231580,14,5693
2404390,14,5693
1071090,14,5693
2715810,14,5693
221430,14,5693
1697700,14,5693
343730,14,5693
454900,14,5693
533070,14,5693
557760,14,5693
3184480,14,5693
448710,14,5693
2177760,14,5693
1697880,14,5693
2458490,14,5693
814660,14,5693
50930,14,5693
1156990,14,5693
3509350,14,5693
676630,14,5693
2258890,14,5693
1851390,14,5693
1059980,14,5693
2537300,14,5693
1163170,14,5693
21100,14,5693
1338040,14,5693
1267310,14,5693
654340,14,5693
3376760,14,5693
2305900,14,5693
517230,14,5693
1559680,14,5693
3597930,14,5693
787830,14,5693
2823080,14,5693
2146170,14,5693
2898250,14,5693
387480,14,5693
587860,14,5693
1726130,14,5693
32120,14,5693
2566340,14,5693
449070,14,5693
1437850,14,5693
886750,14,5693
713420,14,5693
2227130,14,5693
458520,14,5693
1916890,14,5693
1722860,14,5693
395860,14,5693
1374970,14,5693
392000,14,5693
443030,14,5693
2355140,14,5693
1804500,14,5693
2119680,14,5693
521730,14,5693
2254600,14,5693
452860,14,5693
760510,14,5693
3610,14,5693
3013060,14,5693
2015000,14,5693
2936220,14,5693
2369210,14,5693
387890,14,5693
575680,14,5693
1424870,14,5693
354570,14,5693
3216320,14,5693
1882500,14,5693
485380,14,5693
1486190,14,5693
526150,14,5693
2868430,14,5693
400580,14,5693
2810070,14,5693
2983510,14,5693
1684930,14,5693
1319850,14,5693
317500,14,5693
1444350,14,5693
1800940,14,5693
894060,14,5693
940920,14,5693
3210,14,5693
488160,14,5693
851980,14,5693
345440,14,5693
2280540,14,5693
326340,14,5693
1386870,14,5693
975640,14,5693
1417340,14,5693
1358810,14,5693
1625720,14,5693
2646660,14,5693
235920,14,5693
2243110,14,5693
362930,14,5693
1615290,14,5693
1451150,14,5693
1002430,14,5693
1737340,14,5693
2632800,14,5693
2602030,14,5693
389170,14,5693
2377410,14,5693
1204920,14,5693
256070,14,5693
393930,14,5693
473470,14,5693
335420,14,5693
3109050,14,5693
685310,14,5693
1765720,14,5693
2867460,14,5693
837590,14,5693
1743260,14,5693
1730360,14,5693
1807160,14,5693
692190,14,5693
1234400,14,5693
1301060,14,5693
1098050,14,5693
1925010,14,5693
533860,14,5693
2953440,14,5693
1795170,14,5693
2539910,14,5693
2785280,14,5693
1405500,14,5693
569350,14,5693
1287000,14,5693
2924890,14,5693
2430380,14,5693
576030,14,5693
678450,14,5693
678550,14,5693
776920,14,5693
590840,14,5693
780710,14,5693
1333800,14,5693
537320,14,5693
224980,14,5693
1556860,14,5693
1020800,14,5693
483850,14,5693
961040,14,5693
1519070,14,5693
1975440,14,5693
322020,14,5693
4550,14,5693
2455140,14,5693
2594290,14,5693
364850,14,5693
358340,14,5693
749520,14,5693
1771700,14,5693
459380,14,5693
3179270,14,5693
1333360,14,5693
1706860,14,5693
3468640,14,5693
1868020,14,5693
556180,14,5693
73040,14,5693
1651490,14,5693
1416000,14,5693
1510620,14,5693
1389990,14,5693
3334550,14,5693
3500070,14,5693
550820,14,5693
405820,14,5693
3185760,14,5693
1658310,14,5693
881680,14,5693
1541020,14,5693
1122490,14,5693
340050,14,5693
2641350,14,5693
2637070,14,5693
2640560,14,5693
2502200,14,5693
584980,14,5693
1654890,14,5693
1937750,14,5693
401870,14,5693
302380,14,5693
285110,14,5693
344860,14,5693
299100,14,5693
742250,14,5693
1890740,14,5693
283000,14,5693
2523120,14,5693
663920,14,5693
2630020,14,5693
7520,14,5693
1599470,14,5693
2740280,14,5693
1200860,14,5693
2155600,14,5693
3211460,14,5693
869290,14,5693
1048270,14,5693
38020,14,5693
764500,14,5693
333340,14,5693
488310,14,5693
2874850,14,5693
1571170,14,5693
317820,14,5693
328440,14,5693
3479320,14,5693
602920,14,5693
2235150,14,5693
418000,14,5693
825170,14,5693
252230,14,5693
1993150,14,5693
1072500,14,5693
1085150,14,5693
1427340,14,5693
733790,14,5693
1889620,14,5693
2022330,14,5693
2291070,14,5693
1180130,14,5693
22700,14,5693
1661130,14,5693
628180,14,5693
3117780,14,5693
364790,14,5693
953330,14,5693
1288930,14,5693
1385780,14,5693
1101450,14,5693
1054580,14,5693
3061170,14,5693
1064580,14,5693
789490,14,5693
368760,14,5693
2933290,14,5693
1637400,14,5693
1731460,14,5693
715410,14,5693
95700,14,5693
1302800,14,5693
997170,14,5693
1975570,14,5693
3040560,14,5693
1238680,14,5693
360,14,5693
527330,14,5693
2499770,14,5693
2163060,14,5693
638990,14,5693
800200,14,5693
1025250,14,5693
1307970,14,5693
2153770,14,5693
18460,14,5693
314070,14,5693
1904160,14,5693
3019850,14,5693
1723260,14,5693
390030,14,5693
1383960,14,5693
849970,14,5693
936530,14,5693
2377250,14,5693
486310,14,5693
374640,14,5693
2160360,14,5693
332370,14,5693
579820,14,5693
12170,14,5693
951480,14,5693
1471200,14,5693
2003640,14,5693
1457650,14,5693
2180700,14,5693
628120,14,5693
1168630,14,5693
2263010,14,5693
1714870,14,5693
3048530,14,5693
3311740,14,5693
3543930,14,5693
3021630,14,5693
750470,14,5693
227780,14,5693
2651460,14,5693
3313310,14,5693
2384610,14,5693
1972470,14,5693
1727040,14,5693
538410,14,5693
1202150,14,5693
618620,14,5693
1694260,14,5693
686200,14,5693
1027280,14,5693
656040,14,5693
368990,14,5693
357210,14,5693
1634720,14,5693
1209140,14,5693
1058370,14,5693
1847510,14,5693
1724840,14,5693
441380,14,5693
1262910,14,5693
116100,14,5693
381170,14,5693
1272840,14,5693
1545430,14,5693
906250,14,5693
648590,14,5693
843630,14,5693
681590,14,5693
467090,14,5693
696540,14,5693
2768260,14,5693
572760,14,5693
234940,14,5693
307880,14,5693
3468980,14,5693
98300,14,5693
401220,14,5693
522470,14,5693
1245430,14,5693
3306200,14,5693
1965390,14,5693
349020,14,5693
1908320,14,5693
579980,14,5693
10620,14,5693
1335290,14,5693
250420,14,5693
2102670,14,5693
2107030,14,5693
3025290,14,5693
2673070,14,5693
1969130,14,5693
420520,14,5693
1090210,14,5693
806860,14,5693
890070,14,5693
102850,14,5693
2490910,14,5693
970510,14,5693
438650,14,5693
429810,14,5693
292720,14,5693
1903560,14,5693
2172510,14,5693
367270,14,5693
1188990,14,5693
403430,14,5693
346680,14,5693
356750,14,5693
3328480,14,5693
2779430,14,5693
2892310,14,5693
385070,14,5693
2460070,14,5693
614650,14,5693
723330,14,5693
733550,14,5693
1129220,14,5693
883130,14,5693
252850,14,5693
389470,14,5693
364830,14,5693
1000800,14,5693
1222300,14,5693
597840,14,5693
1143740,14,5693
937170,14,5693
1724850,14,5693
943760,14,5693
422230,14,5693
799070,14,5693
495140,14,5693
1131670,14,5693
300220,14,5693
673820,14,5693
354060,14,5693
2718900,14,5693
1474120,14,5693
1395020,14,5693
1647310,14,5693
500190,14,5693
1794470,14,5693
424950,14,5693
578850,14,5693
1618230,14,5693
1623880,14,5693
3069810,14,5693
752820,14,5693
1636660,14,5693
397430,14,5693
1035510,14,5693
3486560,14,5693
423840,14,5693
716140,14,5693
1058430,14,5693
2480630,14,5693
3537990,14,5693
1186040,14,5693
1095860,14,5693
564090,14,5693
1496180,14,5693
655360,14,5693
1362430,14,5693
1437400,14,5693
573260,14,5693
2649080,14,5693
310460,14,5693
1843730,14,5693
1353710,14,5693
3316540,14,5693
628090,14,5693
903730,14,5693
2386250,14,5693
858090,14,5693
691960,14,5693
316260,14,5693
933970,14,5693
620190,14,5693
761160,14,5693
406350,14,5693
326480,14,5693
2398590,14,5693
3272300,14,5693
711540,14,5693
9060,14,5693
2661210,14,5693
1175390,14,5693
897010,14,5693
1264380,14,5693
2752470,14,5693
573270,14,5693
952420,14,5693
432870,14,5693
1135910,14,5693
3058140,14,5693
346850,14,5693
1152340,14,5693
690630,14,5693
1087810,14,5693
1507220,14,5693
1131190,14,5693
20530,14,5693
1048090,14,5693
1520680,14,5693
2081630,14,5693
1078350,14,5693
976700,14,5693
50410,14,5693
3061500,14,5693
1661630,14,5693
734490,14,5693
3063130,14,5693
1424980,14,5693
1367320,14,5693
690410,14,5693
1624060,14,5693
317030,14,5693
1148590,14,5693
888790,14,5693
283960,14,5693
2390260,14,5693
355050,14,5693
2719150,14,5693
878320,14,5693
33900,14,5693
349970,14,5693
491660,14,5693
1588380,14,5693
2289080,14,5693
748830,14,5693
1918040,14,5693
554570,14,5693
2976720,14,5693
606530,14,5693
1390410,14,5693
1523400,14,5693
851110,14,5693
465780,14,5693
253860,14,5693
431940,14,5693
566160,14,5693
1157340,14,5693
2564350,14,5693
487700,14,5693
277680,14,5693
2897700,14,5693
130,14,5693
297470,14,5693
441770,14,5693
628020,14,5693
1722570,14,5693
3550820,14,5693
2185770,14,5693
376090,14,5693
2701750,14,5693
1702760,14,5693
3058520,14,5693
624770,14,5693
1619570,14,5693
499950,14,5693
387230,14,5693
2297070,14,5693
1864580,14,5693
1001880,14,5693
761680,14,5693
1724770,14,5693
463060,14,5693
426720,14,5693
505630,14,5693
3028150,14,5693
2960770,14,5693
1603980,14,5693
1080500,14,5693
1885200,14,5693
1081260,14,5693
1515950,14,5693
665740,14,5693
348200,14,5693
366730,14,5693
347520,14,5693
1015730,14,5693
499930,14,5693
1011810,14,5693
883070,14,5693
1949220,14,5693
3141480,14,5693
791040,14,5693
1720780,14,5693
1243670,14,5693
1831830,14,5693
3569430,14,5693
707590,14,5693
294690,14,5693
1284110,14,5693
667600,14,5693
882410,14,5693
1258710,14,5693
376200,14,5693
875080,14,5693
757240,14,5693
2869610,14,5693
329030,14,5693
2230170,14,5693
1032430,14,5693
2653920,14,5693
245430,14,5693
3318320,14,5693
2796340,14,5693
2179380,14,5693
2467790,14,5693
47900,14,5693
3101720,14,5693
681840,14,5693
700580,14,5693
1210010,14,5693
858940,14,5693
1443900,14,5693
50980,14,5693
3280850,14,5693
2482190,14,5693
1326270,14,5693
2919650,14,5693
866400,14,5693
1816010,14,5693
2529520,14,5693
390340,14,5693
1051310,14,5693
3013730,14,5693
619250,14,5693
1440670,14,5693
964210,14,5693
922500,14,5693
1032700,14,5693
294570,14,5693
1272020,14,5693
2281410,14,5693
638920,14,5693
683600,14,5693
341390,14,5693
301710,14,5693
959890,14,5693
3517160,14,5693
3510910,14,5693
212780,14,5693
2442500,14,5693
797400,14,5693
334540,14,5693
1700630,14,5693
378490,14,5693
1075370,14,5693
2753270,14,5693
726390,14,5693
1762550,14,5693
1066130,14,5693
91200,14,5693
1573970,14,5693
1911390,14,5693
374890,14,5693
671910,14,5693
3367070,14,5693
398670,14,5693
3651080,14,5693
1056840,14,5693
1162130,14,5693
1758950,14,5693
3019780,14,5693
1706340,14,5693
1789650,14,5693
290930,14,5693
1455070,14,5693
445770,14,5693
771400,14,5693
459830,14,5693
830510,14,5693
1269300,14,5693
266210,14,5693
326990,14,5693
1196330,14,5693
710640,14,5693
625860,14,5693
975950,14,5693
458030,14,5693
1282690,14,5693
2106610,14,5693
1927740,14,5693
3115390,14,5693
1880710,14,5693
985340,14,5693
2491640,14,5693
2281870,14,5693
271900,14,5693
1776410,14,5693
418190,14,5693
1975520,14,5693
831100,14,5693
224660,14,5693
323390,14,5693
289780,14,5693
454950,14,5693
542340,14,5693
3510670,14,5693
451760,14,5693
509220,14,5693
1213230,14,5693
868510,14,5693
465990,14,5693
3037580,14,5693
295350,14,5693
1018680,14,5693
949600,14,5693
102500,14,5693
973040,14,5693
2058200,14,5693
55040,14,5693
809020,14,5693
1046750,14,5693
2923560,14,5693
1991850,14,5693
704140,14,5693
2925510,14,5693
283980,14,5693
545960,14,5693
223870,14,5693
987570,14,5693
3127870,14,5693
1519490,14,5693
1729940,14,5693
2056220,14,5693
2258590,14,5693
212030,14,5693
1942110,14,5693
1257360,14,5693
2329630,14,5693
307030,14,5693
1783940,14,5693
406150,14,5693
3085890,14,5693
1444710,14,5693
577940,14,5693
822190,14,5693
232790,14,5693
813650,14,5693
322450,14,5693
530120,14,5693
1889890,14,5693
1831250,14,5693
3195160,14,5693
673260,14,5693
1020730,14,5693
200240,14,5693
1527980,14,5693
765820,14,5693
1781260,14,5693
411560,14,5693
31100,14,5693
2711030,14,5693
2860990,14,5693
940300,14,5693
204440,14,5693
2803810,14,5693
1933660,14,5693
2342920,14,5693
3675060,14,5693
2935040,14,5693
738550,14,5693
914320,14,5693
2787840,14,5693
737890,14,5693
877850,14,5693
3582710,14,5693
930300,14,5693
2999030,14,5693
686140,14,5693
267900,14,5693
425100,14,5693
721030,14,5693
284710,14,5693
2328730,14,5693
552770,14,5693
224960,14,5693
2545650,14,5693
1174720,14,5693
1933990,14,5693
588690,14,5693
3529700,14,5693
1460120,14,5693
1540570,14,5693
987770,14,5693
2262770,14,5693
848200,14,5693
462250,14,5693
862690,14,5693
2760,14,5693
36630,14,5693
3114010,14,5693
1380430,14,5693
2161620,14,5693
735350,14,5693
2178070,14,5693
2548950,14,5693
424280,14,5693
630610,14,5693
290100,14,5693
1336060,14,5693
1669170,14,5693
353090,14,5693
2391400,14,5693
3394080,14,5693
2401730,14,5693
2186400,14,5693
1401340,14,5693
2420620,14,5693
1900,14,5693
32110,14,5693
64000,14,5693
815940,14,5693
458430,14,5693
1002600,14,5693
1875530,14,5693
361850,14,5693
1951230,14,5693
895990,14,5693
386290,14,5693
2518900,14,5693
635640,14,5693
560430,14,5693
2819750,14,5693
2462520,14,5693
81890,14,5693
1551560,14,5693
770720,14,5693
1766160,14,5693
550010,14,5693
983150,14,5693
1105040,14,5693
3400850,14,5693
1045220,14,5693
856060,14,5693
734880,14,5693
2490930,14,5693
1216200,14,5693
45300,14,5693
1922010,14,5693
2173940,14,5693
1586700,14,5693
1681600,14,5693
204680,14,5693
1833490,14,5693
780590,14,5693
3156590,14,5693
568030,14,5693
1371750,14,5693
3177970,14,5693
1782570,14,5693
3340,14,5693
208520,14,5693
420790,14,5693
525510,14,5693
1432320,14,5693
922410,14,5693
450110,14,5693
1424520,14,5693
1389630,14,5693
1466680,14,5693
341890,14,5693
2467810,14,5693
2989770,14,5693
233780,14,5693
897020,14,5693
270990,14,5693
294700,14,5693
2153310,14,5693
2493620,14,5693
719080,14,5693
239840,14,5693
1584330,14,5693
1381650,14,5693
953880,14,5693
3077030,14,5693
2828790,14,5693
1492360,14,5693
1801490,14,5693
1984230,14,5693
1523990,14,5693
450170,14,5693
1477920,14,5693
1164010,14,5693
1272450,14,5693
2012540,14,5693
2991400,14,5693
270230,14,5693
2281940,14,5693
2019760,14,5693
3360010,14,5693
2337640,14,5693
1715590,14,5693
959080,14,5693
2370,14,5693
1247650,14,5693
1460220,14,5693
1019940,14,5693
2355860,14,5693
1384630,14,5693
283060,14,5693
3029150,14,5693
1593790,14,5693
242960,14,5693
2781250,14,5693
207320,14,5693
1186580,14,5693
1794970,14,5693
2283460,14,5693
1916310,14,5693
496240,14,5693
498240,14,5693
2193650,14,5693
619700,14,5693
3450230,14,5693
401060,14,5693
359310,14,5693
2666590,14,5693
1507410,14,5693
1071680,14,5693
233800,14,5693
3435260,14,5693
546980,14,5693
577120,14,5693
1607310,14,5693
3193840,14,5693
1231840,14,5693
2313250,14,5693
3700,14,5693
654940,14,5693
2192860,14,5693
820040,14,5693
938270,14,5693
944010,14,5693
1618380,14,5693
3099690,14,5693
2019380,14,5693
328260,14,5693
1864790,14,5693
3444480,14,5693
1075080,14,5693
2373440,14,5693
269370,14,5693
2638050,14,5693
2652490,14,5693
200990,14,5693
2613890,14,5693
1300780,14,5693
1394130,14,5693
1638300,14,5693
1057430,14,5693
690060,14,5693
1334160,14,5693
392290,14,5693
2546970,14,5693
941920,14,5693
2075930,14,5693
105300,14,5693
1639730,14,5693
587000,14,5693
739030,14,5693
737050,14,5693
1863290,14,5693
1297660,14,5693
292600,14,5693
1355090,14,5693
1366960,14,5693
2488510,14,5693
1982040,14,5693
2612680,14,5693
2804550,14,5693
905340,14,5693
1208520,14,5693
553340,14,5693
1094680,14,5693
468100,14,5693
367800,14,5693
1012110,14,5693
897130,14,5693
48710,14,5693
390590,14,5693
2070880,14,5693
318020,14,5693
535990,14,5693
409760,14,5693
331260,14,5693
3060170,14,5693
2181720,14,5693
40,14,5693
1150460,14,5693
1827650,14,5693
517770,14,5693
1571990,14,5693
2351730,14,5693
70300,14,5693
1322630,14,5693
2708280,14,5693
1607130,14,5693
520720,14,5693
965920,14,5693
746890,14,5693
1107300,14,5693
1878740,14,5693
2280060,14,5693
2312480,14,5693
405680,14,5693
2453060,14,5693
861410,14,5693
15900,14,5693
1795960,14,5693
1366950,14,5693
2125420,14,5693
499420,14,5693
278510,14,5693
524150,14,5693
589730,14,5693
2004320,14,5693
1250220,14,5693
751430,14,5693
691190,14,5693
688740,14,5693
867980,14,5693
2990640,14,5693
684650,14,5693
1417890,14,5693
1791120,14,5693
364600,14,5693
1131810,14,5693
304850,14,5693
2939590,14,5693
372360,14,5693
2900670,14,5693
2631210,14,5693
32630,14,5693
97130,14,5693
348250,14,5693
1254530,14,5693
256330,14,5693
336230,14,5693
1057640,14,5693
2089450,14,5693
1158280,14,5693
280620,14,5693
579490,14,5693
433350,14,5693
1565140,14,5693
3060900,14,5693
2739830,14,5693
940680,14,5693
2383860,14,5693
3074340,14,5693
6220,14,5693
434000,14,5693
3264410,14,5693
272060,14,5693
2000390,14,5693
623170,14,5693
2459350,14,5693
2128940,14,5693
544270,14,5693
560450,14,5693
1243960,14,5693
1015140,14,5693
1494400,14,5693
2535680,14,5693
619910,14,5693
317410,14,5693
500340,14,5693
3297310,14,5693
963220,14,5693
580010,14,5693
1395850,14,5693
1698350,14,5693
3270020,14,5693
41600,14,5693
326430,14,5693
851710,14,5693
528020,14,5693
2408920,14,5693
244070,14,5693
3602770,14,5693
22600,14,5693
2550040,14,5693
840720,14,5693
629390,14,5693
449450,14,5693
35000,14,5693
407330,14,5693
2434260,14,5693
3359480,14,5693
914750,14,5693
616650,14,5693
1564790,14,5693
1141220,14,5693
2497900,14,5693
1975340,14,5693
2753100,14,5693
1766720,14,5693
810800,14,5693
2304620,14,5693
1866710,14,5693
5340,14,5693
2394070,14,5693
948100,14,5693
388800,14,5693
952070,14,5693
2878710,14,5693
2678070,14,5693
3155730,14,5693
551770,14,5693
780100,14,5693
1158450,14,5693
421860,14,5693
2499470,14,5693
2124440,14,5693
1987480,14,5693
357240,14,5693
590670,14,5693
400630,14,5693
761350,14,5693
1045720,14,5693
1111930,14,5693
1185520,14,5693
735290,14,5693
3166530,14,5693
2575060,14,5693
412880,14,5693
266310,14,5693
38110,14,5693
2094530,14,5693
521710,14,5693
1230100,14,5693
1649010,14,5693
1250520,14,5693
3553960,14,5693
98610,14,5693
1457030,14,5693
356430,14,5693
3262320,14,5693
2928280,14,5693
794230,14,5693
3074170,14,5693
294750,14,5693
1259510,14,5693
508200,14,5693
524910,14,5693
862370,14,5693
344090,14,5693
1957230,14,5693
3638700,14,5693
1031920,14,5693
396800,14,5693
835690,14,5693
737980,14,5693
257400,14,5693
1669420,14,5693
3408620,14,5693
390100,14,5693
312690,14,5693
1101360,14,5693
605990,14,5693
2874180,14,5693
1034910,14,5693
630900,14,5693
2368300,14,5693
1098940,14,5693
363060,14,5693
352200,14,5693
1728680,14,5693
29180,14,5693
668210,14,5693
970700,14,5693
2685770,14,5693
781610,14,5693
1951220,14,5693
1532510,14,5693
3389270,14,5693
458230,14,5693
523660,14,5693
448320,14,5693
2287970,14,5693
783940,14,5693
2650590,14,5693
1087270,14,5693
70640,14,5693
208320,14,5693
662830,14,5693
2075720,14,5693
2158500,14,5693
753980,14,5693
2533960,14,5693
389140,14,5693
1695840,14,5693
915200,14,5693
995900,14,5693
2686900,14,5693
1335030,14,5693
1706850,14,5693
777320,14,5693
3667230,14,5693
29710,14,5693
991080,14,5693
1249880,14,5693
487380,14,5693
910830,14,5693
1749860,14,5693
1548250,14,5693
1170130,14,5693
1173550,14,5693
3413590,14,5693
920200,14,5693
368770,14,5693
6000,14,5693
2660840,14,5693
3619310,14,5693
1153830,14,5693
818150,14,5693
836260,14,5693
90400,14,5693
1208080,14,5693
476540,14,5693
2102110,14,5693
1678430,14,5693
1515890,14,5693
618200,14,5693
3730,14,5693
580950,14,5693
3068100,14,5693
1932260,14,5693
2467190,14,5693
1174320,14,5693
502260,14,5693
2377970,14,5693
3059010,14,5693
1608730,14,5693
1678420,14,5693
386750,14,5693
658430,14,5693
1358750,14,5693
1007740,14,5693
344790,14,5693
723390,14,5693
620590,14,5693
448820,14,5693
1343990,14,5693
1681160,14,5693
921780,14,5693
200170,14,5693
1006710,14,5693
2379810,14,5693
2535780,14,5693
2962750,14,5693
1947950,14,5693
938960,14,5693
490160,14,5693
2060590,14,5693
2075050,14,5693
345090,14,5693
97000,14,5693
1749630,14,5693
1151610,14,5693
1017060,14,5693
2754690,14,5693
276240,14,5693
23300,14,5693
2659960,14,5693
2799350,14,5693
856160,14,5693
502230,14,5693
2128140,14,5693
980950,14,5693
433000,14,5693
2304660,14,5693
389510,14,5693
2366880,14,5693
508230,14,5693
928460,14,5693
1220,14,5693
2217580,14,5693
787370,14,5693
1250070,14,5693
2622750,14,5693
2383120,14,5693
1290880,14,5693
1084640,14,5693
2654680,14,5693
1354520,14,5693
440310,14,5693
519170,14,5693
1545990,14,5693
322130,14,5693
292800,14,5693
379280,14,5693
1318040,14,5693
1320100,14,5693
3561770,14,5693
2375330,14,5693
2937710,14,5693
934120,14,5693
3516150,14,5693
380020,14,5693
2437690,14,5693
1682630,14,5693
634160,14,5693
2992240,14,5693
1033810,14,5693
488910,14,5693
2273260,14,5693
1921770,14,5693
407800,14,5693
310360,14,5693
2318310,14,5693
676510,14,5693
3073860,14,5693
38040,14,5693
1819980,14,5693
1939560,14,5693
2422090,14,5693
1393080,14,5693
1754960,14,5693
1093880,14,5693
279440,14,5693
1743130,14,5693
3237950,14,5693
1136160,14,5693
1011130,14,5693
328450,14,5693
1285020,14,5693
745960,14,5693
1420710,14,5693
1638390,14,5693
896970,14,5693
400400,14,5693
1745310,14,5693
3436850,14,5693
974870,14,5693
3343330,14,5693
337720,14,5693
376760,14,5693
970850,14,5693
2299660,14,5693
2440960,14,5693
804990,14,5693
1582890,14,5693
2097230,14,5693
1087780,14,5693
1037330,14,5693
322210,14,5693
1051960,14,5693
938520,14,5693
606800,14,5693
1051200,14,5693
2125090,14,5693
324420,14,5693
1190160,14,5693
2708210,14,5693
2194670,14,5693
2300370,14,5693
825450,14,5693
386530,14,5693
2518120,14,5693
2377910,14,5693
343690,14,5693
229520,14,5693
592260,14,5693
2316410,14,5693
1968610,14,5693
1171820,14,5693
1340120,14,5693
358850,14,5693
423810,14,5693
2204130,14,5693
366440,14,5693
337400,14,5693
276870,14,5693
2178990,14,5693
502550,14,5693
885170,14,5693
369630,14,5693
2989950,14,5693
489570,14,5693
1952170,14,5693
1285060,14,5693
1480480,14,5693
348300,14,5693
37950,14,5693
842640,14,5693
3098070,14,5693
2094370,14,5693
959510,14,5693
684410,14,5693
1802710,14,5693
735060,14,5693
3122900,14,5693
865680,14,5693
512680,14,5693
514830,14,5693
1040460,14,5693
1358800,14,5693
612810,14,5693
1830840,14,5693
3243190,14,5693
1064140,14,5693
1592670,14,5693
3279160,14,5693
321480,14,5693
2153350,14,5693
2934190,14,5693
443260,14,5693
3265520,14,5693
1026820,14,5693
225320,14,5693
1811500,14,5693
3310510,14,5693
453660,14,5693
2862870,14,5693
1781160,14,5693
1550270,14,5693
1063100,14,5693
330680,14,5693
1914730,14,5693
285010,14,5693
2160220,14,5693
1325030,14,5693
22680,14,5693
3001970,14,5693
808910,14,5693
905490,14,5693
2545740,14,5693
1802870,14,5693
2084940,14,5693
238050,14,5693
1658290,14,5693
2539350,14,5693
880850,14,5693
1162640,14,5693
2061250,14,5693
3620220,14,5693
2977520,14,5693
3060280,14,5693
2074810,14,5693
2084640,14,5693
2563550,14,5693
2772670,14,5693
1733640,14,5693
1281200,14,5693
1433420,14,5693
878520,14,5693
654770,14,5693
1367720,14,5693
2520870,14,5693
1116080,14,5693
824070,14,5693
3428620,14,5693
1919040,14,5693
216670,14,5693
834170,14,5693
395520,14,5693
2223650,14,5693
3243790,14,5693
525830,14,5693
3363030,14,5693
2094350,14,5693
823610,14,5693
509620,14,5693
2193490,14,5693
2613190,14,5693
1286450,14,5693
283920,14,5693
200650,14,5693
1413660,14,5693
515040,14,5693
497090,14,5693
2204350,14,5693
3317110,14,5693
583950,14,5693
754260,14,5693
1929870,14,5693
537640,14,5693
2981590,14,5693
348160,14,5693
2450400,14,5693
1918530,14,5693
225000,14,5693
330390,14,5693
1477570,14,5693
335820,14,5693
1920780,14,5693
490860,14,5693
380140,14,5693
2899640,14,5693
877010,14,5693
2022290,14,5693
216570,14,5693
539460,14,5693
263300,14,5693
705370,14,5693
2004180,14,5693
2928650,14,5693
2144220,14,5693
365860,14,5693
1495100,14,5693
3440610,14,5693
1806040,14,5693
2348120,14,5693
3265070,14,5693
2537730,14,5693
327640,14,5693
768520,14,5693
2828980,14,5693
651340,14,5693
1089810,14,5693
3566070,14,5693
2512620,14,5693
2166140,14,5693
2274200,14,5693
722730,14,5693
305260,14,5693
23490,14,5693
328310,14,5693
235250,14,5693
1155880,14,5693
314420,14,5693
523720,14,5693
2685620,14,5693
596350,14,5693
1426300,14,5693
602930,14,5693
1491670,14,5693
671610,14,5693
285630,14,5693
343370,14,5693
940710,14,5693
1315980,14,5693
879610,14,5693
2172320,14,5693
2985610,14,5693
3147710,14,5693
2738990,14,5693
913160,14,5693
895610,14,5693
776890,14,5693
2726450,14,5693
1823490,14,5693
1078920,14,5693
1182470,14,5693
648410,14,5693
979070,14,5693
3328900,14,5693
430340,14,5693
284020,14,5693
371270,14,5693
1596310,14,5693
514720,14,5693
661970,14,5693
3273420,14,5693
1944250,14,5693
1106690,14,5693
1922750,14,5693
2171690,14,5693
378720,14,5693
536920,14,5693
17580,14,5693
2461710,14,5693
501950,14,5693
1041710,14,5693
1012830,14,5693
594150,14,5693
1269260,14,5693
427980,14,5693
291430,14,5693
3460130,14,5693
1305420,14,5693
1228520,14,5693
2464880,14,5693
2098130,14,5693
654070,14,5693
2505760,14,5693
822540,14,5693
2098790,14,5693
1120810,14,5693
1402110,14,5693
2630100,14,5693
2305810,14,5693
2542450,14,5693
1229460,14,5693
3225010,14,5693
37940,14,5693
259080,14,5693
1286340,14,5693
725140,14,5693
970500,14,5693
3037090,14,5693
362230,14,5693
1801280,14,5693
1377260,14,5693
3265280,14,5693
348540,14,5693
1877020,14,5693
1270210,14,5693
828150,14,5693
222860,14,5693
809880,14,5693
2010420,14,5693
392600,14,5693
322030,14,5693
1024970,14,5693
3389760,14,5693
2158270,14,5693
677910,14,5693
611720,14,5693
758640,14,5693
1456200,14,5693
1018420,14,5693
370910,14,5693
2452740,14,5693
921700,14,5693
3116620,14,5693
979290,14,5693
534970,14,5693
440160,14,5693
1360980,14,5693
1848270,14,5693
604830,14,5693
2779170,14,5693
361130,14,5693
251270,14,5693
2307300,14,5693
469890,14,5693
321400,14,5693
3089290,14,5693
2548620,14,5693
715560,14,5693
2407310,14,5693
2214220,14,5693
2701250,14,5693
3164640,14,5693
2347910,14,5693
1276130,14,5693
1807090,14,5693
2488350,14,5693
289950,14,5693
468070,14,5693
1274140,14,5693
355640,14,5693
743550,14,5693
416450,14,5693
600500,14,5693
214420,14,5693
1187510,14,5693
3153240,14,5693
386280,14,5693
642560,14,5693
616110,14,5693
2544570,14,5693
2749270,14,5693
878150,14,5693
1667700,14,5693
714150,14,5693
886590,14,5693
748370,14,5693
446770,14,5693
2109640,14,5693
374540,14,5693
1543430,14,5693
381570,14,5693
2528120,14,5693
1334090,14,5693
338420,14,5693
1193560,14,5693
391170,14,5693
1626640,14,5693
1011300,14,5693
872700,14,5693
699670,14,5693
2103640,14,5693
993620,14,5693
389260,14,5693
617820,14,5693
3497130,14,5693
545810,14,5693
1408060,14,5693
1334040,14,5693
3507560,14,5693
716340,14,5693
419580,14,5693
3307570,14,5693
1931020,14,5693
1720560,14,5693
787810,14,5693
2492330,14,5693
3217090,14,5693
1996770,14,5693
538100,14,5693
2688680,14,5693
220860,14,5693
2845630,14,5693
983450,14,5693
239200,14,5693
2720010,14,5693
1184250,14,5693
2741560,14,5693
1110960,14,5693
1953760,14,5693
3229170,14,5693
2190200,14,5693
2055220,14,5693
1322100,14,5693
3132250,14,5693
844670,14,5693
2262220,14,5693
448690,14,5693
718940,14,5693
370810,14,5693
285550,14,5693
2378490,14,5693
299340,14,5693
2795060,14,5693
893010,14,5693
1950440,14,5693
37300,14,5693
389460,14,5693
1624110,14,5693
1849000,14,5693
757970,14,5693
3052300,14,5693
898340,14,5693
308420,14,5693
584780,14,5693
2799930,14,5693
638000,14,5693
1358090,14,5693
445210,14,5693
1712890,14,5693
2605600,14,5693
1133500,14,5693
345000,14,5693
2543650,14,5693
617160,14,5693
3463150,14,5693
326220,14,5693
1427800,14,5693
2013360,14,5693
454690,14,5693
200130,14,5693
2175210,14,5693
892420,14,5693
273680,14,5693
2537920,14,5693
2949260,14,5693
401350,14,5693
1464550,14,5693
798620,14,5693
291610,14,5693
435890,14,5693
375510,14,5693
516110,14,5693
2803060,14,5693
225160,14,5693
81490,14,5693
3376080,14,5693
903040,14,5693
833140,14,5693
2953830,14,5693
2400280,14,5693
622150,14,5693
295810,14,5693
754730,14,5693
1282890,14,5693
2789420,14,5693
3140990,14,5693
1261390,14,5693
1237340,14,5693
2530490,14,5693
841190,14,5693
451930,14,5693
2506090,14,5693
2620310,14,5693
292820,14,5693
534600,14,5693
2591010,14,5693
2438970,14,5693
827780,14,5693
1379630,14,5693
928520,14,5693
1246930,14,5693
1176050,14,5693
372930,14,5693
812410,14,5693
2947640,14,5693
2206560,14,5693
2578880,14,5693
762190,14,5693
32770,14,5693
3042830,14,5693
1261040,14,5693
2106840,14,5693
894750,14,5693
2121150,14,5693
401040,14,5693
382700,14,5693
105430,14,5693
400080,14,5693
275530,14,5693
510380,14,5693
466040,14,5693
394140,14,5693
638490,14,5693
372100,14,5693
2410490,14,5693
577490,14,5693
1021130,14,5693
1991980,14,5693
848470,14,5693
705250,14,5693
1627610,14,5693
1078510,14,5693
650710,14,5693
914690,14,5693
2602560,14,5693
1517850,14,5693
569150,14,5693
366290,14,5693
1724860,14,5693
465440,14,5693
1760250,14,5693
364450,14,5693
1074030,14,5693
542750,14,5693
2050680,14,5693
1339260,14,5693
1292910,14,5693
1328890,14,5693
1269710,14,5693
2788960,14,5693
1806120,14,5693
378070,14,5693
3615600,14,5693
1381870,14,5693
1020090,14,5693
1199570,14,5693
1138060,14,5693
1820040,14,5693
593280,14,5693
1552620,14,5693
2969160,14,5693
828860,14,5693
237740,14,5693
515470,14,5693
1859360,14,5693
1193090,14,5693
2280520,14,5693
2552850,14,5693
81510,14,5693
2175570,14,5693
1551530,14,5693
1312960,14,5693
3532220,14,5693
1941660,14,5693
1158890,14,5693
2784980,14,5693
1664220,14,5693
794580,14,5693
946650,14,5693
838410,14,5693
1006850,14,5693
1524530,14,5693
578430,14,5693
21990,14,5693
805360,14,5693
2053700,14,5693
2332260,14,5693
1211110,14,5693
1024540,14,5693
540670,14,5693
2498570,14,5693
507080,14,5693
2891040,14,5693
1733060,14,5693
1460250,14,5693
927730,14,5693
251950,14,5693
1046790,14,5693
3360,14,5693
269670,14,5693
3416780,14,5693
2811100,14,5693
3033620,14,5693
2080800,14,5693
2010900,14,5693
1258590,14,5693
1411200,14,5693
1101780,14,5693
362920,14,5693
2467230,14,5693
434530,14,5693
681990,14,5693
1931940,14,5693
2658470,14,5693
1253880,14,5693
1417930,14,5693
1445610,14,5693
798480,14,5693
1669870,14,5693
369860,14,5693
2589670,14,5693
671800,14,5693
896160,14,5693
394160,14,5693
2960430,14,5693
2691620,14,5693
1812390,14,5693
3205080,14,5693
2230660,14,5693
1181030,14,5693
797560,14,5693
726870,14,5693
267820,14,5693
1301480,14,5693
932850,14,5693
3278760,14,5693
3611990,14,5693
931090,14,5693
899530,14,5693
364690,14,5693
987150,14,5693
2252330,14,5693
2582660,14,5693
221020,14,5693
17510,14,5693
1481400,14,5693
3068740,14,5693
625340,14,5693
1861880,14,5693
693580,14,5693
740260,14,5693
1200,14,5693
2733530,14,5693
870690,14,5693
525040,14,5693
3173130,14,5693
1328840,14,5693
1360530,14,5693
341750,14,5693
1430110,14,5693
1272130,14,5693
816150,14,5693
1373440,14,5693
536070,14,5693
1691110,14,5693
44720,14,5693
215870,14,5693
2692570,14,5693
419290,14,5693
1230980,14,5693
557410,14,5693
981590,14,5693
1494500,14,5693
604010,14,5693
412760,14,5693
1850550,14,5693
773860,14,5693
2017080,14,5693
244590,14,5693
313470,14,5693
1069820,14,5693
2689970,14,5693
2587770,14,5693
480500,14,5693
1918520,14,5693
1458560,14,5693
562520,14,5693
575880,14,5693
440150,14,5693
1488560,14,5693
796070,14,5693
1226640,14,5693
1683560,14,5693
793480,14,5693
879250,14,5693
2507400,14,5693
746620,14,5693
496120,14,5693
2829820,14,5693
3227230,14,5693
3383440,14,5693
682130,14,5693
1061150,14,5693
579120,14,5693
904540,14,5693
851920,14,5693
1386040,14,5693
3077660,14,5693
546230,14,5693
713400,14,5693
358270,14,5693
1104450,14,5693
1144770,14,5693
617670,14,5693
2278520,14,5693
1186290,14,5693
814210,14,5693
2599330,14,5693
335880,14,5693
3096620,14,5693
2916620,14,5693
454700,14,5693
991810,14,5693
863900,14,5693
1409160,14,5693
376890,14,5693
557630,14,5693
2800,14,5693
2057770,14,5693
420330,14,5693
415530,14,5693
657010,14,5693
427700,14,5693
2195780,14,5693
1091650,14,5693
986220,14,5693
504850,14,5693
606230,14,5693
886460,14,5693
1195560,14,5693
254920,14,5693
261430,14,5693
1722870,14,5693
1613450,14,5693
1244950,14,5693
2286390,14,5693
1197570,14,5693
845250,14,5693
236730,14,5693
979080,14,5693
2400200,14,5693
428260,14,5693
2213120,14,5693
2638560,14,5693
671620,14,5693
498030,14,5693
407150,14,5693
358200,14,5693
859170,14,5693
970670,14,5693
302320,14,5693
3126730,14,5693
586710,14,5693
776190,14,5693
1576370,14,5693
953860,14,5693
777150,14,5693
966090,14,5693
2430360,14,5693
373590,14,5693
1921760,14,5693
1361180,14,5693
2014180,14,5693
597200,14,5693
913440,14,5693
2346630,14,5693
1375400,14,5693
1883090,14,5693
1050280,14,5693
1204700,14,5693
474210,14,5693
1840660,14,5693
395970,14,5693
438490,14,5693
531180,14,5693
1260130,14,5693
806900,14,5693
2091550,14,5693
435170,14,5693
2804510,14,5693
2337820,14,5693
521750,14,5693
868020,14,5693
313240,14,5693
461820,14,5693
623920,14,5693
276340,14,5693
2262970,14,5693
275700,14,5693
15710,14,5693
2302540,14,5693
1115050,14,5693
863560,14,5693
713160,14,5693
2613950,14,5693
2461780,14,5693
1261520,14,5693
535060,14,5693
778560,14,5693
990160,14,5693
665370,14,5693
1286480,14,5693
3521320,14,5693
682650,14,5693
1672670,14,5693
1048690,14,5693
2358370,14,5693
616620,14,5693
887370,14,5693
2987860,14,5693
821250,14,5693
2826800,14,5693
1070580,14,5693
696110,14,5693
783130,14,5693
2790090,14,5693
883360,14,5693
2121980,14,5693
977230,14,5693
297750,14,5693
24640,14,5693
1842610,14,5693
37380,14,5693
2450110,14,5693
3487770,14,5693
1033340,14,5693
3152580,14,5693
1119570,14,5693
2610690,14,5693
739590,14,5693
2111870,14,5693
1057910,14,5693
595960,14,5693
244710,14,5693
38100,14,5693
2277300,14,5693
3161620,14,5693
956450,14,5693
1909770,14,5693
742490,14,5693
796340,14,5693
2465200,14,5693
1010890,14,5693
534910,14,5693
2838510,14,5693
1183260,14,5693
987410,14,5693
301760,14,5693
1029900,14,5693
1384770,14,5693
334880,14,5693
2997980,14,5693
1139160,14,5693
430100,14,5693
533970,14,5693
859700,14,5693
2222720,14,5693
567430,14,5693
1678180,14,5693
3015620,14,5693
297860,14,5693
1521160,14,5693
12130,14,5693
1411910,14,5693
1034860,14,5693
3173050,14,5693
920450,14,5693
581380,14,5693
2390230,14,5693
1073230,14,5693
1345940,14,5693
221540,14,5693
1537910,14,5693
1854250,14,5693
454330,14,5693
946610,14,5693
1822710,14,5693
896040,14,5693
2947590,14,5693
853450,14,5693
554700,14,5693
622890,14,5693
2018230,14,5693
775370,14,5693
388700,14,5693
292860,14,5693
1335230,14,5693
956240,14,5693
340360,14,5693
448560,14,5693
3021340,14,5693
2147450,14,5693
463150,14,5693
1333910,14,5693
1338470,14,5693
1452130,14,5693
464350,14,5693
312560,14,5693
511390,14,5693
