node_id,community_id,community_size
2808570,0,527
521350,0,527
985870,0,527
1733250,0,527
1228520,0,527
579490,0,527
348190,0,527
1159660,0,527
3298460,0,527
3597930,0,527
1914730,0,527
1792010,0,527
2343900,0,527
588690,0,527
454330,0,527
1162700,0,527
235210,0,527
3274030,0,527
249630,0,527
3033810,0,527
2940120,0,527
860950,0,527
45200,0,527
344800,0,527
699670,0,527
1594130,0,527
386750,0,527
947890,0,527
275670,0,527
2996280,0,527
941800,0,527
893390,0,527
2314720,0,527
1092040,0,527
900050,0,527
791960,0,527
866440,0,527
2223700,0,527
2367230,0,527
341310,0,527
897610,0,527
726710,0,527
2617400,0,527
1975440,0,527
1670810,0,527
3090100,0,527
1491340,0,527
942200,0,527
1243960,0,527
758990,0,527
881930,0,527
936780,0,527
753980,0,527
2078040,0,527
1286340,0,527
545810,0,527
2820800,0,527
949600,0,527
1972820,0,527
2725650,0,527
1978330,0,527
1048660,0,527
2006090,0,527
231140,0,527
1262910,0,527
2793710,0,527
346330,0,527
670820,0,527
2099220,0,527
997060,0,527
81490,0,527
1058830,0,527
3436850,0,527
1256830,0,527
1494420,0,527
1104250,0,527
1041710,0,527
2627570,0,527
58560,0,527
3334550,0,527
1843090,0,527
39000,0,527
769910,0,527
2332210,0,527
625340,0,527
497880,0,527
1310350,0,527
2942150,0,527
3521320,0,527
341390,0,527
3328480,0,527
3060900,0,527
1753490,0,527
763010,0,527
674560,0,527
1005130,0,527
323390,0,527
1140070,0,527
356160,0,527
3620220,0,527
440540,0,527
3077660,0,527
509620,0,527
2488510,0,527
1373440,0,527
889450,0,527
550820,0,527
723790,0,527
1148450,0,527
544710,0,527
2464880,0,527
2555430,0,527
767300,0,527
698700,0,527
646290,0,527
34640,0,527
523660,0,527
1272340,0,527
1780270,0,527
2687160,0,527
1900340,0,527
1260960,0,527
222520,0,527
605990,0,527
671610,0,527
990640,0,527
976720,0,527
712620,0,527
1347490,0,527
1029860,0,527
731370,0,527
1368250,0,527
499610,0,527
3253830,0,527
1981250,0,527
2408920,0,527
2628460,0,527
502820,0,527
533780,0,527
1839930,0,527
1449750,0,527
2598980,0,527
3566070,0,527
859700,0,527
1477460,0,527
2983510,0,527
490160,0,527
2003640,0,527
1264650,0,527
350620,0,527
929310,0,527
2989950,0,527
3464570,0,527
1559680,0,527
1073230,0,527
1158470,0,527
1093370,0,527
944250,0,527
2799930,0,527
308460,0,527
1325050,0,527
3104480,0,527
1018020,0,527
2280060,0,527
3413740,0,527
2146450,0,527
1525890,0,527
3058520,0,527
3077790,0,527
261430,0,527
2278630,0,527
540780,0,527
2434340,0,527
236090,0,527
646240,0,527
2714970,0,527
2658820,0,527
850040,0,527
822540,0,527
2787840,0,527
34630,0,527
1804170,0,527
303610,0,527
422130,0,527
2098810,0,527
3376080,0,527
2981590,0,527
503390,0,527
1322100,0,527
1812560,0,527
1409770,0,527
359310,0,527
214550,0,527
495350,0,527
1948430,0,527
1570330,0,527
97000,0,527
367270,0,527
224660,0,527
1302110,0,527
1736360,0,527
1781160,0,527
2931920,0,527
674130,0,527
2725930,0,527
1945230,0,527
705100,0,527
3301740,0,527
3561770,0,527
1021690,0,527
214790,0,527
678450,0,527
1089810,0,527
3535780,0,527
1964480,0,527
205730,0,527
1992330,0,527
654230,0,527
798420,0,527
364450,0,527
1593930,0,527
617820,0,527
3101770,0,527
1451740,0,527
872700,0,527
1569820,0,527
796340,0,527
251650,0,527
638920,0,527
1147940,0,527
556180,0,527
935580,0,527
1180130,0,527
1532650,0,527
2710500,0,527
2272420,0,527
1070860,0,527
1383630,0,527
2781320,0,527
1713610,0,527
2217580,0,527
26010,0,527
613880,0,527
1592520,0,527
95700,0,527
872110,0,527
301420,0,527
992520,0,527
3265070,0,527
544600,0,527
1083600,0,527
2545740,0,527
570840,0,527
1360530,0,527
1608730,0,527
3638700,0,527
507520,0,527
424280,0,527
554570,0,527
718730,0,527
987570,0,527
1005950,0,527
3093120,0,527
515040,0,527
1155590,0,527
1552550,0,527
2793370,0,527
1897120,0,527
1641240,0,527
1717770,0,527
1284110,0,527
1687000,0,527
1411020,0,527
222500,0,527
3155080,0,527
494230,0,527
2535680,0,527
878520,0,527
2450400,0,527
299460,0,527
1129730,0,527
2321210,0,527
3512680,0,527
2408310,0,527
562260,0,527
45300,0,527
2354570,0,527
1029870,0,527
1177030,0,527
2558580,0,527
2441270,0,527
2581200,0,527
1412660,0,527
764500,0,527
3261010,0,527
1072310,0,527
2214220,0,527
1523400,0,527
1908320,0,527
474010,0,527
741590,0,527
322290,0,527
321940,0,527
674960,0,527
3140990,0,527
604940,0,527
2564320,0,527
2449160,0,527
399790,0,527
1576370,0,527
1691320,0,527
2497900,0,527
2200190,0,527
1282890,0,527
3389270,0,527
1057640,0,527
3218880,0,527
247430,0,527
1679220,0,527
928460,0,527
2379810,0,527
1130620,0,527
1581950,0,527
1684010,0,527
874450,0,527
211400,0,527
1444710,0,527
451760,0,527
1913740,0,527
18460,0,527
2746030,0,527
1512830,0,527
102840,0,527
577710,0,527
1283280,0,527
398670,0,527
1482700,0,527
623310,0,527
2736150,0,527
1716940,0,527
861350,0,527
790300,0,527
2964010,0,527
7210,0,527
347520,0,527
2538000,0,527
681330,0,527
666640,0,527
630610,0,527
215830,0,527
318020,0,527
3123450,0,527
2294130,0,527
1080060,0,527
3008050,0,527
2562380,0,527
1892420,0,527
1880610,0,527
3243790,0,527
2251010,0,527
2701250,0,527
625860,0,527
1058140,0,527
860860,0,527
529700,0,527
837400,0,527
2088250,0,527
1460120,0,527
3272300,0,527
575860,0,527
2177620,0,527
2762230,0,527
823910,0,527
1274130,0,527
619810,0,527
844660,0,527
1260590,0,527
2757330,0,527
1219590,0,527
839820,0,527
2387780,0,527
760050,0,527
1655460,0,527
1422180,0,527
934120,0,527
465780,0,527
1868020,0,527
2954780,0,527
448710,0,527
734980,0,527
429040,0,527
506480,0,527
3449590,0,527
317470,0,527
204680,0,527
415860,0,527
1301010,0,527
1170940,0,527
342610,0,527
390560,0,527
407230,0,527
2488590,0,527
656040,0,527
400240,0,527
235800,0,527
3101720,0,527
3298250,0,527
105420,0,527
426630,0,527
386260,0,527
3367070,0,527
512470,0,527
587650,0,527
220860,0,527
2697890,0,527
350700,0,527
231060,0,527
896160,0,527
3060170,0,527
2430730,0,527
2669380,0,527
1390350,0,527
1112690,0,527
2169220,0,527
1339260,0,527
1244950,0,527
740080,0,527
1844720,0,527
3114010,0,527
2427560,0,527
2410490,0,527
1418530,0,527
706990,0,527
360380,0,527
3098490,0,527
1224160,0,527
844670,0,527
2148830,0,527
3141480,0,527
2319640,0,527
1674820,0,527
1379670,0,527
2837870,0,527
3295910,0,527
975950,0,527
623550,0,527
229480,0,527
1044770,0,527
770400,0,527
2399450,0,527
285550,0,527
2311410,0,527
1049270,0,527
2359470,0,527
1101780,0,527
1267310,0,527
2654470,0,527
617660,0,527
1323470,0,527
2619510,0,527
2928280,0,527
650510,0,527
878970,0,527
1411200,0,527
1423330,0,527
2195840,0,527
422760,0,527
480450,0,527
895610,0,527
306410,0,527
1492360,0,527
491110,0,527
881690,0,527
2474530,0,527
420790,0,527
2564460,0,527
616620,0,527
462250,0,527
883130,0,527
2630100,0,527
2742840,0,527
2478730,0,527
37210,0,527
1158720,0,527
1481400,0,527
1010750,0,527
1377450,0,527
308330,0,527
313140,0,527
2346630,0,527
1769270,0,527
2153310,0,527
2131680,0,527
395520,0,527
390100,0,527
894750,0,527
525040,0,527
37220,0,527
595640,0,527
332570,0,527
614560,0,527
2495750,0,527
1669870,0,527
282530,0,527
251950,0,527
319810,0,527
849970,0,527
577940,0,527
1119580,0,527
206500,0,527
1412310,0,527
363860,0,527
723390,0,527
438650,0,527
355800,0,527
1630960,0,527
2613890,0,527
875740,0,527
1148650,0,527
427190,0,527
2492330,0,527
3540500,0,527
931090,0,527
581030,0,527
1018010,0,527
1494400,0,527
1258780,0,527
929320,1,985
2175130,1,985
2442380,1,985
1967450,1,985
2774580,1,985
1241700,1,985
2675350,1,985
2722360,1,985
1070230,1,985
1720850,1,985
1863390,1,985
2712910,1,985
1807570,1,985
1506820,1,985
2591760,1,985
1885690,1,985
295630,1,985
2216660,1,985
2331130,1,985
797440,1,985
3126180,1,985
733460,1,985
622010,1,985
2774240,1,985
2265230,1,985
3391110,1,985
1635790,1,985
640120,1,985
3191050,1,985
1615100,1,985
506830,1,985
221180,1,985
1315160,1,985
1418430,1,985
1903370,1,985
733540,1,985
1343920,1,985
202310,1,985
3060630,1,985
464950,1,985
513560,1,985
750850,1,985
1129540,1,985
1872860,1,985
589120,1,985
942930,1,985
602590,1,985
275390,1,985
3303150,1,985
1091010,1,985
1114030,1,985
1763830,1,985
674930,1,985
747050,1,985
289420,1,985
271970,1,985
1691970,1,985
640300,1,985
1492250,1,985
422810,1,985
2498480,1,985
1387560,1,985
2250080,1,985
315320,1,985
841350,1,985
17740,1,985
553790,1,985
677280,1,985
722180,1,985
1397390,1,985
1077970,1,985
1026160,1,985
1730650,1,985
1813270,1,985
1427890,1,985
3144770,1,985
1094390,1,985
2009010,1,985
574420,1,985
3356790,1,985
521800,1,985
385030,1,985
554810,1,985
1016600,1,985
2735630,1,985
574820,1,985
576400,1,985
1958340,1,985
963280,1,985
2369950,1,985
1891090,1,985
1494920,1,985
1871920,1,985
1407140,1,985
512240,1,985
460580,1,985
1934080,1,985
2430250,1,985
207530,1,985
2075580,1,985
1142500,1,985
711980,1,985
3313260,1,985
2745870,1,985
2793960,1,985
3351670,1,985
417920,1,985
2517810,1,985
2128940,1,985
2570640,1,985
307150,1,985
724940,1,985
1269050,1,985
1101930,1,985
977720,1,985
3433030,1,985
3141580,1,985
3275010,1,985
693650,1,985
2712540,1,985
536990,1,985
978440,1,985
1131800,1,985
1322290,1,985
1462470,1,985
453910,1,985
226140,1,985
1021860,1,985
2537010,1,985
952040,1,985
670460,1,985
3175860,1,985
1002560,1,985
2115760,1,985
359800,1,985
553290,1,985
464240,1,985
2532340,1,985
2693730,1,985
1657780,1,985
1639990,1,985
950240,1,985
2645580,1,985
1592680,1,985
323650,1,985
687900,1,985
1841100,1,985
1683610,1,985
2674810,1,985
1818370,1,985
2106810,1,985
622940,1,985
482390,1,985
342130,1,985
2123100,1,985
461600,1,985
2547120,1,985
3046430,1,985
1956510,1,985
975980,1,985
3153960,1,985
457730,1,985
2530170,1,985
1121530,1,985
2345770,1,985
1967700,1,985
238260,1,985
1067850,1,985
12370,1,985
859150,1,985
1246020,1,985
853890,1,985
1859860,1,985
1216230,1,985
2889980,1,985
1759440,1,985
268750,1,985
2783430,1,985
1500740,1,985
220900,1,985
1750570,1,985
39530,1,985
2161050,1,985
3134280,1,985
1074170,1,985
1585220,1,985
2012190,1,985
523970,1,985
2711350,1,985
207570,1,985
2930320,1,985
3130,1,985
693210,1,985
1091920,1,985
227860,1,985
3337210,1,985
1489680,1,985
1240120,1,985
1926680,1,985
2698870,1,985
319280,1,985
2363730,1,985
1257850,1,985
1024160,1,985
1640300,1,985
1191120,1,985
821610,1,985
2340400,1,985
2357500,1,985
616110,1,985
846800,1,985
1923740,1,985
1161170,1,985
365020,1,985
409290,1,985
1520850,1,985
347720,1,985
498850,1,985
3569590,1,985
331650,1,985
892960,1,985
1595380,1,985
810230,1,985
1194140,1,985
24240,1,985
2942050,1,985
619490,1,985
400360,1,985
1838970,1,985
348870,1,985
575780,1,985
3292260,1,985
3338660,1,985
260430,1,985
2103070,1,985
925600,1,985
1290260,1,985
1277920,1,985
898460,1,985
3078920,1,985
2420240,1,985
1107470,1,985
679990,1,985
2182400,1,985
311240,1,985
1004490,1,985
1266430,1,985
435240,1,985
2482270,1,985
1358710,1,985
585190,1,985
907290,1,985
797620,1,985
640150,1,985
1925320,1,985
458510,1,985
1264970,1,985
1031320,1,985
3270680,1,985
2447580,1,985
660030,1,985
1513300,1,985
1288310,1,985
1937840,1,985
1363350,1,985
2986260,1,985
1784780,1,985
663110,1,985
2516940,1,985
508840,1,985
367280,1,985
278190,1,985
1771730,1,985
1706870,1,985
1800770,1,985
3421020,1,985
708710,1,985
292160,1,985
319480,1,985
2224640,1,985
2510770,1,985
2009240,1,985
418950,1,985
1097530,1,985
686680,1,985
3446200,1,985
2522260,1,985
1517340,1,985
1522080,1,985
1637970,1,985
2060480,1,985
706370,1,985
2575900,1,985
2591070,1,985
2516820,1,985
460630,1,985
1582290,1,985
1479390,1,985
954420,1,985
1451480,1,985
477730,1,985
694770,1,985
1237040,1,985
2433730,1,985
1623700,1,985
2310810,1,985
1423370,1,985
1650860,1,985
2671970,1,985
1899350,1,985
1284820,1,985
1094030,1,985
2336980,1,985
1359120,1,985
356310,1,985
440740,1,985
235660,1,985
2653790,1,985
485650,1,985
1861000,1,985
3249050,1,985
3125250,1,985
1885660,1,985
219640,1,985
2315010,1,985
1785820,1,985
411020,1,985
2069040,1,985
2567520,1,985
975680,1,985
234570,1,985
2774550,1,985
2865490,1,985
326270,1,985
1837650,1,985
1548680,1,985
863940,1,985
265730,1,985
614830,1,985
656200,1,985
535910,1,985
2195140,1,985
1834500,1,985
1178150,1,985
1632670,1,985
460250,1,985
2004290,1,985
2131010,1,985
2726870,1,985
1008020,1,985
346290,1,985
361430,1,985
2356310,1,985
1106340,1,985
773810,1,985
2078910,1,985
281520,1,985
1497570,1,985
317790,1,985
1462490,1,985
517160,1,985
878350,1,985
537110,1,985
1967730,1,985
390440,1,985
583060,1,985
3270450,1,985
1312950,1,985
498580,1,985
2109010,1,985
1085260,1,985
2717010,1,985
1154120,1,985
1663310,1,985
608630,1,985
1285430,1,985
329860,1,985
1649630,1,985
1648190,1,985
485750,1,985
2357910,1,985
2919660,1,985
1136370,1,985
1367960,1,985
533540,1,985
2121190,1,985
1270980,1,985
1574310,1,985
297050,1,985
328230,1,985
878750,1,985
1024330,1,985
501180,1,985
1098170,1,985
589590,1,985
6900,1,985
809200,1,985
987020,1,985
564010,1,985
251870,1,985
2307220,1,985
3059300,1,985
2020520,1,985
3017140,1,985
1424300,1,985
338710,1,985
704360,1,985
2971610,1,985
2992500,1,985
1341160,1,985
588040,1,985
1557480,1,985
702310,1,985
3340810,1,985
680930,1,985
879000,1,985
3426800,1,985
2099800,1,985
2796550,1,985
462930,1,985
349950,1,985
973170,1,985
1521970,1,985
1428870,1,985
2196490,1,985
3453320,1,985
2956280,1,985
962370,1,985
1549750,1,985
670450,1,985
704030,1,985
1315020,1,985
338170,1,985
2492390,1,985
1004770,1,985
3400650,1,985
1041840,1,985
834380,1,985
2200,1,985
760490,1,985
396710,1,985
508680,1,985
3384870,1,985
355410,1,985
401490,1,985
1048580,1,985
867180,1,985
302570,1,985
1519590,1,985
1037010,1,985
281920,1,985
666570,1,985
2593850,1,985
701940,1,985
17120,1,985
1367300,1,985
734870,1,985
2493220,1,985
1910130,1,985
760460,1,985
714130,1,985
2622470,1,985
745310,1,985
552780,1,985
2714490,1,985
872560,1,985
2368080,1,985
2879570,1,985
2633500,1,985
1067900,1,985
2814340,1,985
1584940,1,985
1116540,1,985
270010,1,985
3141890,1,985
3050220,1,985
1431570,1,985
1618290,1,985
1049880,1,985
929200,1,985
909430,1,985
1474100,1,985
1117990,1,985
2633170,1,985
2299740,1,985
1108620,1,985
312610,1,985
953340,1,985
1588870,1,985
1224120,1,985
691730,1,985
2823890,1,985
517810,1,985
522130,1,985
418040,1,985
2078450,1,985
489350,1,985
2293900,1,985
469990,1,985
1682060,1,985
1880330,1,985
381770,1,985
389250,1,985
1639790,1,985
3101800,1,985
702050,1,985
1689640,1,985
1943710,1,985
1300920,1,985
3166930,1,985
2597260,1,985
1973790,1,985
1384320,1,985
1110050,1,985
797310,1,985
3107350,1,985
2735950,1,985
1346070,1,985
1223870,1,985
3269960,1,985
2141300,1,985
1334730,1,985
286200,1,985
1230800,1,985
393220,1,985
1131920,1,985
315810,1,985
826930,1,985
481870,1,985
526920,1,985
259550,1,985
954270,1,985
389050,1,985
3224910,1,985
729050,1,985
1791700,1,985
488440,1,985
1802270,1,985
792120,1,985
1975580,1,985
1200730,1,985
1658830,1,985
297080,1,985
1056490,1,985
1055540,1,985
1831980,1,985
2796180,1,985
94300,1,985
2126680,1,985
2248120,1,985
2121100,1,985
885150,1,985
1140630,1,985
2839600,1,985
400430,1,985
1498130,1,985
650820,1,985
760810,1,985
273280,1,985
1746930,1,985
772430,1,985
560970,1,985
344340,1,985
222420,1,985
2304990,1,985
3340480,1,985
3464510,1,985
1864950,1,985
591750,1,985
2322520,1,985
687320,1,985
365080,1,985
586620,1,985
249550,1,985
289500,1,985
486480,1,985
1445440,1,985
1240340,1,985
767420,1,985
513420,1,985
2060160,1,985
359940,1,985
1969310,1,985
355190,1,985
1879640,1,985
3291310,1,985
1538730,1,985
1100410,1,985
3547790,1,985
318600,1,985
1309610,1,985
1076750,1,985
3250980,1,985
929490,1,985
3301340,1,985
3066570,1,985
752550,1,985
540840,1,985
9180,1,985
2118850,1,985
946700,1,985
264080,1,985
3452330,1,985
661130,1,985
366670,1,985
2586640,1,985
1427920,1,985
781130,1,985
773630,1,985
936980,1,985
2382250,1,985
3455450,1,985
2430450,1,985
508540,1,985
2741670,1,985
421040,1,985
364420,1,985
944110,1,985
1769780,1,985
2502760,1,985
850000,1,985
281450,1,985
2727650,1,985
2286780,1,985
2772820,1,985
3048280,1,985
938870,1,985
2142710,1,985
568500,1,985
1040430,1,985
2061430,1,985
2306590,1,985
2149290,1,985
2159210,1,985
363510,1,985
2020480,1,985
2072840,1,985
2383530,1,985
486380,1,985
347950,1,985
405590,1,985
2953560,1,985
1146950,1,985
353240,1,985
1960920,1,985
422630,1,985
1450650,1,985
2952120,1,985
1538570,1,985
1273480,1,985
1620,1,985
581200,1,985
2075740,1,985
872680,1,985
1299060,1,985
1126260,1,985
978970,1,985
289200,1,985
435200,1,985
1108590,1,985
808360,1,985
884530,1,985
1034370,1,985
1795570,1,985
468170,1,985
832440,1,985
520520,1,985
412520,1,985
1978150,1,985
3085770,1,985
2160000,1,985
3132850,1,985
2602770,1,985
384680,1,985
407320,1,985
1975120,1,985
1290750,1,985
3392510,1,985
424590,1,985
1959960,1,985
876180,1,985
354770,1,985
913060,1,985
869870,1,985
695630,1,985
655740,1,985
982220,1,985
1014280,1,985
894940,1,985
879420,1,985
1844240,1,985
747200,1,985
2963230,1,985
493770,1,985
1038440,1,985
784110,1,985
1096590,1,985
1104930,1,985
3393750,1,985
1081730,1,985
376240,1,985
722960,1,985
2158860,1,985
1719660,1,985
1137770,1,985
788470,1,985
1096520,1,985
855550,1,985
2091250,1,985
823310,1,985
1190150,1,985
788200,1,985
2700780,1,985
1183030,1,985
2415240,1,985
1484800,1,985
3009460,1,985
2461050,1,985
1139160,1,985
872990,1,985
3194140,1,985
979640,1,985
2020530,1,985
623080,1,985
2185180,1,985
1861610,1,985
1004240,1,985
2380360,1,985
1520840,1,985
966590,1,985
651970,1,985
2304680,1,985
994500,1,985
406110,1,985
396690,1,985
263180,1,985
1826570,1,985
1861490,1,985
684940,1,985
450020,1,985
733520,1,985
821790,1,985
3438040,1,985
3290170,1,985
1811500,1,985
2903560,1,985
2932040,1,985
2379910,1,985
462620,1,985
2710970,1,985
1140130,1,985
400790,1,985
1092630,1,985
525140,1,985
564340,1,985
1124950,1,985
974150,1,985
514460,1,985
688630,1,985
2372330,1,985
539400,1,985
2676840,1,985
3349850,1,985
1738610,1,985
1945310,1,985
596140,1,985
3145640,1,985
1802720,1,985
265240,1,985
2416650,1,985
843720,1,985
1623930,1,985
508980,1,985
2246300,1,985
405460,1,985
1435310,1,985
1823950,1,985
916320,1,985
737870,1,985
821770,1,985
1299400,1,985
1421390,1,985
388620,1,985
1836030,1,985
2965660,1,985
2238180,1,985
1453140,1,985
417480,1,985
2491360,1,985
347980,1,985
2526310,1,985
3030580,1,985
3163060,1,985
245430,1,985
881990,1,985
362400,1,985
880990,1,985
2696520,1,985
17100,1,985
1307570,1,985
2701700,1,985
448670,1,985
302130,1,985
263800,1,985
300510,1,985
356270,1,985
2344820,1,985
1822550,1,985
965760,1,985
1483610,1,985
1498600,1,985
2022850,1,985
543380,1,985
1903560,1,985
1866630,1,985
402160,1,985
378570,1,985
409000,1,985
1401170,1,985
3462260,1,985
1686520,1,985
1099550,1,985
977340,1,985
2580020,1,985
2595880,1,985
2628420,1,985
1309480,1,985
1721870,1,985
910320,1,985
301460,1,985
876290,1,985
881730,1,985
748880,1,985
1581040,1,985
324520,1,985
433840,1,985
1958270,1,985
705240,1,985
550810,1,985
731760,1,985
635430,1,985
864510,1,985
1993180,1,985
3425890,1,985
1532250,1,985
1641270,1,985
980090,1,985
2539520,1,985
1956430,1,985
3250970,1,985
619310,1,985
997560,1,985
3693550,1,985
2523910,1,985
2521180,1,985
1896390,1,985
1691280,1,985
1302860,1,985
2364560,1,985
573550,1,985
2093610,1,985
447850,1,985
3096550,1,985
299020,1,985
652150,1,985
2351420,1,985
2562400,1,985
577320,1,985
2567490,1,985
659540,1,985
658800,1,985
468180,1,985
756090,1,985
1519890,1,985
535660,1,985
2229160,1,985
3188550,1,985
668610,1,985
740270,1,985
2108950,1,985
305920,1,985
826600,1,985
364410,1,985
2397420,1,985
1600230,1,985
384030,1,985
455950,1,985
2758540,1,985
529500,1,985
815000,1,985
1218500,1,985
200570,1,985
1347780,1,985
863590,1,985
542270,1,985
2655960,1,985
2942700,1,985
843190,1,985
2612660,1,985
1717090,1,985
1124090,1,985
2998750,1,985
440640,1,985
1148770,1,985
1511270,1,985
1096720,1,985
993110,1,985
547900,1,985
2074890,1,985
2419630,1,985
1572380,1,985
273840,1,985
905640,1,985
540320,1,985
250600,1,985
3698690,1,985
322450,1,985
788180,1,985
978920,1,985
831450,1,985
512770,1,985
1906850,1,985
422500,1,985
3263340,1,985
485760,1,985
327900,1,985
3664820,1,985
464080,1,985
2600600,1,985
11480,1,985
2314160,1,985
358390,1,985
779060,1,985
2274110,1,985
1905530,1,985
2486930,1,985
700030,1,985
2641750,1,985
265610,1,985
2653170,1,985
245410,1,985
2560050,1,985
539270,1,985
686870,1,985
91700,1,985
557180,1,985
1133730,1,985
524120,1,985
821670,1,985
932190,1,985
2532050,1,985
739190,1,985
463080,1,985
2106560,1,985
1000410,1,985
943260,1,985
1100420,1,985
734080,1,985
667160,1,985
323420,1,985
2653240,1,985
362520,1,985
728430,1,985
624690,1,985
2977620,1,985
3170410,1,985
287310,1,985
3613770,1,985
1226160,1,985
683940,1,985
1693990,1,985
3072000,1,985
1292810,1,985
2094600,1,985
1662690,1,985
764050,1,985
359420,1,985
2940490,1,985
844380,1,985
405480,1,985
2020500,1,985
2378460,1,985
1450150,1,985
2021450,1,985
269110,1,985
820520,2,838
2537920,2,838
375510,2,838
3118070,2,838
2020860,2,838
947600,2,838
1585910,2,838
776190,2,838
2161620,2,838
2283380,2,838
366290,2,838
391720,2,838
1979410,2,838
1142220,2,838
233610,2,838
1141290,2,838
1331510,2,838
940850,2,838
1127690,2,838
2339250,2,838
350460,2,838
2704140,2,838
1666520,2,838
1022310,2,838
281350,2,838
344130,2,838
657200,2,838
3537990,2,838
374540,2,838
612160,2,838
2205330,2,838
2685620,2,838
338820,2,838
2243110,2,838
1120890,2,838
939600,2,838
209690,2,838
2777270,2,838
1007730,2,838
2951770,2,838
2536490,2,838
1592290,2,838
1108190,2,838
1985960,2,838
777760,2,838
1064580,2,838
705800,2,838
2298690,2,838
3106290,2,838
654340,2,838
48900,2,838
2058730,2,838
2354000,2,838
809050,2,838
2534830,2,838
595500,2,838
2308630,2,838
302730,2,838
2173550,2,838
2975180,2,838
526490,2,838
1749630,2,838
297210,2,838
1730910,2,838
330450,2,838
420550,2,838
1058700,2,838
2449040,2,838
3195080,2,838
2413190,2,838
1386900,2,838
2157340,2,838
1592280,2,838
290890,2,838
668350,2,838
889080,2,838
1274490,2,838
2386580,2,838
400080,2,838
495890,2,838
2445480,2,838
1016610,2,838
2628570,2,838
2559270,2,838
416870,2,838
3026410,2,838
2804760,2,838
962970,2,838
2865590,2,838
1909800,2,838
781180,2,838
504770,2,838
743130,2,838
827940,2,838
1636310,2,838
957070,2,838
424200,2,838
1407180,2,838
2769070,2,838
1802980,2,838
1431230,2,838
439930,2,838
653930,2,838
1317020,2,838
289260,2,838
2855500,2,838
2873760,2,838
2205440,2,838
2529250,2,838
1319470,2,838
2616460,2,838
3388920,2,838
1424520,2,838
467370,2,838
40,2,838
215710,2,838
1764390,2,838
1590660,2,838
1390880,2,838
327090,2,838
1104330,2,838
1423200,2,838
1740050,2,838
727850,2,838
3449840,2,838
1532770,2,838
2130060,2,838
461230,2,838
1693280,2,838
2281860,2,838
2638100,2,838
342920,2,838
2013900,2,838
659920,2,838
3703180,2,838
1273100,2,838
1050280,2,838
1256380,2,838
1093800,2,838
3435860,2,838
274980,2,838
820600,2,838
1821570,2,838
1383960,2,838
681780,2,838
2985610,2,838
1661240,2,838
1997660,2,838
2151580,2,838
616560,2,838
1549030,2,838
317600,2,838
2009860,2,838
672630,2,838
269370,2,838
235620,2,838
930500,2,838
403120,2,838
2304620,2,838
1467920,2,838
542820,2,838
580950,2,838
287900,2,838
1379630,2,838
377260,2,838
811320,2,838
2990510,2,838
875670,2,838
2331070,2,838
545040,2,838
346850,2,838
1545990,2,838
3364880,2,838
2616450,2,838
214630,2,838
1996630,2,838
2598020,2,838
735060,2,838
223830,2,838
2830720,2,838
517910,2,838
253530,2,838
967940,2,838
2523120,2,838
346810,2,838
1660910,2,838
853450,2,838
266510,2,838
485230,2,838
1968630,2,838
578850,2,838
1122490,2,838
1291790,2,838
417380,2,838
7800,2,838
2009810,2,838
3099000,2,838
2100150,2,838
1527890,2,838
673430,2,838
462940,2,838
725480,2,838
436810,2,838
732160,2,838
324680,2,838
266010,2,838
1028590,2,838
3191720,2,838
770500,2,838
583950,2,838
980940,2,838
3288270,2,838
467090,2,838
1123300,2,838
2398660,2,838
544390,2,838
1065020,2,838
3306030,2,838
450390,2,838
518150,2,838
336200,2,838
570540,2,838
353850,2,838
798810,2,838
2622440,2,838
1527290,2,838
700820,2,838
55140,2,838
1383570,2,838
2571030,2,838
994040,2,838
3062050,2,838
288080,2,838
3100110,2,838
838410,2,838
2898460,2,838
1660370,2,838
1570070,2,838
285740,2,838
2776020,2,838
474050,2,838
226700,2,838
2810880,2,838
982270,2,838
652130,2,838
65600,2,838
1035850,2,838
511350,2,838
931040,2,838
931650,2,838
2273550,2,838
414760,2,838
2734450,2,838
491700,2,838
1264880,2,838
2214790,2,838
436860,2,838
2472840,2,838
3013260,2,838
418190,2,838
1222580,2,838
360,2,838
310360,2,838
673600,2,838
862110,2,838
3075690,2,838
348730,2,838
2088670,2,838
2456940,2,838
2212110,2,838
814530,2,838
261160,2,838
1146600,2,838
1516820,2,838
2838510,2,838
810700,2,838
878250,2,838
3389240,2,838
1203400,2,838
1243670,2,838
1092960,2,838
1419330,2,838
891100,2,838
893050,2,838
1569090,2,838
584780,2,838
994140,2,838
1034940,2,838
2593870,2,838
380360,2,838
3280460,2,838
2767950,2,838
907090,2,838
3464890,2,838
661490,2,838
387130,2,838
908360,2,838
999200,2,838
1866180,2,838
1079970,2,838
2543650,2,838
814740,2,838
459830,2,838
2831340,2,838
1305300,2,838
606680,2,838
1641990,2,838
1873750,2,838
626730,2,838
2297070,2,838
1919460,2,838
2401730,2,838
2882400,2,838
821570,2,838
1475460,2,838
2531520,2,838
840800,2,838
1492420,2,838
1766430,2,838
914690,2,838
604010,2,838
1322540,2,838
1099530,2,838
755520,2,838
276870,2,838
1413370,2,838
2891120,2,838
1568940,2,838
764690,2,838
387970,2,838
310510,2,838
539460,2,838
296050,2,838
1729140,2,838
1658290,2,838
2999030,2,838
2054740,2,838
1955340,2,838
823830,2,838
1213230,2,838
92100,2,838
1585570,2,838
1480120,2,838
3555700,2,838
775690,2,838
328070,2,838
2739830,2,838
2318310,2,838
360530,2,838
3289470,2,838
2378910,2,838
2453060,2,838
714070,2,838
1857080,2,838
1022840,2,838
321620,2,838
586790,2,838
2790330,2,838
2216770,2,838
576430,2,838
2404130,2,838
915460,2,838
868150,2,838
878380,2,838
1732180,2,838
2730530,2,838
686300,2,838
634700,2,838
1040070,2,838
488160,2,838
287920,2,838
1482380,2,838
844760,2,838
1519490,2,838
693700,2,838
1806840,2,838
862370,2,838
942460,2,838
1432320,2,838
435440,2,838
1919600,2,838
1045580,2,838
2106910,2,838
2470980,2,838
286240,2,838
448830,2,838
210770,2,838
898120,2,838
3409750,2,838
60,2,838
2947640,2,838
1930340,2,838
2670770,2,838
2365660,2,838
2019300,2,838
665510,2,838
432470,2,838
768520,2,838
2056340,2,838
407900,2,838
2720280,2,838
60600,2,838
779570,2,838
2230170,2,838
2954260,2,838
573790,2,838
1444520,2,838
2251070,2,838
543160,2,838
2631870,2,838
2119150,2,838
1700,2,838
3084590,2,838
1531490,2,838
392330,2,838
959030,2,838
1238680,2,838
739260,2,838
1618380,2,838
1534200,2,838
991810,2,838
2994150,2,838
1269260,2,838
2002220,2,838
3101160,2,838
1428420,2,838
458820,2,838
396650,2,838
932450,2,838
2779430,2,838
1889740,2,838
1357870,2,838
3336960,2,838
2126290,2,838
1098100,2,838
792650,2,838
2505020,2,838
1112790,2,838
2661160,2,838
556050,2,838
949060,2,838
2147950,2,838
1208520,2,838
2265120,2,838
721890,2,838
587310,2,838
993620,2,838
3157850,2,838
558650,2,838
1813430,2,838
550390,2,838
490910,2,838
2994990,2,838
404030,2,838
909570,2,838
2387380,2,838
595430,2,838
1254320,2,838
575680,2,838
1015080,2,838
306260,2,838
553110,2,838
1541020,2,838
901000,2,838
810800,2,838
793150,2,838
616650,2,838
1638340,2,838
1671350,2,838
990160,2,838
1103770,2,838
1371660,2,838
1510,2,838
260730,2,838
1477950,2,838
1579100,2,838
3448280,2,838
914950,2,838
912910,2,838
1706860,2,838
2608350,2,838
2198070,2,838
535480,2,838
468050,2,838
816270,2,838
1573590,2,838
778560,2,838
2884070,2,838
2497920,2,838
603690,2,838
866400,2,838
680830,2,838
64000,2,838
2152740,2,838
330590,2,838
704760,2,838
785890,2,838
434520,2,838
666960,2,838
2456350,2,838
1252680,2,838
1000440,2,838
2007530,2,838
1955230,2,838
972430,2,838
950670,2,838
2211730,2,838
1528220,2,838
3233950,2,838
1182370,2,838
1734680,2,838
1121910,2,838
27940,2,838
389270,2,838
2506480,2,838
689980,2,838
109200,2,838
3572580,2,838
1610440,2,838
279110,2,838
283160,2,838
1065460,2,838
413350,2,838
1901200,2,838
550340,2,838
259780,2,838
2170920,2,838
404760,2,838
1972050,2,838
918430,2,838
1150460,2,838
3705820,2,838
1048100,2,838
546240,2,838
555450,2,838
1331090,2,838
554700,2,838
570060,2,838
2590250,2,838
501050,2,838
390870,2,838
645420,2,838
595560,2,838
1909270,2,838
2620240,2,838
373560,2,838
2960870,2,838
2635350,2,838
1393570,2,838
1356810,2,838
910540,2,838
326990,2,838
454130,2,838
2332260,2,838
1307970,2,838
1043380,2,838
688020,2,838
2467790,2,838
1258480,2,838
1766790,2,838
1370410,2,838
562520,2,838
577480,2,838
438820,2,838
3068320,2,838
1761270,2,838
1044640,2,838
411610,2,838
680980,2,838
461620,2,838
1998660,2,838
872750,2,838
270170,2,838
24880,2,838
1380310,2,838
9760,2,838
1281800,2,838
813290,2,838
3011030,2,838
974600,2,838
1285080,2,838
2185030,2,838
1407860,2,838
252110,2,838
262590,2,838
709780,2,838
914320,2,838
2108180,2,838
724470,2,838
524650,2,838
248970,2,838
590870,2,838
3142400,2,838
1859290,2,838
3111510,2,838
1810960,2,838
1359980,2,838
2246880,2,838
863470,2,838
1725950,2,838
966420,2,838
344500,2,838
581980,2,838
1535060,2,838
761600,2,838
551570,2,838
343690,2,838
486860,2,838
446240,2,838
2358220,2,838
745710,2,838
985070,2,838
3216200,2,838
1620540,2,838
1058650,2,838
754150,2,838
1684820,2,838
776890,2,838
659460,2,838
1273520,2,838
2572300,2,838
1671420,2,838
1516240,2,838
2084940,2,838
2318430,2,838
340,2,838
1192900,2,838
440310,2,838
821250,2,838
2017080,2,838
2525520,2,838
1998980,2,838
2391740,2,838
868510,2,838
3630390,2,838
612470,2,838
3122150,2,838
288140,2,838
1151130,2,838
1362560,2,838
434260,2,838
1638300,2,838
489570,2,838
1169490,2,838
2076260,2,838
235250,2,838
860990,2,838
2850190,2,838
893690,2,838
2258510,2,838
3054490,2,838
388160,2,838
337450,2,838
354680,2,838
2056880,2,838
305260,2,838
1107620,2,838
487380,2,838
629240,2,838
961640,2,838
810640,2,838
354900,2,838
992910,2,838
3070830,2,838
3064160,2,838
1241910,2,838
2449450,2,838
2506160,2,838
802040,2,838
1491440,2,838
398970,2,838
410890,2,838
440520,2,838
3377770,2,838
433910,2,838
433730,2,838
3504670,2,838
556860,2,838
2289970,2,838
1123870,2,838
449710,2,838
2631210,2,838
1540,2,838
2021480,2,838
2686970,2,838
704510,2,838
1162670,2,838
889060,2,838
953880,2,838
352680,2,838
373870,2,838
2300370,2,838
543430,2,838
868020,2,838
2229260,2,838
1868410,2,838
1529350,2,838
353020,2,838
1725860,2,838
1071350,2,838
2198940,2,838
324070,2,838
848500,2,838
2638180,2,838
732050,2,838
818520,2,838
1412190,2,838
3168260,2,838
2827610,2,838
2109510,2,838
691770,2,838
893870,2,838
2084660,2,838
2406410,2,838
459880,2,838
569430,2,838
752050,2,838
514830,2,838
960980,2,838
1215320,2,838
1333900,2,838
2782530,2,838
762980,2,838
576260,2,838
2616430,2,838
2953830,2,838
1720560,2,838
1289340,2,838
410390,2,838
286360,2,838
338130,2,838
1698670,2,838
1349230,2,838
1628390,2,838
2101890,2,838
1401340,2,838
2454420,2,838
282400,2,838
402150,2,838
742010,2,838
1036200,2,838
442660,2,838
863500,2,838
3075800,2,838
1394270,2,838
314970,2,838
846140,2,838
1941110,2,838
686900,2,838
1722570,2,838
1531610,2,838
852590,2,838
1098250,2,838
1442360,2,838
1946700,2,838
1332470,2,838
2012390,2,838
3060850,2,838
824070,2,838
1842610,2,838
730430,2,838
564050,2,838
631540,2,838
858090,2,838
1618540,2,838
383740,2,838
2691470,2,838
352520,2,838
1757490,2,838
348300,2,838
451900,2,838
1070240,2,838
1477130,2,838
1250870,2,838
1782670,2,838
355980,2,838
1379870,2,838
270370,2,838
2300160,2,838
1268360,2,838
1609730,2,838
1807330,2,838
1909390,2,838
275570,2,838
2227130,2,838
1724770,2,838
1953540,2,838
449520,2,838
3313700,2,838
2333720,2,838
348160,2,838
241700,2,838
512410,2,838
554530,2,838
630,2,838
661970,2,838
980600,2,838
1130410,2,838
2296550,2,838
378360,2,838
385820,2,838
2091130,2,838
3160290,2,838
1770050,2,838
2775910,2,838
314420,2,838
294190,2,838
27930,2,838
342570,2,838
2242760,2,838
767020,2,838
2123640,2,838
531890,2,838
841980,2,838
2521630,2,838
1281080,2,838
1057850,2,838
280,2,838
1236990,2,838
102500,2,838
360940,2,838
2745790,2,838
1989560,2,838
862570,2,838
435400,2,838
924140,2,838
939990,2,838
743670,2,838
2147380,2,838
1051690,2,838
983380,2,838
1877020,2,838
445720,2,838
667610,2,838
999860,2,838
947300,2,838
1511460,2,838
913280,2,838
308140,3,530
1261090,3,530
1571820,3,530
1612620,3,530
1383270,3,530
1642220,3,530
1181830,3,530
2324650,3,530
3391260,3,530
2211280,3,530
2442390,3,530
342510,3,530
2996270,3,530
780150,3,530
2897560,3,530
3093590,3,530
2479320,3,530
703320,3,530
852970,3,530
33320,3,530
293980,3,530
1271190,3,530
2182420,3,530
325430,3,530
384200,3,530
259940,3,530
1925010,3,530
968250,3,530
527100,3,530
599600,3,530
233070,3,530
521560,3,530
302060,3,530
248370,3,530
339030,3,530
219780,3,530
325040,3,530
392080,3,530
1634950,3,530
1026990,3,530
434050,3,530
3048500,3,530
8400,3,530
1214520,3,530
2166470,3,530
3543720,3,530
374360,3,530
227600,3,530
2004080,3,530
875110,3,530
305800,3,530
316410,3,530
313500,3,530
624120,3,530
764370,3,530
1715460,3,530
1424270,3,530
211160,3,530
2285650,3,530
3058790,3,530
2389570,3,530
708340,3,530
1904820,3,530
238910,3,530
246580,3,530
1545290,3,530
3198680,3,530
3122900,3,530
568090,3,530
1240480,3,530
3235040,3,530
704910,3,530
1045520,3,530
264690,3,530
1836450,3,530
2604480,3,530
770090,3,530
664180,3,530
2425150,3,530
884180,3,530
245950,3,530
1846170,3,530
754310,3,530
1454580,3,530
2354600,3,530
2185870,3,530
2261050,3,530
1390740,3,530
3126470,3,530
1961520,3,530
1803550,3,530
355640,3,530
808420,3,530
872820,3,530
2818480,3,530
785480,3,530
368390,3,530
3265880,3,530
3165140,3,530
1237220,3,530
243360,3,530
575590,3,530
7650,3,530
2459180,3,530
2720,3,530
460810,3,530
1371090,3,530
492870,3,530
1815430,3,530
2404900,3,530
1051850,3,530
644540,3,530
470140,3,530
611300,3,530
853780,3,530
386480,3,530
3477660,3,530
380570,3,530
484930,3,530
3350900,3,530
212010,3,530
3010460,3,530
1114380,3,530
3331320,3,530
430170,3,530
510420,3,530
245970,3,530
1236770,3,530
359040,3,530
391420,3,530
312840,3,530
1957990,3,530
1304510,3,530
393190,3,530
349680,3,530
1259560,3,530
2321860,3,530
1309200,3,530
3096270,3,530
3210820,3,530
322110,3,530
2389670,3,530
40400,3,530
2753620,3,530
1527980,3,530
1205950,3,530
2448980,3,530
1572920,3,530
267490,3,530
3172390,3,530
2321290,3,530
578890,3,530
80980,3,530
2055290,3,530
1149940,3,530
258760,3,530
1239050,3,530
3091340,3,530
908100,3,530
385730,3,530
1240730,3,530
98400,3,530
489110,3,530
655730,3,530
260230,3,530
2140570,3,530
2361390,3,530
1107230,3,530
1885110,3,530
2104750,3,530
382200,3,530
500260,3,530
3260620,3,530
1769420,3,530
1147510,3,530
1390190,3,530
1489380,3,530
2905970,3,530
3325970,3,530
793690,3,530
1341280,3,530
1546570,3,530
347620,3,530
1257410,3,530
9310,3,530
1775270,3,530
320570,3,530
1073390,3,530
1997480,3,530
1111460,3,530
2095450,3,530
696370,3,530
1816570,3,530
1215280,3,530
2936150,3,530
232010,3,530
454720,3,530
2320130,3,530
450090,3,530
2887910,3,530
886300,3,530
703700,3,530
2108600,3,530
2198830,3,530
2285890,3,530
3064950,3,530
2558700,3,530
2976400,3,530
449320,3,530
15200,3,530
357890,3,530
2607060,3,530
1984610,3,530
1485590,3,530
1584040,3,530
366000,3,530
4720,3,530
854030,3,530
1190130,3,530
2553710,3,530
852440,3,530
961660,3,530
2556990,3,530
758530,3,530
1997460,3,530
674520,3,530
382490,3,530
1642580,3,530
567320,3,530
1081540,3,530
2971900,3,530
748040,3,530
1119970,3,530
1398070,3,530
2688570,3,530
486720,3,530
713230,3,530
813540,3,530
2827810,3,530
2061150,3,530
1683950,3,530
15120,3,530
308010,3,530
1867510,3,530
1112400,3,530
2135690,3,530
1814630,3,530
202530,3,530
1935660,3,530
1763110,3,530
815780,3,530
3317770,3,530
3343590,3,530
549160,3,530
546390,3,530
1485140,3,530
549240,3,530
1571440,3,530
1520500,3,530
3134570,3,530
692790,3,530
345020,3,530
2441170,3,530
1048290,3,530
591930,3,530
1985690,3,530
601540,3,530
2162780,3,530
317150,3,530
1044210,3,530
3164640,3,530
2651530,3,530
2141320,3,530
1510470,3,530
408990,3,530
1281510,3,530
2909680,3,530
787790,3,530
3131610,3,530
596380,3,530
2197890,3,530
1500470,3,530
1005460,3,530
2696320,3,530
1434540,3,530
730870,3,530
3209620,3,530
1386950,3,530
827410,3,530
256290,3,530
1702120,3,530
584940,3,530
655600,3,530
2230280,3,530
3371240,3,530
2971440,3,530
529240,3,530
2232600,3,530
1421750,3,530
370240,3,530
214170,3,530
2564070,3,530
1818940,3,530
377290,3,530
1067720,3,530
2393810,3,530
429540,3,530
2739980,3,530
600120,3,530
584890,3,530
1148730,3,530
310450,3,530
1486440,3,530
1609870,3,530
2651570,3,530
1352540,3,530
4770,3,530
2605780,3,530
1302000,3,530
3062380,3,530
578470,3,530
324510,3,530
1740930,3,530
1848520,3,530
421780,3,530
802200,3,530
383100,3,530
1307870,3,530
1528540,3,530
1248980,3,530
761170,3,530
3335120,3,530
789660,3,530
3479710,3,530
2073220,3,530
2022670,3,530
2373460,3,530
1636550,3,530
1536080,3,530
373360,3,530
696580,3,530
2902000,3,530
760410,3,530
3498390,3,530
1837480,3,530
1875310,3,530
1078730,3,530
1777390,3,530
1106140,3,530
317910,3,530
3155430,3,530
663270,3,530
12510,3,530
1210380,3,530
2334130,3,530
1137460,3,530
2275020,3,530
1266690,3,530
564040,3,530
219760,3,530
618570,3,530
1836420,3,530
994930,3,530
768450,3,530
304140,3,530
2860450,3,530
1920770,3,530
354820,3,530
1241520,3,530
2286790,3,530
251450,3,530
2499520,3,530
921740,3,530
982300,3,530
554310,3,530
1017480,3,530
398250,3,530
1516750,3,530
224160,3,530
611830,3,530
2067790,3,530
1542280,3,530
1011760,3,530
2300230,3,530
1279600,3,530
2330870,3,530
3269890,3,530
2103940,3,530
252870,3,530
393270,3,530
2497110,3,530
2373630,3,530
2737300,3,530
2027920,3,530
1836100,3,530
1068520,3,530
1933740,3,530
760010,3,530
891220,3,530
906110,3,530
1697460,3,530
2118810,3,530
712180,3,530
668010,3,530
1976150,3,530
1712840,3,530
1621680,3,530
38210,3,530
1400870,3,530
1131080,3,530
3121490,3,530
2496920,3,530
2153610,3,530
335000,3,530
1599880,3,530
1473060,3,530
3515950,3,530
292320,3,530
1117090,3,530
603360,3,530
408250,3,530
504750,3,530
3049460,3,530
3017650,3,530
220820,3,530
2274430,3,530
956240,3,530
1610900,3,530
319880,3,530
425960,3,530
468700,3,530
2245700,3,530
671900,3,530
3498580,3,530
45100,3,530
352200,3,530
958720,3,530
796860,3,530
412230,3,530
1393500,3,530
329830,3,530
1945760,3,530
656700,3,530
1465510,3,530
259980,3,530
1088960,3,530
3508140,3,530
289180,3,530
730840,3,530
99300,3,530
2878410,3,530
1269060,3,530
455200,3,530
1100990,3,530
3220170,3,530
1342740,3,530
2064810,3,530
985930,3,530
761910,3,530
1789490,3,530
2512560,3,530
1214410,3,530
1536070,3,530
15390,3,530
619610,3,530
2176900,3,530
433170,3,530
2706370,3,530
270790,3,530
1903910,3,530
248470,3,530
604240,3,530
282620,3,530
793670,3,530
921970,3,530
1378290,3,530
2275560,3,530
425060,3,530
2026870,3,530
441790,3,530
1939940,3,530
2638370,3,530
1871580,3,530
357440,3,530
2215260,3,530
2824590,3,530
1504570,3,530
1173590,3,530
1538460,3,530
377880,3,530
838270,3,530
2597460,3,530
33460,3,530
3356720,3,530
1512720,3,530
476530,3,530
842270,3,530
2001070,3,530
1221080,3,530
2654860,3,530
2444350,3,530
1713190,3,530
1322420,3,530
2201760,3,530
1664060,3,530
2308360,3,530
1285560,3,530
434430,3,530
1508660,3,530
898800,3,530
1888660,3,530
735580,3,530
1508670,3,530
2584240,3,530
319140,3,530
3401490,3,530
1771180,3,530
461430,3,530
2012840,3,530
996090,3,530
273350,3,530
1765950,3,530
1170880,3,530
2907010,3,530
1048560,3,530
309940,3,530
584640,3,530
2651460,3,530
2053580,3,530
604470,3,530
1362430,4,396
3126730,4,396
356420,4,396
1044750,4,396
923970,4,396
2158500,4,396
1274300,4,396
2644010,4,396
942050,4,396
2528140,4,396
2933990,4,396
336730,4,396
2055050,4,396
1207310,4,396
965920,4,396
2857560,4,396
220780,4,396
1511670,4,396
2200580,4,396
2833080,4,396
1684930,4,396
1892640,4,396
1728680,4,396
1529710,4,396
2622750,4,396
2800,4,396
1186580,4,396
2377970,4,396
1416050,4,396
660880,4,396
2230820,4,396
2930120,4,396
268990,4,396
1261760,4,396
292720,4,396
1892910,4,396
3145320,4,396
435030,4,396
1290880,4,396
737980,4,396
938520,4,396
55040,4,396
2410260,4,396
2406000,4,396
3021230,4,396
1348300,4,396
1728690,4,396
2626530,4,396
699700,4,396
2403320,4,396
703510,4,396
1469160,4,396
45400,4,396
1631210,4,396
673820,4,396
3633150,4,396
476540,4,396
1889620,4,396
3497130,4,396
1516490,4,396
1646120,4,396
1184760,4,396
235920,4,396
2004320,4,396
2507400,4,396
544700,4,396
2731230,4,396
2059790,4,396
3569920,4,396
1381440,4,396
1483570,4,396
221020,4,396
3109050,4,396
463060,4,396
1222210,4,396
1839880,4,396
1766720,4,396
509220,4,396
2174600,4,396
609940,4,396
3080240,4,396
765640,4,396
3413590,4,396
2410180,4,396
3018410,4,396
797560,4,396
2679860,4,396
572760,4,396
3278760,4,396
2622740,4,396
467960,4,396
1044050,4,396
3173050,4,396
3365740,4,396
1946300,4,396
877850,4,396
722920,4,396
205910,4,396
1554790,4,396
1078920,4,396
3357250,4,396
569350,4,396
3513550,4,396
835690,4,396
2837600,4,396
351090,4,396
1388870,4,396
2610,4,396
2546970,4,396
1072480,4,396
458520,4,396
364690,4,396
1507220,4,396
335430,4,396
742500,4,396
549780,4,396
406350,4,396
444490,4,396
2686900,4,396
1161270,4,396
1279410,4,396
2313250,4,396
1186290,4,396
3001070,4,396
1026820,4,396
15900,4,396
1986010,4,396
345440,4,396
591790,4,396
1384770,4,396
3511120,4,396
814680,4,396
776320,4,396
2811100,4,396
2529170,4,396
377450,4,396
1285020,4,396
664850,4,396
440790,4,396
878150,4,396
578430,4,396
839330,4,396
1754460,4,396
1005450,4,396
2594290,4,396
831100,4,396
2050680,4,396
389460,4,396
1269300,4,396
405680,4,396
2961460,4,396
3247500,4,396
1510620,4,396
458230,4,396
2678990,4,396
846700,4,396
1882500,4,396
505170,4,396
1678180,4,396
2552850,4,396
275830,4,396
733550,4,396
2551170,4,396
354240,4,396
1422290,4,396
392970,4,396
344860,4,396
618630,4,396
3137520,4,396
585910,4,396
3435260,4,396
2318830,4,396
711600,4,396
1552080,4,396
1916340,4,396
2571780,4,396
2960770,4,396
2162820,4,396
1301480,4,396
738610,4,396
1545820,4,396
320970,4,396
3156240,4,396
2380090,4,396
1253880,4,396
389510,4,396
488310,4,396
1576240,4,396
2281360,4,396
945100,4,396
2735620,4,396
2511770,4,396
201310,4,396
32120,4,396
511390,4,396
2051420,4,396
850020,4,396
208620,4,396
1422780,4,396
445210,4,396
773310,4,396
2262970,4,396
3070500,4,396
3489670,4,396
2363590,4,396
1437120,4,396
634160,4,396
1307270,4,396
1661130,4,396
500440,4,396
1114650,4,396
598960,4,396
2809790,4,396
768540,4,396
932850,4,396
386460,4,396
1422610,4,396
1212100,4,396
326220,4,396
392950,4,396
3040390,4,396
595280,4,396
439250,4,396
3453980,4,396
1197570,4,396
3217090,4,396
2479720,4,396
340360,4,396
619910,4,396
383690,4,396
433000,4,396
762190,4,396
1394130,4,396
2751050,4,396
2161020,4,396
1964360,4,396
1188990,4,396
1005900,4,396
664820,4,396
34900,4,396
367580,4,396
1019940,4,396
2095080,4,396
719080,4,396
705150,4,396
1036660,4,396
420740,4,396
3408620,4,396
469890,4,396
1371750,4,396
2279600,4,396
448560,4,396
2153050,4,396
1176050,4,396
431710,4,396
277680,4,396
204440,4,396
630830,4,396
2731640,4,396
223000,4,396
2941660,4,396
2343600,4,396
977230,4,396
3195160,4,396
646330,4,396
950740,4,396
2185880,4,396
954510,4,396
1058980,4,396
2599300,4,396
3402140,4,396
921960,4,396
2058200,4,396
462960,4,396
2543760,4,396
1075370,4,396
3052300,4,396
212030,4,396
1791120,4,396
1687550,4,396
3317110,4,396
270230,4,396
3343330,4,396
1424980,4,396
2242100,4,396
3246900,4,396
441050,4,396
3604550,4,396
2342920,4,396
1085150,4,396
863730,4,396
3014520,4,396
1858400,4,396
3021630,4,396
2809040,4,396
950860,4,396
1864580,4,396
589730,4,396
388450,4,396
1949300,4,396
953330,4,396
368770,4,396
3156590,4,396
2655580,4,396
3153360,4,396
1743710,4,396
540610,4,396
440660,4,396
412760,4,396
1863290,4,396
2118370,4,396
400630,4,396
3399400,4,396
3015610,4,396
405290,4,396
2076220,4,396
425100,4,396
856060,4,396
749700,4,396
915200,4,396
2055220,4,396
3001970,4,396
1577420,4,396
338060,4,396
2337140,4,396
409280,4,396
1383720,4,396
2964540,4,396
275810,4,396
1216200,4,396
921780,4,396
483330,4,396
1218920,4,396
1002600,4,396
1789650,4,396
968320,4,396
515230,4,396
1507410,4,396
379960,4,396
2810070,4,396
2370730,4,396
485380,4,396
1437400,4,396
2729360,4,396
3221750,4,396
849980,4,396
990260,4,396
709470,4,396
2608050,4,396
2178070,4,396
611160,4,396
279420,4,396
1210010,4,396
1448780,4,396
15970,4,396
1047020,4,396
1840660,4,396
3408110,4,396
2841640,4,396
301260,4,396
941460,4,396
60340,4,396
599750,4,396
2845630,4,396
317820,4,396
448690,4,396
434530,4,396
564480,4,396
1427800,4,396
3383440,4,396
3517160,4,396
602920,4,396
867380,4,396
32110,4,396
1320550,4,396
41300,4,396
282680,4,396
721080,4,396
818150,4,396
3014150,4,396
353280,4,396
424250,4,396
549390,4,396
3307570,4,396
1238280,4,396
1459870,4,396
442220,4,396
1930600,4,396
372930,4,396
1714870,4,396
612280,4,396
716350,4,396
2289080,4,396
556540,4,396
2618090,4,396
396890,4,396
580540,5,319
1237340,5,319
3393620,5,319
322130,5,319
587520,5,319
615730,5,319
31830,5,319
2774190,5,319
42220,5,319
3088250,5,319
2826800,5,319
1964200,5,319
2499800,5,319
1858530,5,319
33190,5,319
233150,5,319
722730,5,319
340550,5,319
1783940,5,319
605920,5,319
2709730,5,319
385250,5,319
1203670,5,319
667220,5,319
298180,5,319
6220,5,319
660070,5,319
2240080,5,319
2903160,5,319
332260,5,319
2450110,5,319
1194740,5,319
31840,5,319
849740,5,319
1144250,5,319
315610,5,319
1566530,5,319
2132840,5,319
2774380,5,319
965680,5,319
3177210,5,319
43600,5,319
33100,5,319
899530,5,319
409670,5,319
401220,5,319
1984790,5,319
950140,5,319
2086850,5,319
1156590,5,319
339700,5,319
572710,5,319
572730,5,319
433020,5,319
1034120,5,319
1999530,5,319
221540,5,319
31880,5,319
2303740,5,319
530050,5,319
2166060,5,319
751250,5,319
1377920,5,319
3007270,5,319
966320,5,319
869120,5,319
987410,5,319
483980,5,319
1999520,5,319
2232840,5,319
1573090,5,319
359600,5,319
3388870,5,319
372510,5,319
1253870,5,319
2222540,5,319
790740,5,319
547360,5,319
1110100,5,319
658050,5,319
2155600,5,319
268870,5,319
1038450,5,319
1601280,5,319
2960320,5,319
294160,5,319
1203890,5,319
483830,5,319
1432500,5,319
2934190,5,319
486150,5,319
575970,5,319
318740,5,319
300820,5,319
359440,5,319
33120,5,319
1477020,5,319
801120,5,319
2525230,5,319
220420,5,319
8640,5,319
318950,5,319
596500,5,319
1160500,5,319
1781750,5,319
31940,5,319
2316410,5,319
4260,5,319
502230,5,319
202670,5,319
2240790,5,319
3491230,5,319
271760,5,319
31850,5,319
541230,5,319
2819750,5,319
357480,5,319
263620,5,319
2217550,5,319
572700,5,319
17580,5,319
2904320,5,319
833140,5,319
2330500,5,319
233350,5,319
2322090,5,319
31810,5,319
261180,5,319
1054370,5,319
1883090,5,319
1820170,5,319
752470,5,319
331160,5,319
1916890,5,319
2788520,5,319
42210,5,319
466910,5,319
331970,5,319
461750,5,319
728240,5,319
1269020,5,319
1104450,5,319
1201550,5,319
963710,5,319
226820,5,319
655370,5,319
3207400,5,319
372820,5,319
951530,5,319
210230,5,319
869290,5,319
2259310,5,319
947940,5,319
615780,5,319
283060,5,319
1862840,5,319
1043560,5,319
1281790,5,319
970500,5,319
340990,5,319
1192730,5,319
330620,5,319
336240,5,319
301760,5,319
3312030,5,319
278460,5,319
1590360,5,319
941160,5,319
719470,5,319
552230,5,319
360250,5,319
2355140,5,319
2193650,5,319
297860,5,319
245300,5,319
1007400,5,319
1129010,5,319
8600,5,319
533850,5,319
368180,5,319
2383120,5,319
433590,5,319
33110,5,319
330680,5,319
682370,5,319
42200,5,319
33680,5,319
1367720,5,319
2638560,5,319
1776490,5,319
530120,5,319
3177070,5,319
827860,5,319
262120,5,319
1012610,5,319
713880,5,319
642840,5,319
331750,5,319
2224920,5,319
269490,5,319
922530,5,319
389570,5,319
2585720,5,319
650700,5,319
1261180,5,319
1296360,5,319
1926590,5,319
437870,5,319
953740,5,319
2507640,5,319
718650,5,319
2450130,5,319
1574240,5,319
1716360,5,319
865060,5,319
3693350,5,319
200080,5,319
1510030,5,319
946610,5,319
384110,5,319
1090210,5,319
571340,5,319
713650,5,319
254150,5,319
316260,5,319
1851280,5,319
527310,5,319
249330,5,319
2676820,5,319
517710,5,319
792300,5,319
891180,5,319
433350,5,319
416840,5,319
2491640,5,319
31930,5,319
392000,5,319
790600,5,319
31890,5,319
1059430,5,319
1158890,5,319
2749270,5,319
303510,5,319
3311740,5,319
563290,5,319
463920,5,319
2820670,5,319
838330,5,319
3107070,5,319
516470,5,319
44660,5,319
522940,5,319
2311190,5,319
3044560,5,319
1669420,5,319
31910,5,319
2262770,5,319
2168610,5,319
11390,5,319
3140620,5,319
3062930,5,319
2021130,5,319
828150,5,319
557810,5,319
1906830,5,319
1035760,5,319
2824230,5,319
1168170,5,319
2466680,5,319
2996570,5,319
2351090,5,319
2686250,5,319
280560,5,319
551770,5,319
1674340,5,319
2994870,5,319
950100,5,319
1988630,5,319
212800,5,319
857690,5,319
2693060,5,319
706880,5,319
734490,5,319
2178370,5,319
433830,5,319
292410,5,319
661460,5,319
553310,5,319
1184810,5,319
970150,5,319
356460,5,319
1018800,5,319
2673070,5,319
2770460,5,319
3107080,5,319
453300,5,319
913740,5,319
3019160,5,319
2101250,5,319
929340,5,319
387230,5,319
1595290,5,319
733990,5,319
211010,5,319
1573970,5,319
2612680,5,319
2839450,5,319
42230,5,319
251370,5,319
31800,5,319
319080,5,319
1619790,5,319
1087780,5,319
3663290,5,319
2919560,5,319
615770,5,319
681920,5,319
1831480,5,319
2914050,5,319
558280,6,423
1757680,6,423
1477170,6,423
557890,6,423
6000,6,423
2091550,6,423
2672090,6,423
630250,6,423
1345740,6,423
562050,6,423
2812820,6,423
972940,6,423
909470,6,423
416770,6,423
2348090,6,423
3444480,6,423
271900,6,423
3486560,6,423
342550,6,423
2461710,6,423
1132730,6,423
215280,6,423
1081260,6,423
15750,6,423
760830,6,423
2506580,6,423
486360,6,423
3257490,6,423
2405850,6,423
651660,6,423
604830,6,423
2340500,6,423
32400,6,423
2094350,6,423
1025530,6,423
556090,6,423
3042680,6,423
329130,6,423
1058640,6,423
1361180,6,423
1478890,6,423
1443590,6,423
518040,6,423
944710,6,423
1028840,6,423
516670,6,423
755410,6,423
665440,6,423
8140,6,423
944220,6,423
2430700,6,423
365300,6,423
1138410,6,423
2751610,6,423
364210,6,423
1927740,6,423
1919040,6,423
386960,6,423
256070,6,423
743550,6,423
2195780,6,423
879470,6,423
1528810,6,423
385510,6,423
808910,6,423
3116640,6,423
989690,6,423
1232100,6,423
3111080,6,423
674010,6,423
674310,6,423
3161620,6,423
2116850,6,423
914260,6,423
619540,6,423
2654680,6,423
602160,6,423
2000660,6,423
396280,6,423
3064670,6,423
2280390,6,423
960740,6,423
426790,6,423
3473030,6,423
910880,6,423
3147190,6,423
471550,6,423
32390,6,423
358270,6,423
369290,6,423
2004180,6,423
524380,6,423
265890,6,423
733020,6,423
644390,6,423
899970,6,423
2415960,6,423
869690,6,423
546440,6,423
715280,6,423
426690,6,423
225320,6,423
398110,6,423
2328650,6,423
447960,6,423
1889910,6,423
3609770,6,423
3351080,6,423
824760,6,423
1223020,6,423
391400,6,423
1588940,6,423
2987860,6,423
448820,6,423
398890,6,423
377900,6,423
620620,6,423
985580,6,423
914170,6,423
1628610,6,423
2392400,6,423
1423780,6,423
496340,6,423
679250,6,423
1851390,6,423
450290,6,423
2083210,6,423
2870110,6,423
2752530,6,423
819330,6,423
615400,6,423
1597280,6,423
908070,6,423
2235150,6,423
3618770,6,423
1273560,6,423
1150550,6,423
2175570,6,423
2252680,6,423
396610,6,423
2749000,6,423
540230,6,423
200650,6,423
1777430,6,423
3411050,6,423
321480,6,423
2280520,6,423
3453220,6,423
2992240,6,423
1433010,6,423
1724140,6,423
2535780,6,423
1184420,6,423
2184770,6,423
872570,6,423
726870,6,423
1234400,6,423
2447520,6,423
224980,6,423
2124440,6,423
675950,6,423
1160870,6,423
259470,6,423
1768640,6,423
2526410,6,423
1606280,6,423
2137590,6,423
887170,6,423
1681160,6,423
356450,6,423
1129220,6,423
385800,6,423
620640,6,423
574190,6,423
1222040,6,423
1678150,6,423
2281870,6,423
527330,6,423
1564790,6,423
2764750,6,423
513060,6,423
1121710,6,423
107210,6,423
538410,6,423
302790,6,423
1593310,6,423
2113770,6,423
848470,6,423
1115640,6,423
2898270,6,423
326950,6,423
337400,6,423
650440,6,423
1218770,6,423
2701750,6,423
726110,6,423
373860,6,423
116100,6,423
2195790,6,423
2180210,6,423
1529810,6,423
3527370,6,423
2616420,6,423
568130,6,423
476920,6,423
2111870,6,423
2795060,6,423
1407420,6,423
502740,6,423
394140,6,423
836260,6,423
2562460,6,423
2897240,6,423
252470,6,423
2058570,6,423
752800,6,423
1018130,6,423
1786670,6,423
3034560,6,423
602520,6,423
1558210,6,423
446540,6,423
1492230,6,423
2936220,6,423
819630,6,423
2767480,6,423
1669170,6,423
2056220,6,423
457380,6,423
2779630,6,423
361130,6,423
385960,6,423
8790,6,423
1932260,6,423
445770,6,423
1276130,6,423
2688680,6,423
1385420,6,423
1288930,6,423
3027290,6,423
2280540,6,423
1307560,6,423
2172260,6,423
787620,6,423
575880,6,423
271030,6,423
800820,6,423
15710,6,423
428260,6,423
2080800,6,423
225300,6,423
1448260,6,423
2877480,6,423
32330,6,423
6040,6,423
214970,6,423
556660,6,423
1575450,6,423
397390,6,423
3074170,6,423
574780,6,423
415530,6,423
323320,6,423
726100,6,423
348540,6,423
319910,6,423
1354670,6,423
1937620,6,423
1249880,6,423
944630,6,423
3074110,6,423
420110,6,423
851980,6,423
297920,6,423
2061750,6,423
3328720,6,423
1831830,6,423
2393890,6,423
1942120,6,423
3400850,6,423
2785280,6,423
1591290,6,423
298160,6,423
1025550,6,423
712770,6,423
735290,6,423
264380,6,423
2940220,6,423
3029150,6,423
563340,6,423
2789770,6,423
2575060,6,423
427940,6,423
17570,6,423
32340,6,423
256330,6,423
904540,6,423
351320,6,423
1016970,6,423
1086030,6,423
1742360,6,423
15700,6,423
560430,6,423
8150,6,423
421880,6,423
806860,6,423
3033620,6,423
603420,6,423
1306570,6,423
488800,6,423
748610,6,423
2473710,6,423
352360,6,423
321840,6,423
589060,6,423
1484720,6,423
1627610,6,423
3025940,6,423
224960,6,423
455910,6,423
1013890,6,423
882410,6,423
432100,6,423
1890120,6,423
1304320,6,423
3074440,6,423
390490,6,423
623090,6,423
738580,6,423
1937570,6,423
1931940,6,423
1946970,6,423
1071090,6,423
676000,6,423
788190,6,423
1518820,6,423
387850,6,423
557760,6,423
742250,6,423
1337010,6,423
341000,6,423
2473980,6,423
1097960,6,423
454900,6,423
307430,6,423
1947280,6,423
906250,6,423
746880,6,423
3478820,6,423
1413660,6,423
2901310,6,423
1209140,6,423
2085150,6,423
1258710,6,423
557240,6,423
428180,6,423
3079970,6,423
998850,6,423
2084110,6,423
1424870,6,423
1014560,6,423
402210,6,423
734910,6,423
2467810,6,423
2094270,6,423
1002430,6,423
764030,6,423
463250,6,423
1945260,6,423
1162640,6,423
424780,6,423
1938630,6,423
1638390,6,423
107200,6,423
3057760,6,423
1102980,6,423
1248820,6,423
1815370,6,423
3345060,6,423
987400,6,423
6010,6,423
1202900,6,423
2000770,6,423
1368850,6,423
303210,6,423
517300,6,423
1117390,6,423
2439230,6,423
1559390,6,423
1168430,6,423
2530490,6,423
1058020,6,423
878320,6,423
1885200,6,423
790060,6,423
2888470,6,423
642090,6,423
3339940,6,423
1275670,6,423
885810,6,423
696440,6,423
15740,6,423
2178990,6,423
679230,6,423
747330,6,423
2757720,6,423
258200,6,423
1219580,6,423
1756330,6,423
18700,6,423
467820,6,423
684650,6,423
1815330,6,423
2454890,6,423
571180,6,423
979620,6,423
542480,6,423
2153350,6,423
1338980,6,423
1108540,6,423
6300,6,423
3623260,6,423
500710,6,423
339350,7,517
1416240,7,517
2200650,7,517
608760,7,517
1245610,7,517
2597970,7,517
2996190,7,517
956540,7,517
593960,7,517
646100,7,517
820620,7,517
411570,7,517
672970,7,517
295710,7,517
488550,7,517
3089700,7,517
18030,7,517
1072190,7,517
672410,7,517
1515420,7,517
1350250,7,517
2102240,7,517
2179520,7,517
18010,7,517
893360,7,517
2969140,7,517
16180,7,517
3691220,7,517
913110,7,517
672460,7,517
1430760,7,517
1146370,7,517
2400400,7,517
3034340,7,517
2307370,7,517
2465830,7,517
559640,7,517
1477010,7,517
1601330,7,517
725270,7,517
2788630,7,517
1194050,7,517
998400,7,517
1916270,7,517
90210,7,517
2353760,7,517
1494840,7,517
2620500,7,517
1344350,7,517
2246110,7,517
2006990,7,517
2779910,7,517
343600,7,517
2756470,7,517
787750,7,517
352580,7,517
330830,7,517
845070,7,517
1729410,7,517
907020,7,517
1111080,7,517
2842590,7,517
38720,7,517
1706090,7,517
2856030,7,517
364390,7,517
1686290,7,517
794610,7,517
348750,7,517
971460,7,517
2010030,7,517
1859020,7,517
1694960,7,517
333080,7,517
2311080,7,517
2152460,7,517
2209150,7,517
366690,7,517
2163000,7,517
685420,7,517
439760,7,517
614130,7,517
1657880,7,517
639170,7,517
1592750,7,517
3334660,7,517
1968340,7,517
508580,7,517
2088160,7,517
1966130,7,517
687750,7,517
2887780,7,517
359540,7,517
1584660,7,517
2492780,7,517
2134900,7,517
2832400,7,517
408900,7,517
2865580,7,517
375460,7,517
625430,7,517
2294380,7,517
1768650,7,517
3281130,7,517
399810,7,517
3288180,7,517
2165620,7,517
1931950,7,517
1772830,7,517
523750,7,517
253650,7,517
834280,7,517
2504480,7,517
2206140,7,517
1530450,7,517
1687940,7,517
654000,7,517
984240,7,517
23550,7,517
2774480,7,517
2967250,7,517
621000,7,517
3411020,7,517
275080,7,517
312380,7,517
1760610,7,517
283410,7,517
2933590,7,517
1060450,7,517
1586880,7,517
379520,7,517
843260,7,517
375320,7,517
2936030,7,517
1469060,7,517
1230170,7,517
800620,7,517
208110,7,517
2184350,7,517
2235870,7,517
897940,7,517
1290270,7,517
3506110,7,517
1759130,7,517
403280,7,517
1451570,7,517
2203590,7,517
431590,7,517
520230,7,517
304810,7,517
1621560,7,517
434570,7,517
2458310,7,517
382380,7,517
1654660,7,517
718980,7,517
1283980,7,517
278120,7,517
2903710,7,517
351160,7,517
2115390,7,517
1226970,7,517
545600,7,517
1343810,7,517
1304550,7,517
1804710,7,517
3110130,7,517
354430,7,517
1868300,7,517
2277090,7,517
757460,7,517
1887330,7,517
889260,7,517
1543280,7,517
543720,7,517
2143340,7,517
1072530,7,517
1032170,7,517
1707650,7,517
446310,7,517
204220,7,517
1676650,7,517
416550,7,517
710230,7,517
201430,7,517
3072450,7,517
855740,7,517
2169830,7,517
749470,7,517
1237610,7,517
2194730,7,517
3471280,7,517
1674900,7,517
1689090,7,517
1681970,7,517
31290,7,517
435790,7,517
1097420,7,517
430210,7,517
466630,7,517
3002570,7,517
1097680,7,517
1940040,7,517
1044980,7,517
572050,7,517
272040,7,517
1742930,7,517
1698080,7,517
812930,7,517
2503740,7,517
2724540,7,517
1306180,7,517
711570,7,517
800290,7,517
398710,7,517
1009990,7,517
447890,7,517
278100,7,517
1443430,7,517
502750,7,517
234190,7,517
3546270,7,517
559680,7,517
1167470,7,517
3150510,7,517
1442670,7,517
1949980,7,517
361830,7,517
678310,7,517
295430,7,517
2259970,7,517
736850,7,517
2443770,7,517
1509060,7,517
812440,7,517
442810,7,517
596890,7,517
2261350,7,517
318330,7,517
303690,7,517
63660,7,517
437160,7,517
1245820,7,517
1166840,7,517
3339330,7,517
603320,7,517
2059380,7,517
2587170,7,517
2138450,7,517
2272050,7,517
361190,7,517
1133870,7,517
3054260,7,517
298280,7,517
2566270,7,517
2101350,7,517
94520,7,517
568210,7,517
1026420,7,517
889730,7,517
38730,7,517
929020,7,517
2185930,7,517
220260,7,517
3126330,7,517
1255980,7,517
2216120,7,517
386490,7,517
746140,7,517
1322600,7,517
1448750,7,517
3506030,7,517
252750,7,517
1601840,7,517
890550,7,517
3466550,7,517
2778430,7,517
967450,7,517
1330560,7,517
797410,7,517
609760,7,517
1612480,7,517
446340,7,517
1398390,7,517
370430,7,517
3401000,7,517
370600,7,517
2774980,7,517
1421790,7,517
2182630,7,517
1943610,7,517
1726530,7,517
968440,7,517
512270,7,517
497180,7,517
10110,7,517
542870,7,517
16130,7,517
2838100,7,517
1609080,7,517
1043180,7,517
1896160,7,517
1910550,7,517
307130,7,517
270850,7,517
824880,7,517
549670,7,517
1542790,7,517
1729300,7,517
908740,7,517
318310,7,517
453270,7,517
625370,7,517
1065200,7,517
696710,7,517
1311570,7,517
2054770,7,517
1287590,7,517
853200,7,517
3156640,7,517
759940,7,517
48950,7,517
437690,7,517
2544090,7,517
1367690,7,517
3623500,7,517
666220,7,517
1408100,7,517
1218280,7,517
1907350,7,517
1554600,7,517
2626910,7,517
656240,7,517
16100,7,517
589160,7,517
438720,7,517
348360,7,517
924100,7,517
2251580,7,517
3006310,7,517
386090,7,517
2012670,7,517
1508170,7,517
2514680,7,517
299840,7,517
31250,7,517
1249980,7,517
1178050,7,517
1985050,7,517
1398210,7,517
1714580,7,517
234650,7,517
2185850,7,517
1771980,7,517
2475660,7,517
602550,7,517
843160,7,517
2765650,7,517
2401680,7,517
3034330,7,517
1028860,7,517
1178220,7,517
1806960,7,517
943380,7,517
2017370,7,517
2658520,7,517
463020,7,517
359300,7,517
2689470,7,517
848350,7,517
2835110,7,517
435010,7,517
760920,7,517
347930,7,517
2214170,7,517
1518440,7,517
1142670,7,517
394970,7,517
2766860,7,517
1661270,7,517
982480,7,517
3068670,7,517
1415410,7,517
2559360,7,517
3201210,7,517
1234380,7,517
429780,7,517
1591570,7,517
2061230,7,517
374850,7,517
875340,7,517
364640,7,517
282100,7,517
2386870,7,517
1754840,7,517
661230,7,517
678100,7,517
1372660,7,517
1228570,7,517
1016110,7,517
2458560,7,517
498460,7,517
591090,7,517
1383640,7,517
875800,7,517
752430,7,517
409430,7,517
349730,7,517
461870,7,517
2343710,7,517
1231880,7,517
2248950,7,517
932820,7,517
362160,7,517
1379600,7,517
376870,7,517
771210,7,517
265590,7,517
90200,7,517
1661260,7,517
2529820,7,517
570580,7,517
758980,7,517
1194700,7,517
1088770,7,517
3459750,7,517
1804720,7,517
2718240,7,517
837200,7,517
839300,7,517
1883800,7,517
1916970,7,517
234710,7,517
303680,7,517
330840,7,517
1314000,7,517
3168920,7,517
613400,7,517
2024070,7,517
16200,7,517
2822370,7,517
1095610,7,517
344760,7,517
879320,7,517
1905980,7,517
1284090,7,517
3472810,7,517
600740,7,517
1201370,7,517
1954120,7,517
16120,7,517
2455610,7,517
1859490,7,517
3037930,7,517
375130,7,517
2167220,7,517
365560,7,517
2405530,7,517
16450,7,517
300380,7,517
340250,7,517
2767740,7,517
3073580,7,517
1379130,7,517
1892950,7,517
769420,7,517
1635550,7,517
3064290,7,517
318340,7,517
1321450,7,517
2118250,7,517
1033410,7,517
1714250,7,517
2840190,7,517
1262890,7,517
322850,7,517
2401230,7,517
1212410,7,517
538840,7,517
276890,7,517
3013740,7,517
1033100,7,517
316240,7,517
1110030,7,517
421630,7,517
3519440,7,517
927310,7,517
827780,7,517
1403740,7,517
531540,7,517
564960,7,517
648860,7,517
847300,7,517
2626970,7,517
1703140,7,517
948880,7,517
2702570,7,517
237870,7,517
662380,7,517
1749840,7,517
2357950,7,517
1393350,7,517
2687110,7,517
3286700,7,517
766560,7,517
1026670,7,517
1189680,7,517
703820,7,517
1709180,7,517
683830,7,517
2761920,7,517
1240230,7,517
1156060,7,517
707450,7,517
768840,7,517
411470,7,517
1295900,7,517
1075200,8,179
1622770,8,179
686200,8,179
326340,8,179
1814170,8,179
1170230,8,179
324090,8,179
3653260,8,179
2615130,8,179
534350,8,179
1014040,8,179
751430,8,179
1034260,8,179
508900,8,179
705250,8,179
664440,8,179
70300,8,179
102850,8,179
805930,8,179
358360,8,179
688740,8,179
1765540,8,179
1210110,8,179
920450,8,179
523210,8,179
1299370,8,179
446850,8,179
380020,8,179
485980,8,179
2880730,8,179
1929870,8,179
2785570,8,179
1715590,8,179
1087720,8,179
618620,8,179
2000800,8,179
1880710,8,179
2430380,8,179
551540,8,179
1563700,8,179
922500,8,179
314030,8,179
546230,8,179
2781250,8,179
2430360,8,179
3099660,8,179
536560,8,179
2515240,8,179
2206560,8,179
388750,8,179
2237980,8,179
916380,8,179
432870,8,179
380580,8,179
754840,8,179
2591010,8,179
320440,8,179
1233170,8,179
298240,8,179
1111930,8,179
1878910,8,179
2099680,8,179
1034250,8,179
757330,8,179
1837220,8,179
1051310,8,179
1283930,8,179
852220,8,179
663920,8,179
566160,8,179
348860,8,179
1200,8,179
2430370,8,179
523720,8,179
1882820,8,179
2829820,8,179
2083800,8,179
1991860,8,179
863810,8,179
2733530,8,179
2898250,8,179
689910,8,179
3587580,8,179
1154360,8,179
411370,8,179
2810780,8,179
508200,8,179
1818010,8,179
985680,8,179
1823380,8,179
799070,8,179
610360,8,179
1218900,8,179
823800,8,179
378370,8,179
991170,8,179
2162680,8,179
3468160,8,179
890070,8,179
1918970,8,179
687470,8,179
812410,8,179
867980,8,179
3550820,8,179
1254530,8,179
3237950,8,179
3383700,8,179
1743260,8,179
2621890,8,179
782660,8,179
3205070,8,179
3107800,8,179
1909770,8,179
622890,8,179
547930,8,179
1039830,8,179
3308550,8,179
2814220,8,179
2391400,8,179
2138570,8,179
2889770,8,179
1297300,8,179
427980,8,179
1717570,8,179
2094070,8,179
1035660,8,179
3500200,8,179
651340,8,179
944010,8,179
497090,8,179
692590,8,179
2353730,8,179
894060,8,179
3394080,8,179
2342030,8,179
617670,8,179
768590,8,179
3262320,8,179
1034240,8,179
421710,8,179
395250,8,179
3067770,8,179
2523310,8,179
1383020,8,179
1987480,8,179
1991850,8,179
381170,8,179
2957110,8,179
1292910,8,179
1002930,8,179
238050,8,179
2019760,8,179
2678160,8,179
1358810,8,179
645090,8,179
263300,8,179
2178010,8,179
3559900,8,179
1801490,8,179
3177970,8,179
1332760,8,179
288370,8,179
1624060,8,179
738350,8,179
920200,8,179
606950,8,179
785780,8,179
2564660,8,179
296280,8,179
1058370,8,179
267900,8,179
601220,8,179
3290350,8,179
1418200,8,179
1334040,8,179
1165380,8,179
2532550,8,179
2090370,8,179
850980,8,179
1910860,9,471
2845270,9,471
1740170,9,471
584220,9,471
2782830,9,471
661220,9,471
308000,9,471
3076350,9,471
2316580,9,471
3004470,9,471
1092700,9,471
280740,9,471
3349670,9,471
2736020,9,471
1658620,9,471
1956960,9,471
2809670,9,471
2842430,9,471
1414480,9,471
3117040,9,471
598730,9,471
1164050,9,471
566800,9,471
1882420,9,471
961010,9,471
354830,9,471
1388230,9,471
2527690,9,471
954870,9,471
2302640,9,471
485680,9,471
1048880,9,471
1285230,9,471
1646850,9,471
914800,9,471
95310,9,471
3637740,9,471
2067590,9,471
1602540,9,471
1254130,9,471
1089660,9,471
436180,9,471
1093540,9,471
1604000,9,471
486780,9,471
897730,9,471
828270,9,471
534190,9,471
1365010,9,471
3061070,9,471
3051470,9,471
314010,9,471
1514840,9,471
2234660,9,471
438680,9,471
873890,9,471
2250060,9,471
3001330,9,471
1997680,9,471
1935910,9,471
1195410,9,471
401660,9,471
454420,9,471
1250180,9,471
1612420,9,471
569720,9,471
1822450,9,471
1947500,9,471
502350,9,471
1087460,9,471
1188260,9,471
1514660,9,471
2071430,9,471
709920,9,471
850940,9,471
2697300,9,471
895650,9,471
636740,9,471
910530,9,471
2125540,9,471
638830,9,471
1001850,9,471
2956400,9,471
274310,9,471
1139890,9,471
373940,9,471
416160,9,471
898790,9,471
3447690,9,471
2119440,9,471
2714210,9,471
2950480,9,471
465400,9,471
492610,9,471
1309860,9,471
1747330,9,471
576940,9,471
1218250,9,471
2667410,9,471
25830,9,471
2803010,9,471
1276540,9,471
511700,9,471
2800890,9,471
94000,9,471
2932930,9,471
558100,9,471
73020,9,471
1094000,9,471
1416130,9,471
1040820,9,471
506280,9,471
215930,9,471
1546310,9,471
3486240,9,471
1092160,9,471
2208530,9,471
337290,9,471
331570,9,471
1007090,9,471
1599860,9,471
1252580,9,471
1283340,9,471
2348610,9,471
1802330,9,471
332330,9,471
280030,9,471
1652250,9,471
42810,9,471
654470,9,471
676770,9,471
1432100,9,471
977510,9,471
842150,9,471
926010,9,471
2238170,9,471
1551030,9,471
1373880,9,471
655620,9,471
3329420,9,471
391180,9,471
1967890,9,471
404820,9,471
1175210,9,471
1095120,9,471
1092720,9,471
2794770,9,471
385270,9,471
3045310,9,471
1689720,9,471
832320,9,471
1807480,9,471
2071810,9,471
388440,9,471
2940890,9,471
2078350,9,471
2659900,9,471
935880,9,471
732430,9,471
1487680,9,471
1109360,9,471
852450,9,471
907040,9,471
1504020,9,471
2677470,9,471
763630,9,471
2086540,9,471
2693940,9,471
2655590,9,471
1389950,9,471
1247190,9,471
208470,9,471
1578160,9,471
25810,9,471
747910,9,471
1301390,9,471
527420,9,471
1166990,9,471
618740,9,471
306680,9,471
2920510,9,471
1014970,9,471
2381740,9,471
1592480,9,471
2452920,9,471
1011970,9,471
2654520,9,471
243780,9,471
1490190,9,471
628770,9,471
808080,9,471
1967550,9,471
1663220,9,471
234860,9,471
2934180,9,471
1495940,9,471
2647300,9,471
436520,9,471
436800,9,471
431290,9,471
3375100,9,471
657040,9,471
1339000,9,471
2147110,9,471
384910,9,471
368730,9,471
534270,9,471
1612520,9,471
253840,9,471
414720,9,471
2398030,9,471
1409710,9,471
42980,9,471
254060,9,471
399890,9,471
993740,9,471
1601740,9,471
1876590,9,471
1122750,9,471
2056560,9,471
252350,9,471
1564110,9,471
3253530,9,471
1967510,9,471
2002570,9,471
887160,9,471
1142080,9,471
699780,9,471
837390,9,471
328220,9,471
2834330,9,471
37980,9,471
677480,9,471
416440,9,471
697320,9,471
495520,9,471
582960,9,471
494150,9,471
3159120,9,471
3338320,9,471
2700970,9,471
3219020,9,471
1290170,9,471
3530670,9,471
284850,9,471
2001570,9,471
1536980,9,471
2322180,9,471
2536260,9,471
722660,9,471
2104920,9,471
2870840,9,471
1364960,9,471
504000,9,471
37970,9,471
1866880,9,471
1909020,9,471
589760,9,471
949800,9,471
2595010,9,471
755550,9,471
1299120,9,471
1670110,9,471
1857540,9,471
293440,9,471
4710,9,471
2112680,9,471
1311250,9,471
355510,9,471
1970980,9,471
3098470,9,471
2936180,9,471
2530670,9,471
537340,9,471
2508890,9,471
376960,9,471
2113040,9,471
1096710,9,471
2845250,9,471
3384440,9,471
2116510,9,471
383790,9,471
1049320,9,471
2667500,9,471
1055310,9,471
497060,9,471
728730,9,471
2357000,9,471
2910960,9,471
1811480,9,471
756980,9,471
279800,9,471
394320,9,471
946010,9,471
366130,9,471
2730270,9,471
557400,9,471
1504150,9,471
2233200,9,471
941120,9,471
1344070,9,471
1508430,9,471
764300,9,471
893460,9,471
3085950,9,471
2904290,9,471
858940,9,471
2087000,9,471
2063530,9,471
1092730,9,471
1078800,9,471
2857000,9,471
2640560,9,471
962090,9,471
1606020,9,471
1005930,9,471
2915950,9,471
2124380,9,471
542790,9,471
852480,9,471
2450700,9,471
1893820,9,471
964130,9,471
1021770,9,471
2819030,9,471
367820,9,471
2958050,9,471
3037060,9,471
2667970,9,471
73230,9,471
3484160,9,471
1496640,9,471
2854480,9,471
346950,9,471
778630,9,471
38130,9,471
259320,9,471
2464530,9,471
2157210,9,471
1500820,9,471
1843880,9,471
608800,9,471
1493520,9,471
38160,9,471
1727650,9,471
2542800,9,471
1996930,9,471
1268080,9,471
2845930,9,471
1740100,9,471
320140,9,471
687540,9,471
3069620,9,471
384150,9,471
642000,9,471
2060730,9,471
104000,9,471
805690,9,471
2750480,9,471
3539440,9,471
204940,9,471
558340,9,471
933930,9,471
3462210,9,471
589410,9,471
38150,9,471
2700,9,471
2881230,9,471
1286280,9,471
1490060,9,471
654800,9,471
1211120,9,471
417890,9,471
1792820,9,471
3136050,9,471
2981530,9,471
346120,9,471
3384220,9,471
1509040,9,471
1476760,9,471
1117160,9,471
1810580,9,471
959050,9,471
758250,9,471
493370,9,471
2755410,9,471
536780,9,471
1570020,9,471
287220,9,471
2268470,9,471
697130,9,471
857180,9,471
1626890,9,471
2663530,9,471
1116170,9,471
1429880,9,471
283230,9,471
1740350,9,471
2587450,9,471
2018840,9,471
1866930,9,471
2716120,9,471
552080,9,471
865750,9,471
296470,9,471
1130700,9,471
1851020,9,471
2540860,9,471
1372150,9,471
242720,9,471
812960,9,471
2227450,9,471
1078420,9,471
1933450,9,471
603260,9,471
433530,9,471
1397290,9,471
3112500,9,471
1184820,9,471
1929360,9,471
907270,9,471
2552310,9,471
1693260,9,471
223410,9,471
636590,9,471
767400,9,471
2274480,9,471
923260,9,471
3066470,9,471
964810,9,471
1640520,9,471
1828320,9,471
529670,9,471
1567440,9,471
748480,9,471
477130,9,471
3314340,9,471
433480,9,471
977640,9,471
2670760,9,471
944330,9,471
345200,9,471
390930,9,471
3017110,9,471
788770,9,471
2233750,9,471
61500,9,471
2170050,9,471
2101110,9,471
1195460,9,471
38180,9,471
732240,9,471
2827560,9,471
345820,9,471
1268870,9,471
2295790,9,471
1920480,9,471
529860,9,471
1306060,9,471
1424900,9,471
694470,9,471
726840,9,471
2854290,9,471
1201270,9,471
854250,9,471
892560,9,471
709710,9,471
1876830,9,471
1426440,9,471
42890,9,471
2739630,9,471
938060,10,127
2400340,10,127
260790,10,127
33910,10,127
1566410,10,127
1726310,10,127
787370,10,127
935070,10,127
65780,10,127
937580,10,127
200900,10,127
1206050,10,127
1420810,10,127
1384630,10,127
705260,10,127
1452250,10,127
386080,10,127
1335030,10,127
275700,10,127
3117780,10,127
65790,10,127
2744940,10,127
813700,10,127
1466680,10,127
33900,10,127
375560,10,127
2065800,10,127
2768260,10,127
327470,10,127
581520,10,127
2097720,10,127
1847510,10,127
388370,10,127
528550,10,127
1381770,10,127
1173350,10,127
262960,10,127
828860,10,127
989770,10,127
2347940,10,127
2940200,10,127
848230,10,127
1100170,10,127
1205450,10,127
1918040,10,127
293860,10,127
713160,10,127
2542450,10,127
1037330,10,127
2021710,10,127
639660,10,127
440450,10,127
1407210,10,127
313470,10,127
1296260,10,127
1159560,10,127
937570,10,127
645280,10,127
1157640,10,127
65720,10,127
1100160,10,127
870690,10,127
3384190,10,127
3140130,10,127
377680,10,127
342270,10,127
9060,10,127
3214880,10,127
1457030,10,127
1466690,10,127
1100140,10,127
235820,10,127
1426300,10,127
1768550,10,127
292380,10,127
535490,10,127
1064130,10,127
2337640,10,127
1097370,10,127
745880,10,127
500340,10,127
368610,10,127
1112140,10,127
1460750,10,127
1046750,10,127
777150,10,127
3083090,10,127
1766160,10,127
2775110,10,127
1157340,10,127
2097230,10,127
1911390,10,127
638990,10,127
800200,10,127
362810,10,127
3356700,10,127
44100,10,127
840810,10,127
2370,10,127
1721350,10,127
2499770,10,127
1406020,10,127
614860,10,127
1079160,10,127
375600,10,127
1358090,10,127
589270,10,127
1288170,10,127
1577620,10,127
1268420,10,127
793480,10,127
2256450,10,127
1221540,10,127
407330,10,127
2009780,10,127
1043240,10,127
308420,10,127
2194610,10,127
2322660,10,127
2375080,10,127
3313310,10,127
724010,10,127
285110,10,127
2390,10,127
2507840,10,127
844960,10,127
2360,10,127
1956040,11,484
3482840,11,484
1948870,11,484
3633670,11,484
392120,11,484
2825110,11,484
1608590,11,484
543600,11,484
436160,11,484
723090,11,484
2357760,11,484
585900,11,484
2154330,11,484
2463980,11,484
271570,11,484
574560,11,484
3296800,11,484
1651790,11,484
1253580,11,484
222730,11,484
2697200,11,484
1565890,11,484
1147490,11,484
1895780,11,484
597240,11,484
1132710,11,484
520540,11,484
1044110,11,484
1510580,11,484
3207880,11,484
3064420,11,484
1164250,11,484
2483800,11,484
1148150,11,484
1485080,11,484
349500,11,484
425990,11,484
2229560,11,484
955050,11,484
1480370,11,484
485260,11,484
2181930,11,484
1985740,11,484
2593760,11,484
356670,11,484
423850,11,484
2142540,11,484
3160400,11,484
747970,11,484
3167180,11,484
1035990,11,484
1066010,11,484
3163790,11,484
932420,11,484
788270,11,484
373120,11,484
1502110,11,484
323730,11,484
670280,11,484
2716930,11,484
729460,11,484
1252320,11,484
2468990,11,484
503580,11,484
831770,11,484
396750,11,484
446750,11,484
746510,11,484
365050,11,484
299110,11,484
1946430,11,484
1081670,11,484
335620,11,484
3247200,11,484
1718160,11,484
516610,11,484
349250,11,484
618140,11,484
3229480,11,484
2676770,11,484
640800,11,484
2317640,11,484
2608250,11,484
3413460,11,484
1761820,11,484
762220,11,484
936500,11,484
1253710,11,484
2568880,11,484
834880,11,484
2265920,11,484
3313930,11,484
384240,11,484
460960,11,484
1592740,11,484
3353360,11,484
1498140,11,484
1573700,11,484
2419710,11,484
3245050,11,484
500090,11,484
985590,11,484
493540,11,484
3059750,11,484
1791590,11,484
1898290,11,484
2282020,11,484
270630,11,484
569610,11,484
1220260,11,484
363980,11,484
919010,11,484
1342630,11,484
872580,11,484
1074620,11,484
816190,11,484
586890,11,484
2920360,11,484
2366060,11,484
2938130,11,484
1974520,11,484
1182090,11,484
2090760,11,484
2578910,11,484
1069360,11,484
1285010,11,484
2824660,11,484
2700230,11,484
324310,11,484
1062960,11,484
909380,11,484
2430440,11,484
2782400,11,484
2181610,11,484
720150,11,484
2413400,11,484
340770,11,484
1045070,11,484
2957700,11,484
661960,11,484
816380,11,484
2449430,11,484
3200080,11,484
729720,11,484
1830720,11,484
1881350,11,484
2418120,11,484
855860,11,484
705120,11,484
1083760,11,484
615670,11,484
2070550,11,484
873960,11,484
2016080,11,484
747920,11,484
3110490,11,484
2438260,11,484
1185270,11,484
2308300,11,484
3615160,11,484
359510,11,484
1835240,11,484
1457430,11,484
248860,11,484
863270,11,484
697610,11,484
3183350,11,484
578310,11,484
286300,11,484
495200,11,484
2515210,11,484
352440,11,484
2118120,11,484
1836550,11,484
1282760,11,484
1725640,11,484
952690,11,484
1958390,11,484
1082970,11,484
517130,11,484
346650,11,484
1576720,11,484
816250,11,484
355490,11,484
2876550,11,484
1990050,11,484
813300,11,484
1748390,11,484
388880,11,484
1863670,11,484
362110,11,484
1435670,11,484
1146100,11,484
1901370,11,484
3037180,11,484
402970,11,484
799590,11,484
291190,11,484
610570,11,484
3107590,11,484
333330,11,484
1309000,11,484
1451490,11,484
998830,11,484
621970,11,484
1535100,11,484
704640,11,484
1151920,11,484
2062930,11,484
1241020,11,484
3149840,11,484
1077160,11,484
844420,11,484
686840,11,484
433550,11,484
492170,11,484
353360,11,484
598060,11,484
3180930,11,484
1104380,11,484
1036750,11,484
277460,11,484
823500,11,484
559310,11,484
1083820,11,484
61730,11,484
2355250,11,484
2678280,11,484
1074190,11,484
1969080,11,484
1221230,11,484
860910,11,484
2107090,11,484
1307580,11,484
723350,11,484
1689070,11,484
3304770,11,484
518030,11,484
1297390,11,484
1886120,11,484
581920,11,484
1307370,11,484
1178830,11,484
415980,11,484
1492200,11,484
213650,11,484
278360,11,484
257730,11,484
1092150,11,484
1247640,11,484
3462440,11,484
2209680,11,484
1950450,11,484
529630,11,484
2610090,11,484
339320,11,484
668170,11,484
1393750,11,484
2076140,11,484
1748750,11,484
2803280,11,484
2368470,11,484
1903510,11,484
2140650,11,484
1468160,11,484
602480,11,484
771950,11,484
2510130,11,484
544920,11,484
2959530,11,484
527710,11,484
2852980,11,484
2820600,11,484
1473250,11,484
299150,11,484
2834600,11,484
587430,11,484
1238330,11,484
1403310,11,484
3758470,11,484
354270,11,484
313680,11,484
1915380,11,484
426000,11,484
2828960,11,484
1177970,11,484
659630,11,484
314950,11,484
1160490,11,484
1077540,11,484
949290,11,484
739290,11,484
1581580,11,484
955170,11,484
3224960,11,484
1043340,11,484
290470,11,484
717780,11,484
3432500,11,484
2285820,11,484
575690,11,484
1751350,11,484
639650,11,484
1518810,11,484
1105130,11,484
1820720,11,484
1968430,11,484
1085220,11,484
3051380,11,484
355550,11,484
405670,11,484
1290330,11,484
1070710,11,484
654880,11,484
752200,11,484
446880,11,484
2580000,11,484
2815610,11,484
2276830,11,484
397040,11,484
2187660,11,484
351800,11,484
2879480,11,484
470130,11,484
314430,11,484
2762460,11,484
3243760,11,484
2707300,11,484
345010,11,484
3113230,11,484
1268310,11,484
250340,11,484
3228180,11,484
2175250,11,484
2799690,11,484
3421300,11,484
1997780,11,484
2360210,11,484
614910,11,484
338000,11,484
1970460,11,484
1449100,11,484
397100,11,484
612720,11,484
2124930,11,484
1481970,11,484
2814910,11,484
3092090,11,484
742170,11,484
509540,11,484
1778210,11,484
1507420,11,484
1206410,11,484
1037840,11,484
1981610,11,484
1272550,11,484
2082540,11,484
2726890,11,484
843900,11,484
2477270,11,484
2581050,11,484
2947940,11,484
1925560,11,484
3023490,11,484
926310,11,484
292660,11,484
370020,11,484
287070,11,484
1819570,11,484
1920500,11,484
2277320,11,484
2311680,11,484
1078870,11,484
1583500,11,484
18820,11,484
639320,11,484
1150730,11,484
1996010,11,484
3432530,11,484
1590640,11,484
2005210,11,484
1711950,11,484
1412170,11,484
959520,11,484
1493020,11,484
798840,11,484
1234940,11,484
420930,11,484
3153610,11,484
612610,11,484
2370140,11,484
581630,11,484
218040,11,484
2462060,11,484
3350140,11,484
345460,11,484
1533680,11,484
274900,11,484
675140,11,484
1649830,11,484
659780,11,484
3400990,11,484
862800,11,484
2452630,11,484
1052990,11,484
1612020,11,484
918070,11,484
988430,11,484
1437760,11,484
2618940,11,484
523610,11,484
2594640,11,484
2675630,11,484
891480,11,484
2343240,11,484
2214500,11,484
1239260,11,484
1441550,11,484
1501490,11,484
2056200,11,484
450850,11,484
812940,11,484
1928710,11,484
1695680,11,484
2409360,11,484
1550180,11,484
845600,11,484
596240,11,484
1276610,11,484
3318550,11,484
2876250,11,484
788960,11,484
1743650,11,484
2003290,11,484
1985710,11,484
806140,11,484
881490,11,484
3128740,11,484
2793720,11,484
2447310,11,484
1513120,11,484
777420,11,484
978980,11,484
703030,11,484
922460,11,484
320090,11,484
1491200,11,484
2580130,11,484
788420,11,484
1610120,11,484
1307090,11,484
1569440,11,484
348560,11,484
2985930,11,484
449780,11,484
1926520,11,484
857740,11,484
1061770,11,484
2861150,11,484
1126270,11,484
1471180,11,484
610410,11,484
1324350,11,484
3087650,11,484
1162070,11,484
833770,11,484
1150890,11,484
1718240,11,484
753660,11,484
463390,11,484
1826980,11,484
1818690,11,484
1141580,11,484
2736860,11,484
1825210,11,484
2917350,11,484
1949190,11,484
3012510,11,484
3258290,11,484
737490,11,484
3220830,11,484
299180,11,484
957080,11,484
2794860,11,484
2517890,12,870
1931010,12,870
1515900,12,870
310060,12,870
469920,12,870
3019470,12,870
316430,12,870
1988750,12,870
1674890,12,870
1097350,12,870
474750,12,870
2910,12,870
517970,12,870
1472560,12,870
823950,12,870
625730,12,870
1042490,12,870
574070,12,870
1281160,12,870
1376200,12,870
1629830,12,870
1156730,12,870
646500,12,870
1592170,12,870
1741640,12,870
3465000,12,870
638800,12,870
1337920,12,870
837280,12,870
1214470,12,870
3499580,12,870
662840,12,870
1232060,12,870
1072150,12,870
2286770,12,870
3413960,12,870
1465710,12,870
2221840,12,870
838940,12,870
445190,12,870
347800,12,870
2555320,12,870
201210,12,870
1248060,12,870
328760,12,870
1461980,12,870
1138100,12,870
936210,12,870
662960,12,870
429300,12,870
1101190,12,870
266210,12,870
762180,12,870
1476520,12,870
2649480,12,870
469720,12,870
246760,12,870
1139280,12,870
691830,12,870
490080,12,870
2542140,12,870
207100,12,870
447120,12,870
2090810,12,870
1635350,12,870
1296450,12,870
378610,12,870
290100,12,870
2652480,12,870
1220170,12,870
511630,12,870
1330460,12,870
284100,12,870
369370,12,870
73050,12,870
2169950,12,870
2671230,12,870
2240150,12,870
2838940,12,870
2512190,12,870
431120,12,870
242780,12,870
551860,12,870
812040,12,870
804270,12,870
1109570,12,870
383460,12,870
258970,12,870
431280,12,870
1368030,12,870
651670,12,870
1220150,12,870
1972550,12,870
1380650,12,870
1104660,12,870
1843470,12,870
1169100,12,870
346470,12,870
1060230,12,870
278970,12,870
627350,12,870
723810,12,870
1069650,12,870
464060,12,870
2118500,12,870
279140,12,870
1335240,12,870
1213740,12,870
254200,12,870
2392280,12,870
1075550,12,870
1828360,12,870
1433860,12,870
296970,12,870
1370170,12,870
1741040,12,870
888530,12,870
1683100,12,870
2441700,12,870
2763670,12,870
998740,12,870
2332640,12,870
1802880,12,870
1808680,12,870
1899060,12,870
1102710,12,870
6420,12,870
826170,12,870
1023280,12,870
269310,12,870
227220,12,870
997380,12,870
364200,12,870
542050,12,870
1637730,12,870
2442410,12,870
1395760,12,870
609110,12,870
519940,12,870
2241380,12,870
1001220,12,870
887490,12,870
1613470,12,870
2351080,12,870
3218600,12,870
1250760,12,870
12470,12,870
368080,12,870
1928540,12,870
1818180,12,870
972840,12,870
2553920,12,870
1856740,12,870
3469870,12,870
620210,12,870
1065100,12,870
569390,12,870
965820,12,870
603750,12,870
986680,12,870
1981820,12,870
1016790,12,870
318230,12,870
1729940,12,870
2625620,12,870
1167140,12,870
809720,12,870
582270,12,870
1099640,12,870
542260,12,870
927250,12,870
727130,12,870
1005120,12,870
600640,12,870
2295520,12,870
2180340,12,870
1203630,12,870
2290000,12,870
914020,12,870
1502190,12,870
1733110,12,870
2765460,12,870
2757490,12,870
2868070,12,870
1316230,12,870
1579660,12,870
1754850,12,870
1701770,12,870
772660,12,870
304190,12,870
1329510,12,870
1586800,12,870
3288460,12,870
1174460,12,870
2095300,12,870
2083160,12,870
759040,12,870
1948700,12,870
1411740,12,870
1425000,12,870
204530,12,870
312540,12,870
1358840,12,870
1681840,12,870
2669860,12,870
1109840,12,870
2565550,12,870
1533590,12,870
1634150,12,870
407880,12,870
2756390,12,870
2275940,12,870
2609060,12,870
411320,12,870
1090670,12,870
1426120,12,870
2082080,12,870
1382320,12,870
2409780,12,870
1157220,12,870
498980,12,870
381120,12,870
474030,12,870
2053700,12,870
531780,12,870
516430,12,870
1277320,12,870
2788040,12,870
1327080,12,870
659040,12,870
2695270,12,870
351170,12,870
916290,12,870
1793260,12,870
1292500,12,870
1619230,12,870
1240050,12,870
2473480,12,870
1371720,12,870
975620,12,870
396640,12,870
1619520,12,870
2449810,12,870
552900,12,870
2906370,12,870
42910,12,870
3054610,12,870
1266030,12,870
1377360,12,870
782690,12,870
2910990,12,870
851100,12,870
916840,12,870
1047810,12,870
1768280,12,870
471810,12,870
752900,12,870
1074070,12,870
770120,12,870
1063580,12,870
1078330,12,870
1975360,12,870
920320,12,870
1921480,12,870
429620,12,870
351100,12,870
440650,12,870
1666160,12,870
935560,12,870
296710,12,870
2352790,12,870
3044100,12,870
1093290,12,870
2244470,12,870
551620,12,870
2428440,12,870
919360,12,870
2521600,12,870
337960,12,870
58520,12,870
512000,12,870
340150,12,870
1182620,12,870
1100900,12,870
1623210,12,870
2014550,12,870
887450,12,870
477200,12,870
954280,12,870
504130,12,870
1311070,12,870
2321350,12,870
1083880,12,870
373770,12,870
215530,12,870
2582650,12,870
1133120,12,870
3279120,12,870
1729790,12,870
1435990,12,870
2735220,12,870
1510770,12,870
2443020,12,870
532950,12,870
842180,12,870
1939790,12,870
2174500,12,870
818610,12,870
3192360,12,870
1644940,12,870
2573260,12,870
1009750,12,870
1334090,12,870
671510,12,870
316670,12,870
1706930,12,870
899630,12,870
240970,12,870
1989070,12,870
272230,12,870
2059660,12,870
2289390,12,870
1515320,12,870
415010,12,870
3552210,12,870
1071220,12,870
1078120,12,870
2477090,12,870
237470,12,870
521150,12,870
986040,12,870
1487270,12,870
231740,12,870
1555150,12,870
270750,12,870
1042780,12,870
465200,12,870
1311700,12,870
1646790,12,870
1033950,12,870
2663950,12,870
1600530,12,870
1157960,12,870
346180,12,870
2017620,12,870
995980,12,870
603390,12,870
1125480,12,870
919290,12,870
1433340,12,870
1387580,12,870
598530,12,870
1824580,12,870
2259260,12,870
372960,12,870
1727550,12,870
1611070,12,870
1138660,12,870
2600570,12,870
580720,12,870
237550,12,870
1329350,12,870
1560770,12,870
2963550,12,870
327670,12,870
1219240,12,870
844930,12,870
1369690,12,870
1775520,12,870
2946030,12,870
573410,12,870
2900,12,870
304500,12,870
1615930,12,870
2680570,12,870
1204230,12,870
1869270,12,870
1979440,12,870
2908950,12,870
1232570,12,870
1316680,12,870
2206210,12,870
3227760,12,870
713380,12,870
104900,12,870
1679210,12,870
328080,12,870
1786010,12,870
2830860,12,870
843200,12,870
2214880,12,870
1389550,12,870
2633080,12,870
2829600,12,870
398000,12,870
987350,12,870
898890,12,870
1067310,12,870
1053160,12,870
297130,12,870
622040,12,870
944080,12,870
617480,12,870
1094130,12,870
1702390,12,870
631190,12,870
962580,12,870
409450,12,870
2502650,12,870
1703590,12,870
1538970,12,870
1760340,12,870
449960,12,870
2753240,12,870
358090,12,870
528190,12,870
1169550,12,870
1415220,12,870
2103470,12,870
794540,12,870
368620,12,870
865610,12,870
2834320,12,870
921800,12,870
1047010,12,870
1549690,12,870
385380,12,870
1231990,12,870
680360,12,870
1227280,12,870
3510600,12,870
840010,12,870
2016990,12,870
909660,12,870
619780,12,870
1627040,12,870
2195410,12,870
2251620,12,870
2143680,12,870
2202010,12,870
469800,12,870
1783280,12,870
846110,12,870
2484130,12,870
844590,12,870
2746910,12,870
1764210,12,870
1177420,12,870
3064270,12,870
273850,12,870
2377370,12,870
1590730,12,870
256030,12,870
1912750,12,870
1639080,12,870
94400,12,870
487000,12,870
1911940,12,870
2727210,12,870
1075740,12,870
537990,12,870
1663640,12,870
448620,12,870
3443620,12,870
1589120,12,870
1132760,12,870
1944570,12,870
383270,12,870
307670,12,870
1035120,12,870
1147110,12,870
1986310,12,870
2554670,12,870
994220,12,870
1847150,12,870
2903050,12,870
910630,12,870
1883260,12,870
1475840,12,870
413710,12,870
668550,12,870
795950,12,870
838630,12,870
1882040,12,870
1209410,12,870
2560500,12,870
2414750,12,870
279720,12,870
1263070,12,870
843170,12,870
369530,12,870
2635410,12,870
1042380,12,870
1740150,12,870
1861290,12,870
746850,12,870
1329880,12,870
371140,12,870
1573630,12,870
319250,12,870
1247460,12,870
1354990,12,870
2480200,12,870
526160,12,870
946990,12,870
421170,12,870
499180,12,870
926140,12,870
358130,12,870
826540,12,870
1761070,12,870
2400770,12,870
853650,12,870
699160,12,870
681730,12,870
2924170,12,870
1259380,12,870
1743830,12,870
411310,12,870
250110,12,870
2776780,12,870
733710,12,870
3523390,12,870
1961970,12,870
2240560,12,870
519190,12,870
2006140,12,870
816760,12,870
1714050,12,870
1115020,12,870
2311820,12,870
1122100,12,870
2644360,12,870
339210,12,870
1309620,12,870
311800,12,870
334420,12,870
280790,12,870
810040,12,870
259660,12,870
447200,12,870
1295940,12,870
433920,12,870
917720,12,870
541310,12,870
2108290,12,870
487120,12,870
633080,12,870
466420,12,870
1732800,12,870
1445430,12,870
1470020,12,870
402880,12,870
447190,12,870
1621760,12,870
3469850,12,870
1371690,12,870
1303950,12,870
978520,12,870
1708150,12,870
1062000,12,870
1273540,12,870
522610,12,870
1173240,12,870
671440,12,870
371570,12,870
495880,12,870
799640,12,870
439730,12,870
1708480,12,870
1592110,12,870
1849790,12,870
786490,12,870
1127840,12,870
585920,12,870
791330,12,870
1125510,12,870
1446350,12,870
1262930,12,870
425040,12,870
1575680,12,870
1573280,12,870
9850,12,870
269190,12,870
2132560,12,870
1502040,12,870
3172280,12,870
1158690,12,870
617010,12,870
2237910,12,870
1195020,12,870
1924430,12,870
518060,12,870
1429500,12,870
1997470,12,870
418120,12,870
216890,12,870
471010,12,870
435530,12,870
1757610,12,870
1143810,12,870
288120,12,870
867920,12,870
600090,12,870
1899830,12,870
224900,12,870
58550,12,870
1456650,12,870
943980,12,870
3200740,12,870
703980,12,870
1031460,12,870
670500,12,870
1496940,12,870
1924780,12,870
1454000,12,870
1356280,12,870
1597220,12,870
2101540,12,870
2613210,12,870
1389250,12,870
779640,12,870
1021100,12,870
622630,12,870
1146630,12,870
1079700,12,870
2455920,12,870
1191660,12,870
674500,12,870
1325040,12,870
1113010,12,870
264140,12,870
3173890,12,870
245050,12,870
273860,12,870
1369740,12,870
1145330,12,870
2009100,12,870
439700,12,870
3114330,12,870
3394710,12,870
1240590,12,870
586930,12,870
1342890,12,870
685340,12,870
704920,12,870
3592280,12,870
2395810,12,870
3676330,12,870
524200,12,870
1716310,12,870
792100,12,870
1293180,12,870
761030,12,870
1471270,12,870
3381200,12,870
790360,12,870
335670,12,870
3239440,12,870
953870,12,870
410670,12,870
2337200,12,870
522240,12,870
2387110,12,870
717790,12,870
1063980,12,870
1194930,12,870
2590260,12,870
589670,12,870
314980,12,870
2403290,12,870
404680,12,870
861550,12,870
557220,12,870
280720,12,870
1522280,12,870
1556870,12,870
782250,12,870
2756820,12,870
699330,12,870
2598750,12,870
1022780,12,870
1709350,12,870
1034060,12,870
333390,12,870
1789030,12,870
2480560,12,870
1297330,12,870
268130,12,870
995230,12,870
897030,12,870
2943280,12,870
1260810,12,870
1593780,12,870
1479140,12,870
1203180,12,870
1238920,12,870
688060,12,870
311720,12,870
1995890,12,870
50990,12,870
2536960,12,870
1599330,12,870
3024830,12,870
787850,12,870
1144030,12,870
1058690,12,870
357300,12,870
3422160,12,870
375820,12,870
241240,12,870
1734320,12,870
1608450,12,870
1528010,12,870
1132980,12,870
1432830,12,870
2514640,12,870
2951840,12,870
1739070,12,870
1736550,12,870
322950,12,870
1469620,12,870
503340,12,870
833850,12,870
315940,12,870
1840440,12,870
1173200,12,870
1420060,12,870
1521070,12,870
357310,12,870
462990,12,870
574080,12,870
1424710,12,870
877810,12,870
3206870,12,870
1981570,12,870
1486140,12,870
614630,12,870
1851610,12,870
646690,12,870
470210,12,870
1554470,12,870
1582680,12,870
248190,12,870
1178420,12,870
437530,12,870
1176710,12,870
323220,12,870
576050,12,870
1330660,12,870
1580800,12,870
2102760,12,870
832770,12,870
412210,12,870
39550,12,870
921390,12,870
638850,12,870
2915660,12,870
465000,12,870
2094910,12,870
1735950,12,870
2530420,12,870
544330,12,870
342310,12,870
1550730,12,870
3123830,12,870
746420,12,870
272470,12,870
227180,12,870
690140,12,870
1750030,12,870
1031480,12,870
1922960,12,870
1599020,12,870
2421600,12,870
1287530,12,870
2272400,12,870
572430,12,870
1375900,12,870
1525410,12,870
345180,12,870
2262080,12,870
433900,12,870
327870,12,870
1272580,12,870
1139940,12,870
2776290,12,870
43100,12,870
980480,12,870
2527520,12,870
1437890,12,870
1802390,12,870
438270,12,870
333980,12,870
769920,12,870
1331210,12,870
1135830,12,870
948640,12,870
1195420,12,870
300630,12,870
291860,12,870
451020,12,870
1293460,12,870
809140,12,870
2455060,12,870
958320,12,870
2215910,12,870
248490,12,870
1453790,12,870
1264670,12,870
1656930,12,870
2417870,12,870
553540,12,870
1129570,12,870
2476490,12,870
1812910,12,870
1755070,12,870
1183800,12,870
2794290,12,870
300620,12,870
1158220,12,870
1145340,12,870
2027360,12,870
593530,12,870
249760,12,870
509580,12,870
3251130,12,870
1709880,12,870
1014940,12,870
695920,12,870
2153750,12,870
2402310,12,870
562310,12,870
273760,12,870
591370,12,870
1038740,12,870
1906220,12,870
967250,12,870
2545640,12,870
1108370,12,870
1684400,12,870
2332410,12,870
478980,12,870
1102650,12,870
846200,12,870
1421290,12,870
2657030,12,870
2423710,12,870
778010,12,870
3158260,12,870
568570,12,870
1924140,12,870
868520,12,870
606000,12,870
208750,12,870
2141690,12,870
633970,12,870
650220,12,870
2150660,12,870
1708010,12,870
938560,12,870
648390,12,870
520600,12,870
299740,12,870
1094250,12,870
98800,12,870
527340,12,870
2717830,12,870
578440,12,870
440950,12,870
17510,13,169
752220,13,169
530940,13,169
561060,13,169
1541840,13,169
15160,13,169
681810,13,169
2502200,13,169
534600,13,169
46850,13,169
678550,13,169
47520,13,169
288570,13,169
57400,13,169
242960,13,169
895970,13,169
3216320,13,169
33770,13,169
484870,13,169
37340,13,169
3023070,13,169
536950,13,169
200240,13,169
2939590,13,169
1057810,13,169
775370,13,169
1418870,13,169
2202430,13,169
648590,13,169
22340,13,169
371270,13,169
735830,13,169
255260,13,169
600220,13,169
535990,13,169
528390,13,169
2505760,13,169
233960,13,169
464190,13,169
495460,13,169
37230,13,169
617190,13,169
934430,13,169
321270,13,169
1831250,13,169
1070910,13,169
379280,13,169
526200,13,169
550760,13,169
3610,13,169
535060,13,169
19030,13,169
3416780,13,169
674460,13,169
222860,13,169
401870,13,169
427350,13,169
38010,13,169
242940,13,169
3181420,13,169
2147450,13,169
2467230,13,169
231390,13,169
1104460,13,169
723330,13,169
1196600,13,169
681830,13,169
1173550,13,169
770720,13,169
3048530,13,169
11610,13,169
518810,13,169
537640,13,169
686140,13,169
536070,13,169
382690,13,169
326740,13,169
321640,13,169
37380,13,169
895950,13,169
33710,13,169
1005750,13,169
1477490,13,169
15330,13,169
558230,13,169
243020,13,169
419580,13,169
2339300,13,169
1100830,13,169
435170,13,169
1630590,13,169
535960,13,169
35030,13,169
1046480,13,169
490370,13,169
298620,13,169
946350,13,169
524150,13,169
413170,13,169
3970,13,169
217750,13,169
1366960,13,169
1801280,13,169
1011810,13,169
1110390,13,169
2383020,13,169
3324740,13,169
1223840,13,169
49000,13,169
783640,13,169
413290,13,169
754730,13,169
561200,13,169
251130,13,169
362230,13,169
38020,13,169
428600,13,169
37290,13,169
624770,13,169
855910,13,169
387480,13,169
368060,13,169
37390,13,169
98300,13,169
451500,13,169
38000,13,169
691960,13,169
411400,13,169
382700,13,169
540360,13,169
499950,13,169
713400,13,169
1358750,13,169
2440960,13,169
3155730,13,169
37300,13,169
33780,13,169
3960,13,169
2752470,13,169
382670,13,169
2278520,13,169
946390,13,169
3042150,13,169
525830,13,169
210090,13,169
233800,13,169
1300620,13,169
440150,13,169
535120,13,169
2060400,13,169
681840,13,169
207060,13,169
971720,13,169
36130,13,169
906290,13,169
730110,13,169
104600,13,169
409760,13,169
420090,13,169
613920,13,169
382760,13,169
617950,13,169
440160,13,169
417720,13,169
294560,13,169
362920,13,169
2375330,13,169
409970,13,169
37280,13,169
981020,14,634
773370,14,634
3028150,14,634
976700,14,634
2128140,14,634
370230,14,634
2517200,14,634
292600,14,634
1079510,14,634
859990,14,634
397810,14,634
2447060,14,634
3536760,14,634
918720,14,634
368360,14,634
352700,14,634
1162130,14,634
1018420,14,634
1981500,14,634
334540,14,634
1352850,14,634
1071490,14,634
1639210,14,634
737050,14,634
2735510,14,634
1816140,14,634
1414000,14,634
3551120,14,634
805400,14,634
1346770,14,634
3002620,14,634
489660,14,634
394290,14,634
3437170,14,634
673740,14,634
2914480,14,634
388490,14,634
2423300,14,634
1668290,14,634
2404000,14,634
789490,14,634
682970,14,634
530360,14,634
1742020,14,634
456120,14,634
2859200,14,634
1694510,14,634
1537910,14,634
332130,14,634
874400,14,634
219520,14,634
872730,14,634
2183910,14,634
1600370,14,634
523780,14,634
2292370,14,634
914750,14,634
353890,14,634
2551290,14,634
1015720,14,634
700940,14,634
2753270,14,634
704040,14,634
2437750,14,634
1433420,14,634
3456560,14,634
337700,14,634
951480,14,634
1701370,14,634
550440,14,634
2080820,14,634
975290,14,634
1346360,14,634
3451610,14,634
500150,14,634
1140440,14,634
690630,14,634
267830,14,634
764570,14,634
2186000,14,634
1770390,14,634
1494810,14,634
904360,14,634
844860,14,634
714640,14,634
2793380,14,634
2001540,14,634
1027140,14,634
2452740,14,634
2859800,14,634
2765490,14,634
929670,14,634
2953510,14,634
1322630,14,634
2776500,14,634
926390,14,634
1933660,14,634
301710,14,634
1170080,14,634
745960,14,634
777470,14,634
2456300,14,634
2065810,14,634
1482770,14,634
523030,14,634
1254370,14,634
624560,14,634
2120900,14,634
367800,14,634
1048270,14,634
687630,14,634
2263470,14,634
2168450,14,634
1250960,14,634
658480,14,634
2659960,14,634
1476360,14,634
782610,14,634
1637070,14,634
903910,14,634
936820,14,634
1551560,14,634
1543430,14,634
451930,14,634
279440,14,634
1279630,14,634
3284230,14,634
1723790,14,634
2610720,14,634
1182310,14,634
1551530,14,634
699390,14,634
1070190,14,634
1866710,14,634
3256600,14,634
3529740,14,634
938270,14,634
2507970,14,634
879160,14,634
748830,14,634
296770,14,634
812560,14,634
1081740,14,634
2676180,14,634
1374480,14,634
3362320,14,634
1425760,14,634
3402270,14,634
501090,14,634
936720,14,634
656020,14,634
989670,14,634
1318560,14,634
3643400,14,634
2135030,14,634
2891040,14,634
780710,14,634
2262930,14,634
2804550,14,634
1291240,14,634
200550,14,634
1181000,14,634
3267430,14,634
3387080,14,634
1444360,14,634
788210,14,634
3019400,14,634
1711610,14,634
506540,14,634
710170,14,634
3306200,14,634
1898680,14,634
2567370,14,634
1037130,14,634
683780,14,634
3468640,14,634
1969150,14,634
1627680,14,634
1654810,14,634
301920,14,634
1952870,14,634
324610,14,634
1596310,14,634
33570,14,634
735410,14,634
2005160,14,634
944910,14,634
1352730,14,634
3099730,14,634
2563550,14,634
2102520,14,634
671330,14,634
701720,14,634
778700,14,634
673260,14,634
765410,14,634
693580,14,634
1205560,14,634
406730,14,634
1292520,14,634
1507190,14,634
809770,14,634
2299900,14,634
1680550,14,634
1313400,14,634
1506600,14,634
943700,14,634
1291390,14,634
2626650,14,634
3440610,14,634
1913870,14,634
2996090,14,634
1908720,14,634
1610610,14,634
3145080,14,634
252070,14,634
2181720,14,634
3187730,14,634
1634720,14,634
843630,14,634
882140,14,634
625910,14,634
296730,14,634
368760,14,634
995310,14,634
1042600,14,634
1491170,14,634
746890,14,634
572000,14,634
1304470,14,634
1155880,14,634
1999740,14,634
2976720,14,634
830810,14,634
3134780,14,634
37510,14,634
1975340,14,634
1764700,14,634
793280,14,634
3214430,14,634
1048350,14,634
980950,14,634
299360,14,634
1895130,14,634
867480,14,634
2186570,14,634
864480,14,634
792810,14,634
881060,14,634
778340,14,634
877200,14,634
462700,14,634
2726450,14,634
3090870,14,634
2535770,14,634
3382170,14,634
2396740,14,634
1650980,14,634
3021940,14,634
825730,14,634
2398490,14,634
659500,14,634
2166140,14,634
824600,14,634
611720,14,634
1202150,14,634
1138060,14,634
466860,14,634
399020,14,634
3077360,14,634
389170,14,634
1669280,14,634
3184480,14,634
2093150,14,634
583090,14,634
2178490,14,634
676510,14,634
3533730,14,634
2583430,14,634
208520,14,634
2093910,14,634
2529520,14,634
1241950,14,634
1031920,14,634
107300,14,634
547540,14,634
796940,14,634
1646580,14,634
668210,14,634
798480,14,634
23490,14,634
2418210,14,634
1260820,14,634
1589570,14,634
1933640,14,634
2752520,14,634
2890250,14,634
2799350,14,634
2403340,14,634
825450,14,634
2788310,14,634
2398590,14,634
1129660,14,634
646060,14,634
431460,14,634
284910,14,634
828890,14,634
2836860,14,634
400910,14,634
2027550,14,634
1015730,14,634
314020,14,634
815940,14,634
1312960,14,634
1707780,14,634
2414630,14,634
395970,14,634
893840,14,634
880760,14,634
1027280,14,634
1170320,14,634
379210,14,634
2287970,14,634
844330,14,634
3363030,14,634
1686870,14,634
2729480,14,634
366800,14,634
297470,14,634
1391530,14,634
2121150,14,634
2092620,14,634
1765780,14,634
2218400,14,634
2817620,14,634
1990590,14,634
1763230,14,634
1342040,14,634
512680,14,634
1674530,14,634
1201280,14,634
329070,14,634
1399690,14,634
356430,14,634
992050,14,634
1328890,14,634
3436440,14,634
945440,14,634
1072120,14,634
983640,14,634
1706850,14,634
1071680,14,634
1799930,14,634
886590,14,634
658970,14,634
1011130,14,634
1560060,14,634
1315680,14,634
366780,14,634
2377910,14,634
268220,14,634
3126980,14,634
491720,14,634
1687530,14,634
2918410,14,634
813650,14,634
1046470,14,634
399010,14,634
1048090,14,634
1599780,14,634
2582660,14,634
1054560,14,634
1933650,14,634
827120,14,634
499940,14,634
449160,14,634
592300,14,634
216260,14,634
2095340,14,634
360620,14,634
724130,14,634
1934300,14,634
1190160,14,634
838540,14,634
2771670,14,634
403690,14,634
887530,14,634
974870,14,634
703400,14,634
1053170,14,634
1146230,14,634
1973580,14,634
3443770,14,634
1477570,14,634
2276420,14,634
1755350,14,634
1022130,14,634
1086410,14,634
2516920,14,634
2249690,14,634
1405470,14,634
23450,14,634
1992770,14,634
3025290,14,634
2288210,14,634
1770210,14,634
905970,14,634
2915460,14,634
2791020,14,634
814540,14,634
809060,14,634
1386870,14,634
2191050,14,634
2708280,14,634
1950440,14,634
2350310,14,634
2008980,14,634
2123140,14,634
1524530,14,634
336130,14,634
2919650,14,634
1063790,14,634
1141760,14,634
501840,14,634
779800,14,634
3261920,14,634
1394930,14,634
850710,14,634
2185500,14,634
3386890,14,634
574920,14,634
3320070,14,634
748540,14,634
584280,14,634
1184210,14,634
1278390,14,634
1419750,14,634
33520,14,634
1951230,14,634
3015510,14,634
849360,14,634
2432200,14,634
3205080,14,634
3343770,14,634
3270020,14,634
1210250,14,634
1220160,14,634
3212530,14,634
3265280,14,634
959890,14,634
2235240,14,634
3422550,14,634
3041810,14,634
1248220,14,634
3167970,14,634
354200,14,634
1731200,14,634
2864830,14,634
3569400,14,634
432580,14,634
1013870,14,634
1421760,14,634
370590,14,634
1020730,14,634
1395850,14,634
2300920,14,634
849940,14,634
304690,14,634
3450230,14,634
1012030,14,634
1501690,14,634
1719100,14,634
2202590,14,634
495560,14,634
1737340,14,634
921700,14,634
1045340,14,634
790850,14,634
1967820,14,634
1536620,14,634
3194070,14,634
1385780,14,634
1067580,14,634
339200,14,634
816650,14,634
3243190,14,634
593280,14,634
691450,14,634
80350,14,634
1246940,14,634
3116620,14,634
2647060,14,634
978460,14,634
402390,14,634
525680,14,634
2057550,14,634
1128260,14,634
620570,14,634
955070,14,634
326480,14,634
2533960,14,634
251730,14,634
2206350,14,634
2121360,14,634
1198850,14,634
2991400,14,634
2687990,14,634
2180700,14,634
317410,14,634
1797680,14,634
205610,14,634
1763050,14,634
969760,14,634
3373670,14,634
711190,14,634
1158910,14,634
684000,14,634
490230,14,634
1332450,14,634
1647440,14,634
1304350,14,634
3056370,14,634
1270210,14,634
2384920,14,634
2359170,14,634
417860,14,634
578840,14,634
2675800,14,634
646270,14,634
2417990,14,634
370870,14,634
561590,14,634
2307300,14,634
552880,14,634
2878000,14,634
1441840,14,634
741320,14,634
877780,14,634
2312480,14,634
345090,14,634
3030360,14,634
1074030,14,634
930640,14,634
2543770,14,634
649640,14,634
2081630,14,634
2390230,14,634
443880,14,634
3497720,14,634
1857020,14,634
1028850,14,634
1853200,14,634
859740,14,634
284220,14,634
1570980,14,634
652700,14,634
3419160,14,634
2398450,14,634
1713810,14,634
2718440,14,634
610210,14,634
2860770,14,634
335990,14,634
795990,14,634
2106610,14,634
649990,14,634
1839660,14,634
1008800,14,634
397740,14,634
896040,14,634
2367970,14,634
1463510,14,634
490860,14,634
758930,14,634
417360,14,634
1078350,14,634
1711480,14,634
925570,14,634
2630020,14,634
1286710,14,634
231040,14,634
1629710,14,634
1246930,14,634
600290,14,634
513370,14,634
2109060,14,634
2756830,14,634
1863750,14,634
691080,14,634
2393770,14,634
777340,14,634
369030,14,634
333340,14,634
736250,14,634
1116960,14,634
310370,14,634
2796340,14,634
2207470,14,634
1054600,14,634
2230650,14,634
696110,14,634
1304680,14,634
1287130,14,634
3090790,14,634
959880,14,634
2846060,14,634
623580,14,634
675120,14,634
1931020,14,634
898720,14,634
1985480,14,634
3147390,14,634
546210,14,634
963870,14,634
2494780,14,634
1338420,14,634
1427860,14,634
1213700,14,634
800700,14,634
2429890,14,634
489580,14,634
1715730,14,634
2690970,14,634
2923560,14,634
337820,14,634
1693250,14,634
1551670,14,634
2485350,14,634
1359630,14,634
10270,14,634
863900,14,634
1342090,14,634
3022060,14,634
2420620,14,634
587110,15,230
3430470,15,230
427700,15,230
1590320,15,230
542750,15,230
615180,15,230
2961330,15,230
599430,15,230
1797490,15,230
1584980,15,230
305510,15,230
677910,15,230
2368300,15,230
1408060,15,230
375750,15,230
401800,15,230
403410,15,230
701930,15,230
1174380,15,230
575490,15,230
372360,15,230
1420300,15,230
559250,15,230
2448930,15,230
3195680,15,230
1034860,15,230
1581700,15,230
1318040,15,230
335420,15,230
1982040,15,230
580040,15,230
1033810,15,230
1082060,15,230
424950,15,230
1285060,15,230
1031660,15,230
3130500,15,230
2802290,15,230
248330,15,230
650710,15,230
330390,15,230
3339830,15,230
207320,15,230
1198260,15,230
933970,15,230
2892310,15,230
496120,15,230
880620,15,230
341750,15,230
1572270,15,230
2084640,15,230
2631130,15,230
394160,15,230
991790,15,230
655780,15,230
3675060,15,230
836420,15,230
1160360,15,230
1783110,15,230
1207780,15,230
1285670,15,230
1357830,15,230
589080,15,230
250420,15,230
1282690,15,230
1089820,15,230
1667700,15,230
2834110,15,230
2098790,15,230
3414600,15,230
1949220,15,230
903730,15,230
396800,15,230
2849680,15,230
2637990,15,230
223870,15,230
1967220,15,230
262000,15,230
1517850,15,230
493480,15,230
3516150,15,230
1333800,15,230
382460,15,230
910450,15,230
1057430,15,230
1027830,15,230
2860990,15,230
2850000,15,230
349970,15,230
1008010,15,230
646280,15,230
263540,15,230
686770,15,230
2351730,15,230
3163110,15,230
1719390,15,230
1967470,15,230
207350,15,230
283530,15,230
579820,15,230
1059980,15,230
801600,15,230
443260,15,230
1968610,15,230
1420290,15,230
938310,15,230
352070,15,230
2628100,15,230
386690,15,230
545960,15,230
932970,15,230
1045110,15,230
3058030,15,230
2853160,15,230
1174320,15,230
417080,15,230
1714320,15,230
690080,15,230
840720,15,230
223810,15,230
2394070,15,230
557410,15,230
522230,15,230
2460920,15,230
2156430,15,230
670260,15,230
859170,15,230
1582890,15,230
541930,15,230
2103620,15,230
2345220,15,230
1720780,15,230
638650,15,230
3301040,15,230
251270,15,230
334880,15,230
3206520,15,230
2723520,15,230
1372770,15,230
2624280,15,230
809020,15,230
504850,15,230
2238710,15,230
510500,15,230
654770,15,230
681590,15,230
2123030,15,230
360640,15,230
2438680,15,230
911550,15,230
838010,15,230
2602030,15,230
1106690,15,230
2281410,15,230
1806120,15,230
2741110,15,230
1781260,15,230
312560,15,230
987980,15,230
1565140,15,230
431940,15,230
251670,15,230
1733640,15,230
2218930,15,230
448470,15,230
1942110,15,230
352210,15,230
958480,15,230
2258890,15,230
2757820,15,230
2534120,15,230
216670,15,230
3077030,15,230
465440,15,230
2175210,15,230
1952370,15,230
1802870,15,230
2862870,15,230
783590,15,230
1557420,15,230
310460,15,230
1975520,15,230
1143740,15,230
2194410,15,230
1868000,15,230
612810,15,230
228960,15,230
791950,15,230
374180,15,230
1916310,15,230
2404390,15,230
1480480,15,230
1026070,15,230
752640,15,230
552000,15,230
795100,15,230
2754690,15,230
2465840,15,230
3205000,15,230
444770,15,230
1195560,15,230
1968650,15,230
2506090,15,230
1800940,15,230
1681600,15,230
680310,15,230
1498120,15,230
2738990,15,230
512460,15,230
951570,15,230
1724840,15,230
3070520,15,230
2121980,15,230
566690,15,230
2857880,15,230
1273260,15,230
373880,15,230
1593790,15,230
2330750,15,230
2251120,15,230
403430,15,230
2668050,15,230
597200,15,230
345150,15,230
2172320,15,230
3582710,15,230
1305310,15,230
2880010,15,230
1303670,15,230
773870,15,230
307900,16,188
703880,16,188
330580,16,188
1186220,16,188
2013730,16,188
2014620,16,188
494490,16,188
664120,16,188
750330,16,188
489080,16,188
307920,16,188
1410840,16,188
317850,16,188
873280,16,188
1035930,16,188
1338840,16,188
2595490,16,188
1842730,16,188
351290,16,188
1444300,16,188
253860,16,188
2340890,16,188
467220,16,188
972850,16,188
646680,16,188
1780290,16,188
411530,16,188
2894560,16,188
458490,16,188
1290220,16,188
573720,16,188
356730,16,188
40720,16,188
1571960,16,188
668680,16,188
502600,16,188
976390,16,188
396430,16,188
3422700,16,188
413760,16,188
3213690,16,188
2994240,16,188
211050,16,188
2824310,16,188
306480,16,188
2254000,16,188
1288920,16,188
670090,16,188
1049280,16,188
316360,16,188
822550,16,188
691150,16,188
1173280,16,188
1222050,16,188
2096510,16,188
2635340,16,188
1158420,16,188
1142830,16,188
573710,16,188
2514960,16,188
1796210,16,188
1900,16,188
1060300,16,188
1508460,16,188
305070,16,188
1673190,16,188
816210,16,188
1139140,16,188
1173010,16,188
778260,16,188
3306780,16,188
1424080,16,188
1222750,16,188
1337270,16,188
1040630,16,188
1797300,16,188
1093910,16,188
3206200,16,188
2770160,16,188
2978180,16,188
418360,16,188
2581410,16,188
223220,16,188
3142660,16,188
304350,16,188
1128000,16,188
1097810,16,188
218410,16,188
2194400,16,188
771410,16,188
1109160,16,188
868260,16,188
1085750,16,188
1159520,16,188
2367560,16,188
314230,16,188
421120,16,188
2819420,16,188
2540230,16,188
401120,16,188
612380,16,188
1290490,16,188
1642890,16,188
32150,16,188
719320,16,188
357600,16,188
253880,16,188
2127010,16,188
7520,16,188
2956820,16,188
1579260,16,188
1506980,16,188
412350,16,188
2254030,16,188
2811860,16,188
601930,16,188
2492030,16,188
2320010,16,188
2639380,16,188
296870,16,188
1130990,16,188
1694200,16,188
1430970,16,188
1260390,16,188
2050510,16,188
310790,16,188
411060,16,188
2583300,16,188
785760,16,188
1111030,16,188
881520,16,188
2464470,16,188
3478060,16,188
2124620,16,188
815390,16,188
1267210,16,188
1245090,16,188
1769980,16,188
1269690,16,188
410770,16,188
331920,16,188
1642260,16,188
3220730,16,188
573670,16,188
2000330,16,188
1138640,16,188
2258290,16,188
2194590,16,188
530500,16,188
1086640,16,188
223090,16,188
226120,16,188
2691350,16,188
1383150,16,188
380120,16,188
2862520,16,188
1058350,16,188
664250,16,188
905100,16,188
801550,16,188
1783960,16,188
253920,16,188
573750,16,188
1116880,16,188
3222850,16,188
1212020,16,188
2930160,16,188
2512840,16,188
1033420,16,188
1028440,16,188
857080,16,188
1690690,16,188
931430,16,188
412480,16,188
711660,16,188
2875110,16,188
252550,16,188
1424660,16,188
2291340,16,188
1822910,16,188
434210,16,188
2806230,16,188
1337280,16,188
1736630,16,188
2886970,16,188
3072160,16,188
598330,16,188
416340,16,188
739030,17,149
2026990,17,149
2845190,17,149
342360,17,149
532660,17,149
983450,17,149
666610,17,149
2518900,17,149
493310,17,149
345580,17,149
3062030,17,149
370810,17,149
1660520,17,149
1689080,17,149
3061170,17,149
266130,17,149
1174720,17,149
1717170,17,149
1116580,17,149
3043710,17,149
1822710,17,149
1017580,17,149
662830,17,149
1024800,17,149
2847110,17,149
401420,17,149
2313130,17,149
2579280,17,149
2625510,17,149
963930,17,149
1222940,17,149
453660,17,149
1409160,17,149
848050,17,149
1976980,17,149
1010890,17,149
1178130,17,149
866510,17,149
2661210,17,149
2098130,17,149
828740,17,149
1790630,17,149
2994260,17,149
3215660,17,149
1131810,17,149
1758220,17,149
2677310,17,149
2137760,17,149
2207970,17,149
1630080,17,149
1116550,17,149
716260,17,149
215870,17,149
1189230,17,149
2022330,17,149
940300,17,149
987770,17,149
423710,17,149
302320,17,149
1112830,17,149
311860,17,149
1231580,17,149
3443610,17,149
2178930,17,149
2144220,17,149
1969130,17,149
665740,17,149
1338470,17,149
3614120,17,149
2023810,17,149
2240530,17,149
1042560,17,149
2190200,17,149
488910,17,149
858050,17,149
1021130,17,149
651090,17,149
2461430,17,149
708760,17,149
1813820,17,149
1550270,17,149
3077020,17,149
3057190,17,149
1982340,17,149
799120,17,149
1305420,17,149
1823490,17,149
305390,17,149
364790,17,149
1203160,17,149
356100,17,149
1636710,17,149
355170,17,149
3057390,17,149
459380,17,149
304850,17,149
400410,17,149
652810,17,149
1417890,17,149
450170,17,149
308600,17,149
283020,17,149
1654990,17,149
789540,17,149
915310,17,149
3047030,17,149
473470,17,149
2482190,17,149
671620,17,149
2348120,17,149
2163060,17,149
316600,17,149
376200,17,149
3063130,17,149
113420,17,149
2578880,17,149
385070,17,149
657010,17,149
1700630,17,149
2895600,17,149
411960,17,149
2420880,17,149
2529130,17,149
699040,17,149
775270,17,149
1196080,17,149
1320450,17,149
1524630,17,149
283000,17,149
2125420,17,149
364850,17,149
637330,17,149
411970,17,149
496950,17,149
816150,17,149
2814820,17,149
1926120,17,149
1656640,17,149
310970,17,149
2828490,17,149
1315980,17,149
886460,17,149
2457030,17,149
2497430,17,149
671910,17,149
671800,17,149
3106160,17,149
553340,17,149
1984230,17,149
2192860,18,408
367810,18,408
370910,18,408
1766930,18,408
1105460,18,408
740950,18,408
883390,18,408
261940,18,408
2986370,18,408
452180,18,408
432310,18,408
597730,18,408
1411910,18,408
326590,18,408
2252330,18,408
1087270,18,408
1482620,18,408
2310700,18,408
1272450,18,408
321880,18,408
450110,18,408
2738600,18,408
2560460,18,408
1135810,18,408
952420,18,408
97130,18,408
1340560,18,408
913160,18,408
1345870,18,408
3436100,18,408
1250220,18,408
285010,18,408
313730,18,408
378110,18,408
1349830,18,408
2828980,18,408
2481020,18,408
2012540,18,408
1779200,18,408
1724860,18,408
814930,18,408
2678340,18,408
1025250,18,408
48710,18,408
3062410,18,408
897130,18,408
2790090,18,408
359340,18,408
1125240,18,408
1395230,18,408
576030,18,408
1534340,18,408
1257810,18,408
3168890,18,408
38080,18,408
2302560,18,408
1250520,18,408
1618310,18,408
1056570,18,408
3068100,18,408
2577760,18,408
1730360,18,408
1281200,18,408
1457640,18,408
291430,18,408
1702760,18,408
3107900,18,408
987150,18,408
1334700,18,408
1651490,18,408
1556860,18,408
378070,18,408
622610,18,408
498030,18,408
389140,18,408
1235360,18,408
3318320,18,408
631570,18,408
275350,18,408
1571990,18,408
1156990,18,408
1103210,18,408
761010,18,408
316010,18,408
673220,18,408
1584330,18,408
1230100,18,408
754260,18,408
879250,18,408
1812060,18,408
2518120,18,408
657470,18,408
2022290,18,408
618200,18,408
605100,18,408
1105300,18,408
2220360,18,408
1679290,18,408
2379900,18,408
250260,18,408
518610,18,408
1579880,18,408
499620,18,408
3031150,18,408
346820,18,408
746580,18,408
2450820,18,408
921610,18,408
1569700,18,408
273680,18,408
673060,18,408
2404820,18,408
3152580,18,408
2413660,18,408
1659050,18,408
419290,18,408
1461910,18,408
3240260,18,408
91200,18,408
2299660,18,408
684840,18,408
2423070,18,408
1158280,18,408
970710,18,408
454690,18,408
557630,18,408
2157710,18,408
364830,18,408
3526830,18,408
998150,18,408
725140,18,408
2220870,18,408
833090,18,408
979070,18,408
822190,18,408
3076520,18,408
1796720,18,408
1932570,18,408
739720,18,408
1850550,18,408
449140,18,408
1229060,18,408
2060590,18,408
1860570,18,408
500670,18,408
796580,18,408
2662780,18,408
1937470,18,408
480500,18,408
1167790,18,408
1417340,18,408
2052990,18,408
461820,18,408
556830,18,408
527720,18,408
839870,18,408
2153770,18,408
2537300,18,408
879610,18,408
392600,18,408
38100,18,408
2313160,18,408
1137410,18,408
814210,18,408
1457650,18,408
793350,18,408
2498570,18,408
3510910,18,408
3230020,18,408
1590230,18,408
685310,18,408
31270,18,408
3122210,18,408
518620,18,408
2336720,18,408
975270,18,408
599460,18,408
1230980,18,408
2968430,18,408
2551500,18,408
1939560,18,408
451130,18,408
461950,18,408
3070380,18,408
675260,18,408
938960,18,408
856160,18,408
372030,18,408
535890,18,408
1602980,18,408
828590,18,408
2233790,18,408
2543110,18,408
1902710,18,408
3013730,18,408
3073860,18,408
2075960,18,408
449540,18,408
752180,18,408
2293850,18,408
1058770,18,408
1972470,18,408
1697880,18,408
294750,18,408
1951220,18,408
614970,18,408
2317560,18,408
58410,18,408
710030,18,408
951830,18,408
236730,18,408
1128970,18,408
2586000,18,408
1458560,18,408
1457630,18,408
573270,18,408
1455070,18,408
1057980,18,408
891900,18,408
2278740,18,408
1614890,18,408
988250,18,408
804350,18,408
423810,18,408
2462520,18,408
2928650,18,408
1664220,18,408
1144110,18,408
29180,18,408
297780,18,408
406150,18,408
1335230,18,408
1597460,18,408
931780,18,408
2935040,18,408
956680,18,408
3034450,18,408
358200,18,408
2788960,18,408
1669010,18,408
1404660,18,408
939770,18,408
265990,18,408
1596540,18,408
787450,18,408
2875140,18,408
528020,18,408
2675890,18,408
498240,18,408
933540,18,408
368990,18,408
1853830,18,408
2878710,18,408
1486190,18,408
31180,18,408
664800,18,408
1335560,18,408
783940,18,408
1343990,18,408
713460,18,408
1647160,18,408
1599470,18,408
505630,18,408
2620220,18,408
2109270,18,408
1179080,18,408
1185520,18,408
443460,18,408
358340,18,408
2550040,18,408
1126960,18,408
1326270,18,408
588750,18,408
1098050,18,408
595960,18,408
2845200,18,408
315840,18,408
1765350,18,408
2422090,18,408
580640,18,408
1437870,18,408
614770,18,408
3179270,18,408
758500,18,408
2193490,18,408
1562910,18,408
495140,18,408
534970,18,408
1131670,18,408
202690,18,408
2186400,18,408
703840,18,408
2137700,18,408
365860,18,408
1028880,18,408
823610,18,408
2355860,18,408
557800,18,408
1851330,18,408
1515890,18,408
31170,18,408
3166910,18,408
2082410,18,408
2013360,18,408
336150,18,408
2691620,18,408
293160,18,408
878610,18,408
1698960,18,408
2986250,18,408
820040,18,408
2685770,18,408
1437850,18,408
889740,18,408
328310,18,408
1181030,18,408
1873540,18,408
992960,18,408
386280,18,408
853240,18,408
244590,18,408
3460130,18,408
837190,18,408
1226640,18,408
418000,18,408
38110,18,408
2943150,18,408
577120,18,408
1015140,18,408
300220,18,408
1437860,18,408
2081460,18,408
462220,18,408
3405610,18,408
366730,18,408
1336060,18,408
590670,18,408
497860,18,408
664780,18,408
346130,18,408
1986040,18,408
2089350,18,408
3279160,18,408
284930,18,408
3718120,18,408
290930,18,408
2436480,18,408
2605180,18,408
1562860,18,408
1532510,18,408
681750,18,408
369970,18,408
482300,18,408
1603980,18,408
1287000,18,408
862690,18,408
1712890,18,408
31100,18,408
1301060,18,408
3509620,18,408
760510,18,408
1164740,18,408
839630,18,408
1211600,18,408
1470310,18,408
441380,18,408
1107300,18,408
503710,18,408
2962750,18,408
542740,18,408
868660,18,408
2459490,18,408
355050,18,408
964210,18,408
3138780,18,408
2719190,18,408
922400,18,408
1133930,18,408
2507980,18,408
3639370,18,408
393930,18,408
337720,18,408
964040,18,408
1739530,18,408
495320,18,408
1191840,18,408
1097870,18,408
1046820,18,408
392020,18,408
760890,18,408
1727040,18,408
667600,18,408
1150760,18,408
418940,18,408
413810,18,408
2204350,18,408
384890,18,408
448270,18,408
843810,18,408
861240,18,408
2933290,18,408
2976910,18,408
3601790,18,408
969170,18,408
340050,18,408
2384610,18,408
8330,18,408
1979570,18,408
348370,19,198
2274980,19,198
468100,19,198
2925410,19,198
3061500,19,198
1136160,19,198
854540,19,198
1574700,19,198
2827780,19,198
1075190,19,198
454200,19,198
361320,19,198
1722840,19,198
311440,19,198
949050,19,198
2660840,19,198
658920,19,198
261820,19,198
485330,19,198
466840,19,198
845250,19,198
1658310,19,198
595690,19,198
2752720,19,198
1235100,19,198
817720,19,198
546980,19,198
239840,19,198
686260,19,198
382260,19,198
1965390,19,198
1622780,19,198
587580,19,198
732090,19,198
2672430,19,198
3500070,19,198
1272840,19,198
1261040,19,198
1027940,19,198
290790,19,198
2333390,19,198
2176570,19,198
2236300,19,198
2867460,19,198
1319850,19,198
2102670,19,198
1048740,19,198
682000,19,198
2178330,19,198
1694260,19,198
1422430,19,198
469730,19,198
403560,19,198
2443780,19,198
2652500,19,198
1733060,19,198
1672880,19,198
3099690,19,198
864450,19,198
446770,19,198
878620,19,198
3569430,19,198
2976870,19,198
209850,19,198
1076640,19,198
1258040,19,198
3463050,19,198
555150,19,198
1012970,19,198
352610,19,198
792860,19,198
1118880,19,198
2075050,19,198
230070,19,198
3173130,19,198
1569520,19,198
1854250,19,198
2059310,19,198
2053940,19,198
1816010,19,198
443070,19,198
672770,19,198
1302930,19,198
519170,19,198
1722860,19,198
1848270,19,198
2802160,19,198
905490,19,198
2868430,19,198
965590,19,198
2989770,19,198
2650590,19,198
798560,19,198
280520,19,198
2678070,19,198
1611580,19,198
2177760,19,198
2529610,19,198
429810,19,198
1607310,19,198
496630,19,198
1948100,19,198
1147330,19,198
837590,19,198
1972710,19,198
873970,19,198
418070,19,198
716340,19,198
2854710,19,198
1427210,19,198
496750,19,198
663690,19,198
698320,19,198
568030,19,198
3256650,19,198
32630,19,198
515470,19,198
405710,19,198
211260,19,198
3001900,19,198
2358040,19,198
369860,19,198
2756380,19,198
2270600,19,198
454950,19,198
740780,19,198
520720,19,198
1200860,19,198
1187510,19,198
1938300,19,198
2522520,19,198
573260,19,198
2158270,19,198
762940,19,198
781610,19,198
257030,19,198
2438970,19,198
540650,19,198
769590,19,198
2874850,19,198
2900670,19,198
1682630,19,198
690060,19,198
331510,19,198
1032430,19,198
2176560,19,198
2329630,19,198
3016840,19,198
32770,19,198
668960,19,198
1259510,19,198
1745310,19,198
3476660,19,198
1078510,19,198
3599070,19,198
1568540,19,198
809880,19,198
2539910,19,198
24420,19,198
3207930,19,198
1843730,19,198
2417940,19,198
930300,19,198
863560,19,198
2222720,19,198
601180,19,198
1975570,19,198
1604060,19,198
1787480,19,198
631660,19,198
2458490,19,198
2460070,19,198
1222300,19,198
1722870,19,198
1193090,19,198
2160360,19,198
499420,19,198
3418780,19,198
2179510,19,198
1744570,19,198
959510,19,198
3499520,19,198
2789460,19,198
2789420,19,198
2143540,19,198
851110,19,198
2902370,19,198
463130,19,198
2386250,19,198
336060,19,198
1026110,19,198
3058140,19,198
2177750,19,198
2248180,19,198
883070,19,198
1064140,19,198
2666590,19,198
3005640,19,198
453690,20,1116
1357610,20,1116
851810,20,1116
325520,20,1116
511470,20,1116
80520,20,1116
3033660,20,1116
1000560,20,1116
465280,20,1116
447800,20,1116
1730250,20,1116
1662480,20,1116
2531370,20,1116
690040,20,1116
1184870,20,1116
1289380,20,1116
1597310,20,1116
285800,20,1116
284050,20,1116
2134770,20,1116
2244880,20,1116
1465550,20,1116
302120,20,1116
1682050,20,1116
454410,20,1116
350640,20,1116
2417850,20,1116
2348100,20,1116
1573100,20,1116
249650,20,1116
1566060,20,1116
2104650,20,1116
3493560,20,1116
556870,20,1116
1992640,20,1116
1663040,20,1116
514170,20,1116
1087390,20,1116
244350,20,1116
290040,20,1116
965320,20,1116
1801650,20,1116
397460,20,1116
314830,20,1116
1374840,20,1116
576770,20,1116
1076200,20,1116
2083240,20,1116
1292180,20,1116
1999170,20,1116
931310,20,1116
2355150,20,1116
2596420,20,1116
3008190,20,1116
1967260,20,1116
574980,20,1116
3209890,20,1116
2168260,20,1116
363620,20,1116
212240,20,1116
1870150,20,1116
1103100,20,1116
1444400,20,1116
261220,20,1116
1146970,20,1116
329630,20,1116
3471590,20,1116
1605010,20,1116
115210,20,1116
584100,20,1116
3499150,20,1116
556450,20,1116
507400,20,1116
1120950,20,1116
1028490,20,1116
1928090,20,1116
1995770,20,1116
1628620,20,1116
2085370,20,1116
1897650,20,1116
1678140,20,1116
1040420,20,1116
287680,20,1116
1318240,20,1116
2886550,20,1116
661690,20,1116
3450210,20,1116
1432910,20,1116
371520,20,1116
2245910,20,1116
1590760,20,1116
2376170,20,1116
1755580,20,1116
1754290,20,1116
798610,20,1116
490280,20,1116
333880,20,1116
2746320,20,1116
2779570,20,1116
1129250,20,1116
209630,20,1116
1313900,20,1116
464140,20,1116
1615060,20,1116
643960,20,1116
1174640,20,1116
3513940,20,1116
3380340,20,1116
272260,20,1116
1787960,20,1116
966330,20,1116
292570,20,1116
2945540,20,1116
3344950,20,1116
434920,20,1116
384190,20,1116
1126290,20,1116
1100260,20,1116
3440120,20,1116
426610,20,1116
1768780,20,1116
1764240,20,1116
2098090,20,1116
496260,20,1116
450860,20,1116
359840,20,1116
572150,20,1116
351860,20,1116
414620,20,1116
1119600,20,1116
550080,20,1116
267530,20,1116
505730,20,1116
1813860,20,1116
629690,20,1116
46430,20,1116
2229920,20,1116
3024540,20,1116
39620,20,1116
1608230,20,1116
241060,20,1116
993780,20,1116
1895190,20,1116
366250,20,1116
2572400,20,1116
1492680,20,1116
1514930,20,1116
1948160,20,1116
3282670,20,1116
11040,20,1116
1159830,20,1116
2365080,20,1116
39130,20,1116
602700,20,1116
332410,20,1116
1796220,20,1116
3431690,20,1116
1078710,20,1116
2988080,20,1116
1911860,20,1116
1198730,20,1116
1101580,20,1116
11140,20,1116
330970,20,1116
1902870,20,1116
252890,20,1116
571310,20,1116
492500,20,1116
590590,20,1116
392940,20,1116
2102480,20,1116
362780,20,1116
1367590,20,1116
3494510,20,1116
4890,20,1116
439170,20,1116
11050,20,1116
2976900,20,1116
212370,20,1116
228260,20,1116
366270,20,1116
2190140,20,1116
542400,20,1116
1070550,20,1116
464500,20,1116
2450120,20,1116
1008740,20,1116
2360260,20,1116
314810,20,1116
1546860,20,1116
832500,20,1116
497080,20,1116
2878600,20,1116
1154810,20,1116
1108000,20,1116
1058320,20,1116
2430930,20,1116
41220,20,1116
2441120,20,1116
3596260,20,1116
1385100,20,1116
2907190,20,1116
400980,20,1116
2455370,20,1116
2875090,20,1116
1539140,20,1116
201020,20,1116
1153430,20,1116
1766100,20,1116
1801850,20,1116
218680,20,1116
1369340,20,1116
223180,20,1116
430040,20,1116
400740,20,1116
665360,20,1116
218820,20,1116
2427360,20,1116
1581800,20,1116
1132910,20,1116
522220,20,1116
1904860,20,1116
271840,20,1116
1172450,20,1116
1562420,20,1116
3694220,20,1116
2429020,20,1116
1047110,20,1116
434460,20,1116
612520,20,1116
2608620,20,1116
205650,20,1116
625000,20,1116
331670,20,1116
345610,20,1116
1829350,20,1116
272290,20,1116
1561960,20,1116
2935400,20,1116
578990,20,1116
2475460,20,1116
42640,20,1116
2738040,20,1116
541300,20,1116
529420,20,1116
368370,20,1116
239940,20,1116
2725200,20,1116
1453490,20,1116
1902850,20,1116
626610,20,1116
1088400,20,1116
1952520,20,1116
1049710,20,1116
1914060,20,1116
1478160,20,1116
46550,20,1116
1402120,20,1116
546340,20,1116
2969380,20,1116
1792080,20,1116
3237710,20,1116
202710,20,1116
360830,20,1116
2978540,20,1116
568930,20,1116
2203040,20,1116
1903620,20,1116
80650,20,1116
257850,20,1116
2163590,20,1116
1850270,20,1116
2117470,20,1116
1904580,20,1116
55190,20,1116
2744880,20,1116
1508740,20,1116
2336200,20,1116
1008860,20,1116
2129810,20,1116
1162050,20,1116
1262060,20,1116
1399670,20,1116
545590,20,1116
3535380,20,1116
284870,20,1116
353700,20,1116
302530,20,1116
1813130,20,1116
200060,20,1116
51040,20,1116
448020,20,1116
871280,20,1116
1255040,20,1116
539300,20,1116
531930,20,1116
2101520,20,1116
5930,20,1116
434120,20,1116
2858150,20,1116
4800,20,1116
2072810,20,1116
638200,20,1116
1751000,20,1116
2916170,20,1116
280440,20,1116
528110,20,1116
1432850,20,1116
363600,20,1116
2826440,20,1116
1111940,20,1116
611760,20,1116
918670,20,1116
2875760,20,1116
1578220,20,1116
578590,20,1116
1056610,20,1116
2350550,20,1116
1933840,20,1116
406160,20,1116
204120,20,1116
1507780,20,1116
618470,20,1116
410950,20,1116
1314630,20,1116
305190,20,1116
1888840,20,1116
240600,20,1116
109400,20,1116
996770,20,1116
383630,20,1116
1963720,20,1116
1498740,20,1116
2288440,20,1116
3044550,20,1116
2914420,20,1116
834800,20,1116
519200,20,1116
2916200,20,1116
3161800,20,1116
2095950,20,1116
2071200,20,1116
1164310,20,1116
1428520,20,1116
6350,20,1116
3425340,20,1116
1273220,20,1116
2747550,20,1116
331870,20,1116
1389840,20,1116
3380740,20,1116
3498810,20,1116
1097200,20,1116
2366970,20,1116
2285630,20,1116
1606300,20,1116
2453610,20,1116
1517970,20,1116
2916220,20,1116
3054090,20,1116
201700,20,1116
258890,20,1116
323490,20,1116
3389860,20,1116
511270,20,1116
610120,20,1116
3159570,20,1116
1418760,20,1116
830590,20,1116
1142390,20,1116
1652610,20,1116
366420,20,1116
1889040,20,1116
2154650,20,1116
3112730,20,1116
1610700,20,1116
2681910,20,1116
439800,20,1116
377720,20,1116
1805130,20,1116
5030,20,1116
1571460,20,1116
2398170,20,1116
534550,20,1116
1823710,20,1116
247830,20,1116
224480,20,1116
557600,20,1116
2401460,20,1116
41010,20,1116
240150,20,1116
2653260,20,1116
243380,20,1116
2812610,20,1116
1160920,20,1116
1662210,20,1116
1848450,20,1116
348240,20,1116
1503850,20,1116
1935010,20,1116
1926580,20,1116
2916180,20,1116
404930,20,1116
959000,20,1116
1554220,20,1116
2217110,20,1116
362980,20,1116
2884190,20,1116
1254620,20,1116
275440,20,1116
368510,20,1116
817840,20,1116
438480,20,1116
536890,20,1116
1146510,20,1116
1249130,20,1116
1981140,20,1116
364710,20,1116
857450,20,1116
1690920,20,1116
2176790,20,1116
257890,20,1116
1903970,20,1116
2516170,20,1116
534370,20,1116
214150,20,1116
441920,20,1116
1088970,20,1116
1373550,20,1116
338800,20,1116
383040,20,1116
421050,20,1116
261070,20,1116
289820,20,1116
400850,20,1116
370670,20,1116
10510,20,1116
2206270,20,1116
391860,20,1116
1358140,20,1116
2536840,20,1116
1590750,20,1116
312200,20,1116
667720,20,1116
590970,20,1116
284770,20,1116
249380,20,1116
3088040,20,1116
2141770,20,1116
1394960,20,1116
203830,20,1116
2744010,20,1116
247020,20,1116
619150,20,1116
1728520,20,1116
535000,20,1116
442070,20,1116
2529080,20,1116
214340,20,1116
1967600,20,1116
570780,20,1116
91310,20,1116
1058200,20,1116
2642820,20,1116
612300,20,1116
2186360,20,1116
915600,20,1116
452570,20,1116
502150,20,1116
2820140,20,1116
1202690,20,1116
439190,20,1116
1904530,20,1116
3518880,20,1116
573120,20,1116
1525190,20,1116
930280,20,1116
3201530,20,1116
2851150,20,1116
461730,20,1116
1229900,20,1116
514620,20,1116
1520760,20,1116
598980,20,1116
2249160,20,1116
1667400,20,1116
465940,20,1116
1272010,20,1116
386730,20,1116
284750,20,1116
2945280,20,1116
2671210,20,1116
71310,20,1116
1556490,20,1116
272830,20,1116
2140100,20,1116
998930,20,1116
448080,20,1116
546790,20,1116
328850,20,1116
1089080,20,1116
1771690,20,1116
1356180,20,1116
473520,20,1116
453670,20,1116
1974290,20,1116
109410,20,1116
707250,20,1116
1392340,20,1116
1841250,20,1116
369420,20,1116
2337860,20,1116
603000,20,1116
493320,20,1116
26110,20,1116
1345890,20,1116
2088340,20,1116
240930,20,1116
1485690,20,1116
2820130,20,1116
2756120,20,1116
678850,20,1116
427030,20,1116
1472930,20,1116
1100760,20,1116
882250,20,1116
1167680,20,1116
560710,20,1116
566970,20,1116
2139300,20,1116
351510,20,1116
748300,20,1116
982290,20,1116
925460,20,1116
315970,20,1116
2853840,20,1116
271710,20,1116
347090,20,1116
313220,20,1116
2069640,20,1116
855640,20,1116
418670,20,1116
3057290,20,1116
1005240,20,1116
1134480,20,1116
1973080,20,1116
323850,20,1116
34000,20,1116
531920,20,1116
1990740,20,1116
1036910,20,1116
1971230,20,1116
1717640,20,1116
239760,20,1116
743390,20,1116
2296430,20,1116
1890860,20,1116
502770,20,1116
11150,20,1116
1478650,20,1116
201280,20,1116
1734280,20,1116
546700,20,1116
7400,20,1116
1429250,20,1116
1532920,20,1116
1021070,20,1116
850320,20,1116
201290,20,1116
3197110,20,1116
617830,20,1116
739080,20,1116
1633370,20,1116
208400,20,1116
1865170,20,1116
3009830,20,1116
465490,20,1116
11060,20,1116
21980,20,1116
1111810,20,1116
1028500,20,1116
1788890,20,1116
826940,20,1116
2957290,20,1116
303760,20,1116
3612390,20,1116
1549550,20,1116
2840900,20,1116
938380,20,1116
463980,20,1116
675610,20,1116
1603180,20,1116
1555110,20,1116
12690,20,1116
2206340,20,1116
2377240,20,1116
1375930,20,1116
314790,20,1116
1992370,20,1116
241050,20,1116
1104470,20,1116
1597730,20,1116
503770,20,1116
603090,20,1116
495110,20,1116
280180,20,1116
2793240,20,1116
569800,20,1116
1836160,20,1116
1334590,20,1116
489260,20,1116
1871480,20,1116
342860,20,1116
640310,20,1116
2413210,20,1116
1709900,20,1116
386620,20,1116
1102130,20,1116
957960,20,1116
2078120,20,1116
3172310,20,1116
202090,20,1116
916160,20,1116
1170760,20,1116
1710170,20,1116
1741120,20,1116
395930,20,1116
761460,20,1116
96300,20,1116
438640,20,1116
220740,20,1116
2089980,20,1116
1722020,20,1116
437430,20,1116
1547670,20,1116
362420,20,1116
1605320,20,1116
1819460,20,1116
952290,20,1116
779290,20,1116
3473600,20,1116
1856030,20,1116
3540440,20,1116
1713920,20,1116
2350530,20,1116
303850,20,1116
1674640,20,1116
1133110,20,1116
1027130,20,1116
393520,20,1116
1019550,20,1116
1677670,20,1116
391750,20,1116
296220,20,1116
366240,20,1116
754120,20,1116
1191290,20,1116
570770,20,1116
1057750,20,1116
1741130,20,1116
1839060,20,1116
540160,20,1116
2647820,20,1116
1145960,20,1116
1540350,20,1116
323720,20,1116
1937110,20,1116
3533230,20,1116
1266820,20,1116
1241170,20,1116
683230,20,1116
60800,20,1116
2424440,20,1116
233250,20,1116
431700,20,1116
351870,20,1116
241910,20,1116
719290,20,1116
251470,20,1116
2015080,20,1116
22200,20,1116
1543240,20,1116
1882280,20,1116
234270,20,1116
3338540,20,1116
865940,20,1116
1299620,20,1116
3736920,20,1116
432440,20,1116
673450,20,1116
2022930,20,1116
2282680,20,1116
1966350,20,1116
1008140,20,1116
2086680,20,1116
1700680,20,1116
395170,20,1116
1506810,20,1116
377420,20,1116
317740,20,1116
1144440,20,1116
39580,20,1116
1005310,20,1116
1000030,20,1116
212140,20,1116
1850960,20,1116
2066750,20,1116
25870,20,1116
2004000,20,1116
598550,20,1116
1550010,20,1116
2249750,20,1116
2741390,20,1116
940580,20,1116
612570,20,1116
395570,20,1116
303740,20,1116
42160,20,1116
639730,20,1116
1897110,20,1116
649950,20,1116
1306720,20,1116
338320,20,1116
253430,20,1116
11080,20,1116
939620,20,1116
406170,20,1116
1099220,20,1116
2102450,20,1116
1861970,20,1116
2419090,20,1116
1129310,20,1116
2307120,20,1116
1248080,20,1116
1198630,20,1116
2216600,20,1116
1060670,20,1116
3000350,20,1116
11120,20,1116
1002000,20,1116
2419900,20,1116
670370,20,1116
569290,20,1116
42870,20,1116
1683340,20,1116
393100,20,1116
3349480,20,1116
1603640,20,1116
2916210,20,1116
585830,20,1116
1201440,20,1116
1993490,20,1116
2830150,20,1116
2069150,20,1116
603440,20,1116
2389930,20,1116
534560,20,1116
23480,20,1116
2707110,20,1116
696310,20,1116
2547750,20,1116
607030,20,1116
1956600,20,1116
329970,20,1116
1931990,20,1116
1712820,20,1116
3361340,20,1116
658870,20,1116
1126470,20,1116
1730590,20,1116
1189290,20,1116
2839280,20,1116
281080,20,1116
1061490,20,1116
1620890,20,1116
3122890,20,1116
2066760,20,1116
812840,20,1116
1354830,20,1116
2820590,20,1116
279830,20,1116
620130,20,1116
523070,20,1116
965300,20,1116
262450,20,1116
1004370,20,1116
1588560,20,1116
895420,20,1116
1292770,20,1116
362150,20,1116
3249680,20,1116
22230,20,1116
603930,20,1116
860400,20,1116
401710,20,1116
115220,20,1116
1168660,20,1116
11190,20,1116
1429150,20,1116
1528560,20,1116
1119840,20,1116
546090,20,1116
3637060,20,1116
4880,20,1116
1904560,20,1116
886070,20,1116
351840,20,1116
496650,20,1116
1167950,20,1116
795160,20,1116
1790370,20,1116
2948640,20,1116
268540,20,1116
1944780,20,1116
428780,20,1116
583930,20,1116
351590,20,1116
1330190,20,1116
241130,20,1116
3307200,20,1116
1330890,20,1116
1543750,20,1116
548710,20,1116
1276660,20,1116
491950,20,1116
357100,20,1116
81620,20,1116
632200,20,1116
1472660,20,1116
433280,20,1116
817510,20,1116
2119940,20,1116
24760,20,1116
202030,20,1116
236530,20,1116
503650,20,1116
493820,20,1116
2067350,20,1116
1109680,20,1116
2176850,20,1116
255300,20,1116
40000,20,1116
569810,20,1116
1946910,20,1116
2312520,20,1116
545410,20,1116
928830,20,1116
232150,20,1116
702670,20,1116
236830,20,1116
438520,20,1116
676500,20,1116
2432030,20,1116
1904650,20,1116
241070,20,1116
351660,20,1116
1934040,20,1116
865540,20,1116
1069740,20,1116
314150,20,1116
804700,20,1116
1148480,20,1116
2244200,20,1116
201760,20,1116
2157360,20,1116
879510,20,1116
327220,20,1116
928610,20,1116
612540,20,1116
2959400,20,1116
514150,20,1116
39380,20,1116
3587400,20,1116
3028500,20,1116
239220,20,1116
2392760,20,1116
618970,20,1116
447780,20,1116
2140690,20,1116
385530,20,1116
337460,20,1116
1214670,20,1116
3095170,20,1116
1546370,20,1116
356040,20,1116
2119590,20,1116
3385370,20,1116
588110,20,1116
840140,20,1116
1515260,20,1116
793940,20,1116
351920,20,1116
366260,20,1116
2081080,20,1116
333300,20,1116
2008410,20,1116
1145560,20,1116
3461780,20,1116
1184560,20,1116
2181470,20,1116
1847240,20,1116
233840,20,1116
496980,20,1116
1960850,20,1116
1263520,20,1116
1904610,20,1116
252410,20,1116
748970,20,1116
1083650,20,1116
351700,20,1116
545800,20,1116
366230,20,1116
1359650,20,1116
866190,20,1116
211340,20,1116
789760,20,1116
501790,20,1116
1558990,20,1116
1231950,20,1116
2295070,20,1116
1247360,20,1116
1068360,20,1116
25000,20,1116
32900,20,1116
433450,20,1116
386700,20,1116
1688740,20,1116
1696220,20,1116
70600,20,1116
603350,20,1116
2485860,20,1116
291540,20,1116
2291850,20,1116
256500,20,1116
1577160,20,1116
2440200,20,1116
476400,20,1116
1206430,20,1116
455400,20,1116
2483850,20,1116
1211930,20,1116
305940,20,1116
924240,20,1116
1450090,20,1116
2348360,20,1116
2311990,20,1116
331660,20,1116
22800,20,1116
3488860,20,1116
34650,20,1116
613470,20,1116
1817940,20,1116
1436590,20,1116
1435010,20,1116
1428100,20,1116
2844700,20,1116
1400910,20,1116
3016920,20,1116
1632750,20,1116
2072640,20,1116
2694420,20,1116
447290,20,1116
1136020,20,1116
1459010,20,1116
2122090,20,1116
1207270,20,1116
2655010,20,1116
875310,20,1116
1500940,20,1116
376550,20,1116
560230,20,1116
23390,20,1116
255320,20,1116
437630,20,1116
1310330,20,1116
679520,20,1116
718590,20,1116
2702080,20,1116
3020,20,1116
562360,20,1116
563810,20,1116
3100490,20,1116
629030,20,1116
3221690,20,1116
1570010,20,1116
860020,20,1116
2416350,20,1116
363930,20,1116
1286990,20,1116
24500,20,1116
2345020,20,1116
393500,20,1116
1122240,20,1116
321870,20,1116
1802190,20,1116
531130,20,1116
699920,20,1116
337220,20,1116
3232500,20,1116
781260,20,1116
92250,20,1116
230820,20,1116
507010,20,1116
1674920,20,1116
2292650,20,1116
2287150,20,1116
1890880,20,1116
599000,20,1116
2650730,20,1116
2414340,20,1116
1676910,20,1116
2285940,20,1116
249870,20,1116
496680,20,1116
2344020,20,1116
2157680,20,1116
2013570,20,1116
366710,20,1116
410480,20,1116
450140,20,1116
289840,20,1116
1974220,20,1116
1259840,20,1116
2945100,20,1116
1439770,20,1116
1644500,20,1116
389950,20,1116
8630,20,1116
1245250,20,1116
762830,20,1116
2794610,20,1116
1918680,20,1116
1253610,20,1116
951430,20,1116
115200,20,1116
255280,20,1116
41210,20,1116
2401930,20,1116
367940,20,1116
1361000,20,1116
899310,20,1116
630060,20,1116
388420,20,1116
3703420,20,1116
1726190,20,1116
2673520,20,1116
3073350,20,1116
46480,20,1116
873490,20,1116
1641010,20,1116
415150,20,1116
455630,20,1116
3014550,20,1116
619330,20,1116
2414110,20,1116
241260,20,1116
976890,20,1116
561600,20,1116
2317950,20,1116
1291010,20,1116
2497930,20,1116
1968840,20,1116
23460,20,1116
202750,20,1116
3298150,20,1116
400800,20,1116
1014180,20,1116
2455340,20,1116
374190,20,1116
834740,20,1116
1772910,20,1116
1975280,20,1116
1314390,20,1116
615610,20,1116
1894810,20,1116
1349040,20,1116
1964040,20,1116
1447310,20,1116
3232040,20,1116
219910,20,1116
4870,20,1116
367540,20,1116
2916190,20,1116
2013240,20,1116
1757580,20,1116
1217390,20,1116
2882870,20,1116
465520,20,1116
818320,20,1116
1122680,20,1116
1263370,20,1116
2820110,20,1116
1853760,20,1116
744260,20,1116
337150,20,1116
485450,20,1116
3018910,20,1116
1425120,20,1116
2652000,20,1116
3295540,20,1116
1921780,20,1116
271260,20,1116
2441570,20,1116
239680,20,1116
241620,20,1116
2785340,20,1116
362130,20,1116
1865960,20,1116
1177380,20,1116
1638220,20,1116
567280,20,1116
1930640,20,1116
1949030,20,1116
701470,20,1116
1705140,20,1116
534200,20,1116
1078980,21,346
1485670,21,346
285050,21,346
648410,21,346
429610,21,346
24030,21,346
1704600,21,346
1477920,21,346
1546400,21,346
2780210,21,346
423840,21,346
2350,21,346
1553000,21,346
2430690,21,346
648580,21,346
1641700,21,346
1491670,21,346
1321750,21,346
220180,21,346
421860,21,346
1196330,21,346
81510,21,346
221430,21,346
29110,21,346
2538980,21,346
364610,21,346
1844380,21,346
399570,21,346
73040,21,346
267440,21,346
344650,21,346
698670,21,346
443050,21,346
328260,21,346
364650,21,346
512710,21,346
278140,21,346
1383000,21,346
794580,21,346
215820,21,346
2264090,21,346
376090,21,346
1556100,21,346
241500,21,346
600160,21,346
33310,21,346
991560,21,346
599680,21,346
1689000,21,346
1283230,21,346
943760,21,346
381690,21,346
757300,21,346
356750,21,346
206980,21,346
2760,21,346
2266250,21,346
1025440,21,346
390590,21,346
1569200,21,346
537320,21,346
970670,21,346
1402110,21,346
866060,21,346
757970,21,346
405230,21,346
1782570,21,346
1032600,21,346
965310,21,346
259280,21,346
357210,21,346
248820,21,346
1026460,21,346
1135910,21,346
599110,21,346
344790,21,346
38830,21,346
1258590,21,346
814610,21,346
1299510,21,346
881320,21,346
606530,21,346
2192790,21,346
783130,21,346
720260,21,346
2581470,21,346
702890,21,346
1714900,21,346
22680,21,346
1057910,21,346
105430,21,346
1343240,21,346
401600,21,346
2397250,21,346
292960,21,346
458430,21,346
1430110,21,346
1338040,21,346
221000,21,346
2239530,21,346
329650,21,346
2882080,21,346
339010,21,346
401040,21,346
404310,21,346
285630,21,346
254650,21,346
831660,21,346
1783190,21,346
668440,21,346
401060,21,346
564380,21,346
22670,21,346
100410,21,346
3064700,21,346
526150,21,346
219540,21,346
221410,21,346
1381870,21,346
296270,21,346
270990,21,346
952070,21,346
635640,21,346
999660,21,346
511000,21,346
443080,21,346
435110,21,346
506770,21,346
2528120,21,346
1548250,21,346
72910,21,346
633380,21,346
664400,21,346
1449320,21,346
43120,21,346
1145890,21,346
443030,21,346
1767600,21,346
1606070,21,346
1346400,21,346
267510,21,346
81820,21,346
932230,21,346
953860,21,346
364600,21,346
375960,21,346
344380,21,346
1486740,21,346
435890,21,346
29710,21,346
586130,21,346
1534840,21,346
1420710,21,346
858460,21,346
208320,21,346
1573720,21,346
925000,21,346
2865530,21,346
369140,21,346
2865440,21,346
269330,21,346
555440,21,346
3060280,21,346
2308230,21,346
3037580,21,346
358850,21,346
2380380,21,346
2613190,21,346
376890,21,346
267820,21,346
2399730,21,346
1080500,21,346
596350,21,346
295810,21,346
682570,21,346
1003890,21,346
1651350,21,346
1351210,21,346
324690,21,346
404350,21,346
1613130,21,346
33270,21,346
255480,21,346
980,21,346
219600,21,346
295350,21,346
1430680,21,346
345000,21,346
1827050,21,346
329030,21,346
1072500,21,346
780590,21,346
700580,21,346
1537710,21,346
761160,21,346
11900,21,346
961440,21,346
1069790,21,346
1300780,21,346
2652490,21,346
271240,21,346
904560,21,346
534300,21,346
267570,21,346
1546700,21,346
1355090,21,346
412680,21,346
2001340,21,346
2285300,21,346
482850,21,346
1096570,21,346
50410,21,346
454510,21,346
1310440,21,346
417280,21,346
1220,21,346
946870,21,346
12840,21,346
2857200,21,346
335880,21,346
1776410,21,346
216570,21,346
529600,21,346
1523600,21,346
378200,21,346
724970,21,346
2400200,21,346
1474740,21,346
298740,21,346
1059380,21,346
204080,21,346
21910,21,346
422230,21,346
1124260,21,346
36630,21,346
361580,21,346
1636660,21,346
1703920,21,346
44720,21,346
734880,21,346
1624110,21,346
2983140,21,346
291210,21,346
1221010,21,346
4550,21,346
2223650,21,346
2369210,21,346
404330,21,346
620590,21,346
765820,21,346
1370050,21,346
1037020,21,346
2291070,21,346
284710,21,346
299700,21,346
1286450,21,346
50650,21,346
399750,21,346
1419160,21,346
2775600,21,346
3381120,21,346
507320,21,346
396560,21,346
2358370,21,346
47900,21,346
38040,21,346
1175460,21,346
12170,21,346
996560,21,346
560450,21,346
526600,21,346
2273260,21,346
773860,21,346
438490,21,346
1612770,21,346
265200,21,346
971690,21,346
354060,21,346
586300,21,346
2366880,21,346
1636110,21,346
2307310,21,346
544270,21,346
2274200,21,346
266810,21,346
1670340,21,346
660190,21,346
2977520,21,346
425690,21,346
885170,21,346
739590,21,346
369630,21,346
271120,21,346
1767630,21,346
931180,21,346
48210,21,346
3210,21,346
1414850,21,346
2770,21,346
3630,21,346
2527390,21,346
233780,21,346
2718900,21,346
49700,21,346
105400,21,346
2613350,21,346
81890,21,346
220140,21,346
2110,21,346
381570,21,346
282350,21,346
200170,21,346
1832040,21,346
269910,21,346
28050,21,346
374900,21,346
221120,21,346
282160,21,346
1101360,21,346
1375400,21,346
2465200,21,346
760,21,346
658620,21,346
346680,21,346
5340,21,346
1724850,21,346
395210,21,346
401350,21,346
1305400,21,346
37950,21,346
21990,21,346
402370,21,346
293010,21,346
1515950,21,346
777320,21,346
861410,21,346
338720,21,346
526760,21,346
2207340,21,346
80890,21,346
22480,21,346
1761620,21,346
1430650,21,346
849750,21,346
1535470,21,346
3370,21,346
2134640,22,360
2413620,22,360
1066700,22,360
3086060,22,360
1574910,22,360
457350,22,360
3706990,22,360
1779030,22,360
25510,22,360
338960,22,360
2182790,22,360
2321310,22,360
2739620,22,360
316450,22,360
2158030,22,360
1306750,22,360
416320,22,360
448400,22,360
403100,22,360
3176410,22,360
1224020,22,360
2585800,22,360
627670,22,360
1497230,22,360
2333240,22,360
2063420,22,360
1442450,22,360
1529220,22,360
426290,22,360
1265220,22,360
2058150,22,360
2517850,22,360
667800,22,360
1830910,22,360
499660,22,360
541160,22,360
2494810,22,360
238530,22,360
334560,22,360
3224750,22,360
3508770,22,360
1960590,22,360
2142260,22,360
1689910,22,360
2736490,22,360
3069040,22,360
679430,22,360
1017940,22,360
1910580,22,360
1901560,22,360
1299290,22,360
1197710,22,360
1909240,22,360
1205040,22,360
845480,22,360
930620,22,360
461710,22,360
1915550,22,360
915120,22,360
1574900,22,360
729660,22,360
352130,22,360
2657900,22,360
1236460,22,360
1283130,22,360
3009850,22,360
785110,22,360
1074180,22,360
2262610,22,360
2420460,22,360
2213300,22,360
3070330,22,360
1078750,22,360
1245640,22,360
2620750,22,360
2734310,22,360
1066140,22,360
1737690,22,360
363500,22,360
1354260,22,360
2055810,22,360
2310160,22,360
1622350,22,360
992310,22,360
1450330,22,360
437860,22,360
449050,22,360
536640,22,360
1178290,22,360
740170,22,360
2849630,22,360
3161270,22,360
719750,22,360
1333190,22,360
2825300,22,360
3022810,22,360
3336530,22,360
2505120,22,360
2761610,22,360
274500,22,360
2445330,22,360
540180,22,360
3296790,22,360
1178160,22,360
338980,22,360
489700,22,360
569470,22,360
1450050,22,360
1444650,22,360
1707550,22,360
2277310,22,360
643610,22,360
1550510,22,360
683220,22,360
2674190,22,360
320690,22,360
1849890,22,360
597970,22,360
457010,22,360
2802710,22,360
494310,22,360
3019370,22,360
1155340,22,360
486810,22,360
925520,22,360
2066550,22,360
2878140,22,360
1484730,22,360
1120800,22,360
3708980,22,360
1758920,22,360
1194810,22,360
787040,22,360
758220,22,360
1435780,22,360
1819160,22,360
307110,22,360
3434260,22,360
758480,22,360
917760,22,360
836550,22,360
1158260,22,360
1247720,22,360
841340,22,360
2531940,22,360
559900,22,360
208600,22,360
924310,22,360
2671440,22,360
1063350,22,360
1038620,22,360
347610,22,360
2153330,22,360
2800840,22,360
684680,22,360
367550,22,360
1598600,22,360
1032090,22,360
2683960,22,360
390940,22,360
707400,22,360
1325890,22,360
611120,22,360
1950570,22,360
588950,22,360
1880930,22,360
963960,22,360
1175170,22,360
745330,22,360
1275590,22,360
1019630,22,360
885590,22,360
2250090,22,360
366680,22,360
804610,22,360
294270,22,360
1055610,22,360
1803390,22,360
372520,22,360
348320,22,360
1818280,22,360
1071890,22,360
365260,22,360
1511650,22,360
1017560,22,360
910660,22,360
3215870,22,360
1886400,22,360
311060,22,360
1384700,22,360
475620,22,360
718030,22,360
2336990,22,360
566940,22,360
1497820,22,360
407530,22,360
2941600,22,360
285500,22,360
346140,22,360
617070,22,360
3201910,22,360
682450,22,360
4100,22,360
1175160,22,360
851670,22,360
564810,22,360
939410,22,360
2844770,22,360
949730,22,360
301150,22,360
738450,22,360
460850,22,360
1306630,22,360
1395330,22,360
976920,22,360
3445480,22,360
1012410,22,360
3079150,22,360
2633640,22,360
2361460,22,360
289930,22,360
539720,22,360
2106520,22,360
2075070,22,360
665330,22,360
850050,22,360
415950,22,360
345290,22,360
509770,22,360
2894960,22,360
2246330,22,360
425670,22,360
1899620,22,360
1560250,22,360
1269460,22,360
855530,22,360
601530,22,360
350530,22,360
2599950,22,360
2086820,22,360
1630650,22,360
2690700,22,360
2758000,22,360
694960,22,360
2139020,22,360
394680,22,360
19320,22,360
385400,22,360
1215870,22,360
1544140,22,360
637930,22,360
381600,22,360
530890,22,360
504980,22,360
2858370,22,360
376490,22,360
2166170,22,360
1550710,22,360
657240,22,360
796600,22,360
288330,22,360
2518630,22,360
1831320,22,360
3076120,22,360
2639840,22,360
1700140,22,360
2470300,22,360
715240,22,360
314410,22,360
1335940,22,360
2561180,22,360
2142230,22,360
653100,22,360
1795110,22,360
3238770,22,360
736570,22,360
1597580,22,360
2475980,22,360
2751230,22,360
2487070,22,360
925060,22,360
715310,22,360
3308210,22,360
2651270,22,360
1045300,22,360
2487060,22,360
1352930,22,360
390620,22,360
435040,22,360
598880,22,360
930320,22,360
2071500,22,360
1023370,22,360
3125890,22,360
71000,22,360
341270,22,360
519030,22,360
982400,22,360
352050,22,360
924280,22,360
1996430,22,360
836290,22,360
1009270,22,360
2142250,22,360
1030960,22,360
454140,22,360
929600,22,360
1563770,22,360
615530,22,360
357970,22,360
1449630,22,360
1564670,22,360
1232180,22,360
1120210,22,360
2857730,22,360
385590,22,360
789960,22,360
2400960,22,360
896520,22,360
1582510,22,360
984360,22,360
289600,22,360
3296430,22,360
1730240,22,360
2072010,22,360
1340530,22,360
822070,22,360
1151630,22,360
633360,22,360
547180,22,360
3038820,22,360
676090,22,360
2009690,22,360
761320,22,360
2316660,22,360
886020,22,360
1876880,22,360
210550,22,360
1733500,22,360
2003050,22,360
1367760,22,360
1430420,22,360
911430,22,360
263920,22,360
615970,22,360
1420350,22,360
347590,22,360
2177570,22,360
310490,22,360
463760,22,360
3239270,22,360
5330,22,360
461480,22,360
846030,22,360
908710,22,360
1761780,22,360
893450,22,360
1567200,22,360
1755940,22,360
800720,22,360
429680,23,506
822990,23,506
333930,23,506
41900,23,506
466160,23,506
247660,23,506
244030,23,506
1151740,23,506
238750,23,506
201510,23,506
280160,23,506
220660,23,506
28000,23,506
15270,23,506
277450,23,506
297660,23,506
984800,23,506
45770,23,506
767390,23,506
809890,23,506
428660,23,506
490450,23,506
273070,23,506
510390,23,506
317940,23,506
408760,23,506
691790,23,506
476650,23,506
22310,23,506
230210,23,506
15240,23,506
1016730,23,506
1062830,23,506
446790,23,506
63960,23,506
1519090,23,506
286750,23,506
34800,23,506
496040,23,506
415740,23,506
733790,23,506
388090,23,506
21780,23,506
49540,23,506
91600,23,506
591460,23,506
770110,23,506
57900,23,506
310080,23,506
640340,23,506
1272310,23,506
333430,23,506
929010,23,506
236150,23,506
217140,23,506
81520,23,506
19510,23,506
1058450,23,506
57730,23,506
765810,23,506
406720,23,506
545980,23,506
205840,23,506
522210,23,506
245280,23,506
282010,23,506
351940,23,506
936140,23,506
65530,23,506
1191900,23,506
282560,23,506
730390,23,506
939100,23,506
259190,23,506
581660,23,506
1086010,23,506
1216060,23,506
264280,23,506
802620,23,506
532270,23,506
57740,23,506
238430,23,506
237950,23,506
65740,23,506
28020,23,506
503620,23,506
48800,23,506
31920,23,506
3270,23,506
214250,23,506
493180,23,506
487720,23,506
391030,23,506
206760,23,506
424370,23,506
205230,23,506
223100,23,506
1209490,23,506
250620,23,506
691690,23,506
352220,23,506
370440,23,506
313810,23,506
1410690,23,506
22350,23,506
298900,23,506
3089070,23,506
1134100,23,506
401680,23,506
844260,23,506
2331330,23,506
21800,23,506
264560,23,506
1210150,23,506
9940,23,506
250680,23,506
286280,23,506
232770,23,506
23310,23,506
7220,23,506
314340,23,506
21010,23,506
81410,23,506
313780,23,506
293340,23,506
480430,23,506
1237490,23,506
208670,23,506
211780,23,506
260750,23,506
265330,23,506
243450,23,506
1161880,23,506
301970,23,506
549170,23,506
1011670,23,506
200910,23,506
270070,23,506
34870,23,506
252330,23,506
227100,23,506
272510,23,506
714120,23,506
1179210,23,506
359230,23,506
3530,23,506
12310,23,506
235320,23,506
354140,23,506
5750,23,506
2870,23,506
1059900,23,506
460700,23,506
243930,23,506
322920,23,506
233700,23,506
1319460,23,506
735500,23,506
38230,23,506
313010,23,506
376140,23,506
274940,23,506
914010,23,506
9710,23,506
377300,23,506
339230,23,506
286460,23,506
7660,23,506
7510,23,506
406850,23,506
512300,23,506
1092660,23,506
361300,23,506
8040,23,506
1119700,23,506
410990,23,506
269790,23,506
15080,23,506
658150,23,506
943140,23,506
201120,23,506
6210,23,506
361200,23,506
1736290,23,506
237630,23,506
231330,23,506
1584760,23,506
259810,23,506
32450,23,506
304530,23,506
65930,23,506
867290,23,506
698640,23,506
39690,23,506
42170,23,506
250400,23,506
32650,23,506
260190,23,506
1000760,23,506
908050,23,506
80450,23,506
287020,23,506
6400,23,506
245370,23,506
1024480,23,506
326160,23,506
263860,23,506
496390,23,506
34880,23,506
1792250,23,506
300610,23,506
320040,23,506
233720,23,506
282030,23,506
1234430,23,506
1097790,23,506
225420,23,506
319170,23,506
221810,23,506
338310,23,506
854940,23,506
7730,23,506
241280,23,506
25910,23,506
301650,23,506
224300,23,506
871530,23,506
612820,23,506
7760,23,506
43190,23,506
546430,23,506
2417770,23,506
672710,23,506
6120,23,506
46770,23,506
1173220,23,506
233980,23,506
1399700,23,506
23400,23,506
73010,23,506
41000,23,506
236810,23,506
63380,23,506
593150,23,506
70000,23,506
622720,23,506
40390,23,506
233030,23,506
338140,23,506
22610,23,506
1096410,23,506
712190,23,506
207190,23,506
381640,23,506
1554970,23,506
3600,23,506
1229420,23,506
558260,23,506
228300,23,506
63940,23,506
260330,23,506
20200,23,506
224460,23,506
308270,23,506
624970,23,506
23700,23,506
469820,23,506
359900,23,506
533950,23,506
580200,23,506
347830,23,506
6510,23,506
34190,23,506
39680,23,506
785740,23,506
1012570,23,506
525920,23,506
254480,23,506
390090,23,506
3710,23,506
205810,23,506
595140,23,506
34010,23,506
256190,23,506
13140,23,506
15380,23,506
298260,23,506
303800,23,506
408920,23,506
2304440,23,506
277630,23,506
501080,23,506
446020,23,506
8060,23,506
233290,23,506
80460,23,506
557040,23,506
221260,23,506
307230,23,506
506610,23,506
22450,23,506
343710,23,506
6080,23,506
945160,23,506
435100,23,506
73190,23,506
4420,23,506
411000,23,506
637100,23,506
209670,23,506
287630,23,506
463170,23,506
205990,23,506
1045610,23,506
572740,23,506
279900,23,506
21670,23,506
1710540,23,506
329960,23,506
362860,23,506
494670,23,506
939520,23,506
638070,23,506
760650,23,506
20540,23,506
260710,23,506
314630,23,506
31900,23,506
310470,23,506
96000,23,506
537450,23,506
34200,23,506
91610,23,506
1172190,23,506
381990,23,506
22140,23,506
248550,23,506
1000570,23,506
383230,23,506
265690,23,506
373720,23,506
344850,23,506
485870,23,506
1139870,23,506
354180,23,506
32620,23,506
418180,23,506
484900,23,506
400180,23,506
3598130,23,506
29900,23,506
588160,23,506
459160,23,506
55100,23,506
537430,23,506
302080,23,506
11340,23,506
98500,23,506
1016930,23,506
299680,23,506
214870,23,506
235360,23,506
18480,23,506
289300,23,506
338390,23,506
65730,23,506
350110,23,506
934780,23,506
842100,23,506
907770,23,506
1150530,23,506
523650,23,506
43000,23,506
465660,23,506
100,23,506
521090,23,506
42990,23,506
2840,23,506
326410,23,506
605800,23,506
553260,23,506
438590,23,506
39660,23,506
261510,23,506
260690,23,506
99400,23,506
298600,23,506
32500,23,506
628670,23,506
318080,23,506
265000,23,506
299070,23,506
1582270,23,506
1227780,23,506
497730,23,506
12560,23,506
1065300,23,506
224740,23,506
414740,23,506
17140,23,506
274230,23,506
95900,23,506
245470,23,506
239250,23,506
968870,23,506
340170,23,506
847360,23,506
455980,23,506
427680,23,506
301910,23,506
628200,23,506
205530,23,506
7020,23,506
512890,23,506
704230,23,506
1195360,23,506
1029890,23,506
209540,23,506
728740,23,506
568070,23,506
24480,23,506
687260,23,506
408640,23,506
254460,23,506
226100,23,506
49600,23,506
22500,23,506
353640,23,506
251630,23,506
212560,23,506
454520,23,506
251990,23,506
10220,23,506
1690,23,506
1215270,23,506
1062140,23,506
402130,23,506
39670,23,506
377080,23,506
359220,23,506
448370,23,506
235380,23,506
492180,23,506
835650,23,506
3820,23,506
638160,23,506
310880,23,506
34500,23,506
209080,23,506
2100,23,506
481110,23,506
304610,23,506
57620,23,506
622370,23,506
289360,23,506
360170,23,506
588740,23,506
48110,23,506
262280,23,506
396090,23,506
1118240,23,506
200020,23,506
1082680,23,506
282210,23,506
296180,23,506
32680,23,506
1316960,23,506
12330,23,506
3072640,23,506
356210,23,506
250380,23,506
252450,23,506
600480,23,506
384010,23,506
425210,23,506
290530,23,506
427250,23,506
247910,23,506
514140,23,506
315260,23,506
460340,23,506
233470,23,506
394760,23,506
16730,23,506
614090,23,506
277430,23,506
2590,23,506
311100,23,506
253940,23,506
405500,23,506
1061880,23,506
262830,23,506
633460,23,506
782140,23,506
12570,23,506
444980,23,506
285600,23,506
34830,23,506
47700,23,506
304730,23,506
530630,23,506
543900,23,506
253980,23,506
275100,23,506
287580,23,506
355680,23,506
553640,24,406
6950,24,406
410,24,406
314660,24,406
222750,24,406
34460,24,406
13500,24,406
248610,24,406
363440,24,406
32360,24,406
2420660,24,406
1727180,24,406
466300,24,406
211600,24,406
1240060,24,406
456670,24,406
1000010,24,406
21110,24,406
251830,24,406
1977170,24,406
1581480,24,406
228860,24,406
13560,24,406
26800,24,406
35700,24,406
332200,24,406
17410,24,406
1425350,24,406
9340,24,406
113020,24,406
1898500,24,406
1520,24,406
1630,24,406
1047220,24,406
13580,24,406
219890,24,406
2386310,24,406
422970,24,406
2324590,24,406
2296380,24,406
243970,24,406
245450,24,406
4900,24,406
242590,24,406
1225560,24,406
12810,24,406
25800,24,406
609490,24,406
20570,24,406
50620,24,406
416600,24,406
208480,24,406
1633340,24,406
273590,24,406
2278860,24,406
900270,24,406
35720,24,406
1079800,24,406
5250,24,406
2312770,24,406
204030,24,406
1414250,24,406
1206060,24,406
1610,24,406
1507580,24,406
98200,24,406
8000,24,406
221640,24,406
419060,24,406
214770,24,406
1138850,24,406
1098770,24,406
253110,24,406
597760,24,406
925930,24,406
397060,24,406
814360,24,406
1345820,24,406
1123050,24,406
795420,24,406
207170,24,406
17330,24,406
2362420,24,406
21680,24,406
462770,24,406
301280,24,406
2312670,24,406
7110,24,406
230230,24,406
33220,24,406
1203710,24,406
269710,24,406
17460,24,406
232430,24,406
41060,24,406
837460,24,406
376300,24,406
2366980,24,406
1046400,24,406
1147550,24,406
1346020,24,406
336140,24,406
3170,24,406
446810,24,406
858710,24,406
6310,24,406
1168280,24,406
963000,24,406
1240210,24,406
201790,24,406
1190170,24,406
35130,24,406
607050,24,406
334940,24,406
1484280,24,406
2051430,24,406
485460,24,406
220160,24,406
1221250,24,406
19830,24,406
2111190,24,406
1517180,24,406
1227650,24,406
356650,24,406
1691190,24,406
12900,24,406
473950,24,406
241600,24,406
1747050,24,406
1229580,24,406
555220,24,406
695330,24,406
846470,24,406
32460,24,406
1627840,24,406
279940,24,406
530620,24,406
650500,24,406
469790,24,406
1579380,24,406
12500,24,406
34050,24,406
572410,24,406
2687970,24,406
874260,24,406
1887400,24,406
1123450,24,406
1783360,24,406
1080750,24,406
1403650,24,406
1220100,24,406
1229380,24,406
38440,24,406
551700,24,406
48010,24,406
2079180,24,406
19980,24,406
207490,24,406
1743850,24,406
2305500,24,406
238210,24,406
956030,24,406
29610,24,406
1978590,24,406
1772530,24,406
2544110,24,406
70400,24,406
47920,24,406
41510,24,406
254960,24,406
1456880,24,406
47540,24,406
2081470,24,406
22010,24,406
1226670,24,406
237990,24,406
21660,24,406
980300,24,406
102610,24,406
817540,24,406
1812090,24,406
1324220,24,406
397550,24,406
1747760,24,406
525620,24,406
496620,24,406
34440,24,406
2748830,24,406
1532710,24,406
1712350,24,406
24870,24,406
569860,24,406
410710,24,406
917840,24,406
58610,24,406
827000,24,406
1976950,24,406
964800,24,406
428550,24,406
323580,24,406
230700,24,406
1676130,24,406
1059990,24,406
925940,24,406
207690,24,406
780350,24,406
1373960,24,406
835670,24,406
1499120,24,406
434660,24,406
15320,24,406
1574260,24,406
254320,24,406
835430,24,406
63610,24,406
2459000,24,406
1168460,24,406
8850,24,406
1269330,24,406
1364100,24,406
2720950,24,406
226620,24,406
6030,24,406
536220,24,406
1233070,24,406
202200,24,406
61510,24,406
488920,24,406
211740,24,406
700480,24,406
6920,24,406
1983990,24,406
505640,24,406
22150,24,406
960690,24,406
673130,24,406
242110,24,406
1456760,24,406
1340480,24,406
3185590,24,406
1328350,24,406
981430,24,406
1928690,24,406
20500,24,406
2695350,24,406
15300,24,406
94200,24,406
1171320,24,406
600130,24,406
306660,24,406
6980,24,406
34450,24,406
207510,24,406
857980,24,406
1038370,24,406
300550,24,406
39190,24,406
6850,24,406
893180,24,406
377860,24,406
337340,24,406
1238020,24,406
2238040,24,406
356400,24,406
500810,24,406
785790,24,406
866140,24,406
13600,24,406
92800,24,406
733110,24,406
1497440,24,406
380,24,406
1347970,24,406
858260,24,406
32380,24,406
253750,24,406
3512530,24,406
13570,24,406
1062110,24,406
2921660,24,406
225080,24,406
530320,24,406
722230,24,406
1561340,24,406
1103860,24,406
324140,24,406
512790,24,406
2966850,24,406
221910,24,406
246960,24,406
1924360,24,406
290260,24,406
2922410,24,406
381780,24,406
447150,24,406
2378620,24,406
1523720,24,406
254980,24,406
41050,24,406
33610,24,406
1426010,24,406
240760,24,406
1815570,24,406
12710,24,406
1091980,24,406
39520,24,406
1410640,24,406
916730,24,406
1634080,24,406
38420,24,406
61520,24,406
2442460,24,406
31820,24,406
346940,24,406
2709040,24,406
373090,24,406
1601150,24,406
2600140,24,406
2842890,24,406
6200,24,406
2401410,24,406
41500,24,406
716500,24,406
107100,24,406
3352550,24,406
95400,24,406
530210,24,406
420,24,406
2210,24,406
2262290,24,406
1504500,24,406
1893810,24,406
3508630,24,406
248310,24,406
3130330,24,406
2920,24,406
2076580,24,406
1263470,24,406
578620,24,406
2295610,24,406
2062120,24,406
1395030,24,406
449610,24,406
596970,24,406
9010,24,406
375440,24,406
534290,24,406
15190,24,406
108500,24,406
11450,24,406
1029210,24,406
3238120,24,406
15130,24,406
231160,24,406
19800,24,406
388210,24,406
1309950,24,406
3385670,24,406
846870,24,406
224760,24,406
730820,24,406
13540,24,406
1647920,24,406
673000,24,406
9050,24,406
600370,24,406
1627570,24,406
1939160,24,406
272270,24,406
215160,24,406
1919470,24,406
248510,24,406
2005120,24,406
594330,24,406
552590,24,406
2231190,24,406
206190,24,406
2545360,24,406
1330470,24,406
592580,24,406
230270,24,406
1412570,24,406
65300,24,406
327740,24,406
610860,24,406
737520,24,406
397190,24,406
1580180,24,406
1350200,24,406
583470,24,406
342180,24,406
2060130,24,406
316790,24,406
204060,24,406
519860,24,406
2640,24,406
829280,24,406
237930,24,406
322680,24,406
353540,24,406
1137350,24,406
365450,24,406
1640,24,406
7000,24,406
1082710,24,406
6830,24,406
1183260,25,203
2328730,25,203
651650,25,203
967370,25,203
343730,25,203
3225010,25,203
1352200,25,203
716490,25,203
3019990,25,203
3700,25,203
3665840,25,203
2196640,25,203
1343970,25,203
1984720,25,203
933210,25,203
247240,25,203
464340,25,203
1914580,25,203
277270,25,203
713420,25,203
1816390,25,203
320320,25,203
983800,25,203
1131190,25,203
3027620,25,203
238070,25,203
1630920,25,203
2022180,25,203
417290,25,203
3446150,25,203
326430,25,203
312690,25,203
2456070,25,203
1511780,25,203
963220,25,203
2010420,25,203
654940,25,203
803520,25,203
3021340,25,203
312990,25,203
457810,25,203
302190,25,203
2693710,25,203
1184570,25,203
387930,25,203
1943870,25,203
430100,25,203
2494930,25,203
1020090,25,203
749520,25,203
2066360,25,203
1417720,25,203
1775460,25,203
3573000,25,203
227780,25,203
870940,25,203
2314650,25,203
1035510,25,203
402560,25,203
629390,25,203
1045220,25,203
825170,25,203
674090,25,203
1261520,25,203
275530,25,203
2423320,25,203
2489850,25,203
29130,25,203
577690,25,203
1944250,25,203
619600,25,203
643970,25,203
3391450,25,203
244410,25,203
465240,25,203
1430220,25,203
3065090,25,203
1168880,25,203
2570630,25,203
861760,25,203
1144770,25,203
906100,25,203
362930,25,203
1623880,25,203
2414860,25,203
547050,25,203
322020,25,203
2646660,25,203
1092430,25,203
46560,25,203
2406370,25,203
735520,25,203
1765300,25,203
530370,25,203
254920,25,203
1661630,25,203
2367650,25,203
3611990,25,203
2229350,25,203
883400,25,203
913550,25,203
973220,25,203
279560,25,203
252230,25,203
730580,25,203
1161190,25,203
1125390,25,203
3720,25,203
735350,25,203
2337820,25,203
1720050,25,203
2109640,25,203
2455140,25,203
3211460,25,203
255520,25,203
2348820,25,203
244070,25,203
3327170,25,203
229520,25,203
2717930,25,203
1586700,25,203
886750,25,203
583040,25,203
300570,25,203
864430,25,203
748370,25,203
2286390,25,203
1732050,25,203
2510810,25,203
293460,25,203
1114220,25,203
887060,25,203
1265230,25,203
623920,25,203
1637370,25,203
1085510,25,203
1200350,25,203
1588910,25,203
411030,25,203
277110,25,203
983150,25,203
1101450,25,203
46510,25,203
2377230,25,203
1725440,25,203
3602770,25,203
2566340,25,203
1985260,25,203
748730,25,203
3105680,25,203
1904790,25,203
791150,25,203
957790,25,203
3069810,25,203
278510,25,203
2456080,25,203
290300,25,203
1338580,25,203
404040,25,203
225160,25,203
2144590,25,203
1941660,25,203
2527460,25,203
1280,25,203
2353700,25,203
3556770,25,203
456030,25,203
692100,25,203
400940,25,203
1962930,25,203
910830,25,203
2125090,25,203
1069230,25,203
8170,25,203
589780,25,203
676420,25,203
1660320,25,203
3265520,25,203
2803060,25,203
2689970,25,203
3089290,25,203
567670,25,203
645230,25,203
707590,25,203
3027600,25,203
3171460,25,203
1856680,25,203
959410,25,203
3730,25,203
1494500,25,203
411630,25,203
1155980,25,203
1803600,25,203
500190,25,203
98610,25,203
2204130,25,203
360740,25,203
420330,25,203
905340,25,203
3059010,25,203
724250,25,203
360820,25,203
1294220,25,203
2898760,26,2
2949260,26,2
875080,27,404
3380050,27,404
533860,27,404
3147710,27,404
856540,27,404
1061180,27,404
3281300,27,404
2916620,27,404
1211110,27,404
1634100,27,404
2923390,27,404
3193840,27,404
1098940,27,404
2000100,27,404
38600,27,404
574150,27,404
946650,27,404
436290,27,404
1034910,27,404
1761220,27,404
1105040,27,404
628170,27,404
1316390,27,404
3288990,27,404
2613950,27,404
243000,27,404
761350,27,404
2609320,27,404
628180,27,404
2113540,27,404
1066130,27,404
1286480,27,404
2738670,27,404
521690,27,404
1697700,27,404
542340,27,404
316820,27,404
2280350,27,404
1569140,27,404
2014380,27,404
976010,27,404
1698350,27,404
1931690,27,404
1231840,27,404
856990,27,404
2715810,27,404
272060,27,404
1328530,27,404
3304670,27,404
2161880,27,404
517230,27,404
1552620,27,404
339790,27,404
263760,27,404
2653920,27,404
1257210,27,404
1571170,27,404
615120,27,404
965880,27,404
1377260,27,404
1763200,27,404
521710,27,404
434890,27,404
521740,27,404
959080,27,404
847240,27,404
2106840,27,404
384740,27,404
817470,27,404
1413870,27,404
715560,27,404
3667230,27,404
1818570,27,404
2459350,27,404
628150,27,404
777670,27,404
731430,27,404
2102110,27,404
2633700,27,404
23300,27,404
2301510,27,404
3173570,27,404
1626640,27,404
2881860,27,404
628030,27,404
1456200,27,404
224500,27,404
580930,27,404
1706340,27,404
835520,27,404
2277300,27,404
3510670,27,404
12640,27,404
2094320,27,404
3065860,27,404
1116080,27,404
2263010,27,404
1013650,27,404
683600,27,404
2692570,27,404
373810,27,404
3509350,27,404
2347910,27,404
606800,27,404
2094370,27,404
3453570,27,404
3479320,27,404
2400280,27,404
1525050,27,404
3443890,27,404
1360980,27,404
615250,27,404
348680,27,404
2103640,27,404
2493560,27,404
628100,27,404
1471910,27,404
497640,27,404
3098070,27,404
1786950,27,404
628090,27,404
2333930,27,404
200130,27,404
201570,27,404
1801230,27,404
2351770,27,404
291610,27,404
1996770,27,404
1280370,27,404
466730,27,404
1647310,27,404
922170,27,404
1257360,27,404
299250,27,404
3273240,27,404
711150,27,404
2019400,27,404
1140290,27,404
3584830,27,404
1733170,27,404
1464550,27,404
501950,27,404
2120250,27,404
371190,27,404
1133070,27,404
2995280,27,404
1124190,27,404
405830,27,404
6870,27,404
2258590,27,404
1168630,27,404
345380,27,404
2589630,27,404
521700,27,404
458030,27,404
3445580,27,404
2589670,27,404
794230,27,404
3074340,27,404
2213120,27,404
1827650,27,404
1588380,27,404
2094530,27,404
1259180,27,404
364820,27,404
33650,27,404
1361680,27,404
2051550,27,404
1286350,27,404
678520,27,404
3264410,27,404
887370,27,404
5360,27,404
979080,27,404
1188330,27,404
628020,27,404
3220680,27,404
521730,27,404
521760,27,404
979290,27,404
1417930,27,404
603130,27,404
2193070,27,404
1020800,27,404
742120,27,404
459560,27,404
2138090,27,404
1063100,27,404
1087810,27,404
250560,27,404
1155870,27,404
253030,27,404
2399910,27,404
2467190,27,404
932870,27,404
1272020,27,404
868910,27,404
2720010,27,404
2413570,27,404
923500,27,404
511560,27,404
403540,27,404
622830,27,404
397720,27,404
671210,27,404
2794830,27,404
2490930,27,404
3347520,27,404
392670,27,404
556770,27,404
2085000,27,404
2924890,27,404
416450,27,404
830510,27,404
1451230,27,404
691620,27,404
1613680,27,404
855010,27,404
1799850,27,404
579980,27,404
347010,27,404
266980,27,404
1320100,27,404
554750,27,404
521680,27,404
628120,27,404
2146170,27,404
554620,27,404
211440,27,404
986220,27,404
2067780,27,404
246980,27,404
814660,27,404
1426540,27,404
853770,27,404
2407310,27,404
359050,27,404
271370,27,404
1684170,27,404
1029500,27,404
521750,27,404
1013910,27,404
508230,27,404
1075080,27,404
579120,27,404
1011300,27,404
1444350,27,404
1678430,27,404
798620,27,404
388700,27,404
529180,27,404
379760,27,404
2951580,27,404
24640,27,404
1639730,27,404
434480,27,404
826000,27,404
2573100,27,404
259080,27,404
1804500,27,404
1374970,27,404
388800,27,404
2422110,27,404
711540,27,404
1964980,27,404
3453690,27,404
1460200,27,404
1607130,27,404
350070,27,404
949960,27,404
671170,27,404
2231010,27,404
1803400,27,404
286080,27,404
3316540,27,404
434750,27,404
1909420,27,404
2304660,27,404
2075930,27,404
525640,27,404
24660,27,404
3290670,27,404
1053560,27,404
2886860,27,404
210170,27,404
239070,27,404
3253630,27,404
545010,27,404
449450,27,404
1520680,27,404
266110,27,404
3468980,27,404
1806110,27,404
6880,27,404
328440,27,404
2160220,27,404
1259640,27,404
12130,27,404
473140,27,404
941570,27,404
1346970,27,404
1849000,27,404
2066980,27,404
1590910,27,404
928520,27,404
750470,27,404
2669150,27,404
3359480,27,404
743870,27,404
1876970,27,404
1907590,27,404
389470,27,404
507080,27,404
454250,27,404
338420,27,404
517770,27,404
1626530,27,404
350400,27,404
2937710,27,404
1250560,27,404
1878740,27,404
3297310,27,404
356880,27,404
384720,27,404
3139620,27,404
328450,27,404
2738000,27,404
3129370,27,404
1117310,27,404
877010,27,404
1442840,27,404
1615290,27,404
535410,27,404
1890740,27,404
1133760,27,404
672010,27,404
2077750,27,404
3596510,27,404
2493620,27,404
1333410,27,404
764920,27,404
23320,27,404
789200,27,404
1731720,27,404
405820,27,404
810690,27,404
587860,27,404
2254600,27,404
624070,27,404
567430,27,404
502260,27,404
1036600,27,404
1059230,27,404
490220,27,404
24670,27,404
2941580,27,404
690410,27,404
1274140,27,404
574090,27,404
430340,27,404
598840,27,404
1754860,27,404
3553960,27,404
685240,27,404
380140,27,404
2743040,27,404
1702180,27,404
3110500,27,404
1445610,27,404
2599330,27,404
2959610,27,404
1963210,27,404
799500,27,404
372100,27,404
2925970,27,404
2107030,27,404
956450,27,404
1860750,27,404
2283460,27,404
2088280,27,404
1053680,27,404
2305900,27,404
602930,27,404
977900,27,404
515260,27,404
426720,27,404
327920,27,404
2829320,27,404
769200,27,404
717300,27,404
245390,27,404
1012830,27,404
2548950,27,404
2490910,27,404
1865010,27,404
271360,27,404
615030,27,404
35000,27,404
2085970,27,404
1678420,27,404
536920,27,404
1264380,27,404
1070580,27,404
1939970,27,404
871920,28,284
466040,28,284
1051200,28,284
420440,28,284
897020,28,284
3500,28,284
2198800,28,284
1260130,28,284
1771430,28,284
3460,28,284
51060,28,284
568770,28,284
1204700,28,284
2199580,28,284
412880,28,284
281820,28,284
1672200,28,284
2059670,28,284
1030180,28,284
2649080,28,284
1546870,28,284
462480,28,284
558670,28,284
550010,28,284
3390,28,284
457550,28,284
804990,28,284
1460220,28,284
510380,28,284
390340,28,284
1269370,28,284
2841010,28,284
1007740,28,284
2520410,28,284
847890,28,284
1830840,28,284
302380,28,284
2848110,28,284
3510,28,284
1607280,28,284
2014370,28,284
815550,28,284
2776860,28,284
3450,28,284
1386890,28,284
805040,28,284
466060,28,284
567240,28,284
3350,28,284
2270640,28,284
3233670,28,284
591580,28,284
912370,28,284
1766740,28,284
1953760,28,284
2869610,28,284
514720,28,284
397430,28,284
1511090,28,284
2283780,28,284
877590,28,284
961040,28,284
866740,28,284
1012110,28,284
3580,28,284
851920,28,284
1082470,28,284
939000,28,284
1683380,28,284
2207440,28,284
50940,28,284
786080,28,284
458560,28,284
926090,28,284
2173940,28,284
995900,28,284
1265970,28,284
496030,28,284
360720,28,284
2281940,28,284
995930,28,284
392070,28,284
1471200,28,284
1474120,28,284
50930,28,284
3507560,28,284
838730,28,284
897010,28,284
2750920,28,284
483850,28,284
2899640,28,284
837880,28,284
682270,28,284
548390,28,284
1486620,28,284
620190,28,284
324570,28,284
1365760,28,284
2126010,28,284
2986400,28,284
1849900,28,284
2342690,28,284
3380,28,284
389260,28,284
1184320,28,284
502550,28,284
580010,28,284
682130,28,284
1796910,28,284
2383860,28,284
578360,28,284
3592000,28,284
569270,28,284
2923450,28,284
1450830,28,284
555820,28,284
51010,28,284
1614440,28,284
303870,28,284
757240,28,284
2877720,28,284
2018740,28,284
3290040,28,284
1721460,28,284
887940,28,284
605790,28,284
1325030,28,284
1709450,28,284
824350,28,284
289780,28,284
655160,28,284
1244390,28,284
1589080,28,284
520590,28,284
896970,28,284
355400,28,284
3410,28,284
565600,28,284
1247650,28,284
313340,28,284
1351550,28,284
3300,28,284
3360010,28,284
1123190,28,284
1625720,28,284
614650,28,284
596530,28,284
1095750,28,284
3019850,28,284
2758260,28,284
1056840,28,284
2936120,28,284
928390,28,284
512750,28,284
281240,28,284
2119740,28,284
90400,28,284
234940,28,284
1393080,28,284
581130,28,284
2227030,28,284
791400,28,284
2353850,28,284
273580,28,284
340700,28,284
679300,28,284
1622800,28,284
550360,28,284
550580,28,284
1654890,28,284
2539350,28,284
533070,28,284
678400,28,284
586710,28,284
1795170,28,284
916930,28,284
970510,28,284
683890,28,284
41600,28,284
1058430,28,284
1907720,28,284
2183390,28,284
1449070,28,284
1863430,28,284
1163960,28,284
3019780,28,284
465990,28,284
1243450,28,284
3560,28,284
1758950,28,284
2785200,28,284
394720,28,284
638000,28,284
564090,28,284
453390,28,284
3127870,28,284
796070,28,284
499110,28,284
1496180,28,284
1997180,28,284
2708210,28,284
941030,28,284
1264280,28,284
1390410,28,284
3279910,28,284
3235270,28,284
2326020,28,284
2179380,28,284
1875530,28,284
2070880,28,284
951820,28,284
622150,28,284
1232940,28,284
2602730,28,284
1032700,28,284
758640,28,284
1399370,28,284
681000,28,284
577490,28,284
1795960,28,284
764580,28,284
1726130,28,284
347940,28,284
2932580,28,284
461040,28,284
2969160,28,284
397760,28,284
1461200,28,284
1802710,28,284
3360,28,284
1066180,28,284
51000,28,284
2516570,28,284
3615600,28,284
2424660,28,284
2377250,28,284
1032560,28,284
975640,28,284
2346310,28,284
919420,28,284
1228860,28,284
50980,28,284
2784980,28,284
3479130,28,284
2088520,28,284
842640,28,284
1273920,28,284
573320,28,284
1380430,28,284
466210,28,284
797260,28,284
1386040,28,284
244630,28,284
1794470,28,284
1089130,28,284
514700,28,284
435300,28,284
1429950,28,284
313240,28,284
773440,28,284
3340,28,284
848200,28,284
1695840,28,284
3085640,28,284
1922010,28,284
933230,28,284
3119520,28,284
214420,28,284
569150,28,284
2172510,28,284
1186340,28,284
691260,28,284
335560,28,284
1083300,28,284
384630,28,284
409590,28,284
771400,28,284
642560,28,284
1639430,28,284
3361470,28,284
1937750,28,284
3570,28,284
3668270,28,284
1544360,28,284
806900,29,151
3327670,29,151
2954120,29,151
324420,29,151
1706360,29,151
856670,29,151
3247270,29,151
294680,29,151
363050,29,151
3096620,29,151
600500,29,151
1334160,29,151
1184250,29,151
294720,29,151
582550,29,151
3328910,29,151
283940,29,151
2960430,29,151
1655140,29,151
335820,29,151
2658470,29,151
348810,29,151
292860,29,151
1333910,29,151
1000800,29,151
378720,29,151
292300,29,151
1571100,29,151
801870,29,151
292800,29,151
376760,29,151
3106520,29,151
294570,29,151
1866980,29,151
407150,29,151
1595030,29,151
1723260,29,151
1230410,29,151
294550,29,151
1743130,29,151
1069530,29,151
434000,29,151
606230,29,151
2804360,29,151
502320,29,151
3540830,29,151
3095550,29,151
787980,29,151
2378490,29,151
294710,29,151
787690,29,151
692190,29,151
1363430,29,151
219830,29,151
294530,29,151
294650,29,151
900060,29,151
2715370,29,151
613390,29,151
2747780,29,151
1408110,29,151
1668690,29,151
1920780,29,151
638490,29,151
340490,29,151
2331260,29,151
449070,29,151
756040,29,151
317020,29,151
1045020,29,151
512490,29,151
1610870,29,151
1706210,29,151
1428900,29,151
497800,29,151
522470,29,151
474210,29,151
1140270,29,151
284020,29,151
374890,29,151
2468100,29,151
714150,29,151
2833640,29,151
746620,29,151
294690,29,151
1152340,29,151
2305810,29,151
707720,29,151
3310510,29,151
1991980,29,151
501130,29,151
292820,29,151
1488560,29,151
1993150,29,151
1389630,29,151
2564350,29,151
294540,29,151
1064610,29,151
1208950,29,151
1773180,29,151
1570760,29,151
1032520,29,151
3536130,29,151
1110960,29,151
527580,29,151
594130,29,151
486310,29,151
629770,29,151
244710,29,151
516110,29,151
484920,29,151
1033340,29,151
317030,29,151
2306880,29,151
496240,29,151
2302540,29,151
284000,29,151
653080,29,151
1069480,29,151
1276400,29,151
2740280,29,151
3280850,29,151
294700,29,151
1024540,29,151
1665190,29,151
961220,29,151
363060,29,151
1028930,29,151
264160,29,151
283920,29,151
218740,29,151
294670,29,151
283980,29,151
2741560,29,151
1973970,29,151
2219470,29,151
292780,29,151
344090,29,151
2209910,29,151
2009390,29,151
3376740,29,151
2294450,29,151
314070,29,151
695030,29,151
3512220,29,151
1637400,29,151
2461780,29,151
2195390,29,151
392290,29,151
283960,29,151
2373440,29,151
1144300,30,1035
574720,30,1035
1363740,30,1035
988910,30,1035
1843940,30,1035
2478020,30,1035
803890,30,1035
2233120,30,1035
67370,30,1035
1265570,30,1035
222960,30,1035
754890,30,1035
1620290,30,1035
606370,30,1035
742300,30,1035
1602080,30,1035
1111380,30,1035
1642170,30,1035
1695830,30,1035
322520,30,1035
571260,30,1035
1451080,30,1035
1570130,30,1035
312670,30,1035
1282410,30,1035
1355270,30,1035
483770,30,1035
650070,30,1035
448850,30,1035
1774380,30,1035
1749750,30,1035
857320,30,1035
549080,30,1035
1363840,30,1035
3021190,30,1035
420560,30,1035
1477940,30,1035
402620,30,1035
2287520,30,1035
2058750,30,1035
1403440,30,1035
2789130,30,1035
2297010,30,1035
712970,30,1035
2614070,30,1035
1465050,30,1035
406230,30,1035
1321720,30,1035
2071010,30,1035
1416190,30,1035
878880,30,1035
1563130,30,1035
1744330,30,1035
2446550,30,1035
524440,30,1035
1243860,30,1035
1074760,30,1035
1066110,30,1035
1163590,30,1035
824280,30,1035
1142100,30,1035
570090,30,1035
1152300,30,1035
684690,30,1035
798290,30,1035
3366300,30,1035
3276060,30,1035
1233880,30,1035
2551110,30,1035
2254740,30,1035
1167450,30,1035
466130,30,1035
978990,30,1035
47790,30,1035
1497950,30,1035
607890,30,1035
444140,30,1035
1776380,30,1035
2581370,30,1035
906240,30,1035
1762930,30,1035
425220,30,1035
2889660,30,1035
306110,30,1035
2582050,30,1035
1368870,30,1035
1566390,30,1035
752570,30,1035
743900,30,1035
269470,30,1035
760630,30,1035
1722760,30,1035
868750,30,1035
223140,30,1035
451780,30,1035
1035140,30,1035
1096930,30,1035
1622710,30,1035
1585850,30,1035
1481080,30,1035
2760480,30,1035
441830,30,1035
2652220,30,1035
1640160,30,1035
202480,30,1035
2576020,30,1035
1295550,30,1035
260130,30,1035
1403840,30,1035
330710,30,1035
235540,30,1035
1271100,30,1035
1282150,30,1035
2958970,30,1035
1707990,30,1035
730310,30,1035
2947250,30,1035
836760,30,1035
985830,30,1035
2983250,30,1035
363130,30,1035
1380420,30,1035
968790,30,1035
536800,30,1035
1570510,30,1035
1610290,30,1035
477870,30,1035
1184050,30,1035
1184380,30,1035
824550,30,1035
224580,30,1035
2844850,30,1035
686720,30,1035
801630,30,1035
970560,30,1035
1341200,30,1035
617570,30,1035
230350,30,1035
1286320,30,1035
300790,30,1035
1150080,30,1035
409890,30,1035
47930,30,1035
1823930,30,1035
837510,30,1035
1889930,30,1035
931560,30,1035
2278010,30,1035
738510,30,1035
1226510,30,1035
1325400,30,1035
418550,30,1035
2463800,30,1035
1502980,30,1035
554820,30,1035
1474930,30,1035
1135300,30,1035
703180,30,1035
629650,30,1035
2223740,30,1035
2429190,30,1035
325490,30,1035
330040,30,1035
423040,30,1035
55110,30,1035
3040760,30,1035
570050,30,1035
548810,30,1035
1381850,30,1035
2994010,30,1035
1474770,30,1035
255160,30,1035
61830,30,1035
1490680,30,1035
1407090,30,1035
1607200,30,1035
473690,30,1035
312780,30,1035
2462490,30,1035
81400,30,1035
1321680,30,1035
2051120,30,1035
1793030,30,1035
2779890,30,1035
218130,30,1035
210990,30,1035
319260,30,1035
1843310,30,1035
1840350,30,1035
1502560,30,1035
1610460,30,1035
1084790,30,1035
2507620,30,1035
2313670,30,1035
685320,30,1035
2340650,30,1035
396900,30,1035
370460,30,1035
1109690,30,1035
1292950,30,1035
454530,30,1035
687800,30,1035
2150300,30,1035
1152320,30,1035
715400,30,1035
2658450,30,1035
819020,30,1035
1812300,30,1035
952540,30,1035
816090,30,1035
524580,30,1035
1494470,30,1035
1047440,30,1035
1223730,30,1035
1386780,30,1035
1591530,30,1035
1225580,30,1035
385720,30,1035
2545280,30,1035
860670,30,1035
256390,30,1035
1105450,30,1035
1318090,30,1035
355130,30,1035
871980,30,1035
1038810,30,1035
1287920,30,1035
770200,30,1035
940650,30,1035
2394270,30,1035
1377700,30,1035
527290,30,1035
2941310,30,1035
1449280,30,1035
2313140,30,1035
930910,30,1035
2436570,30,1035
42670,30,1035
861590,30,1035
1457080,30,1035
571530,30,1035
2272900,30,1035
882650,30,1035
47400,30,1035
1770490,30,1035
2588000,30,1035
403750,30,1035
326690,30,1035
2476940,30,1035
2518960,30,1035
3004100,30,1035
2551570,30,1035
389670,30,1035
1293820,30,1035
225140,30,1035
418250,30,1035
1524550,30,1035
494730,30,1035
1309710,30,1035
1803410,30,1035
579020,30,1035
1036890,30,1035
887800,30,1035
571720,30,1035
2728410,30,1035
645730,30,1035
587260,30,1035
1024950,30,1035
2314820,30,1035
783210,30,1035
428420,30,1035
2989250,30,1035
1502380,30,1035
1497120,30,1035
814000,30,1035
262940,30,1035
1403800,30,1035
1754870,30,1035
756530,30,1035
1295270,30,1035
710470,30,1035
1685750,30,1035
1522160,30,1035
668660,30,1035
5910,30,1035
398640,30,1035
1457520,30,1035
2213190,30,1035
1246870,30,1035
3013550,30,1035
479010,30,1035
1072450,30,1035
628130,30,1035
449800,30,1035
963580,30,1035
1016960,30,1035
868400,30,1035
1595050,30,1035
2546690,30,1035
2524440,30,1035
1783530,30,1035
585080,30,1035
936180,30,1035
660160,30,1035
1681060,30,1035
2459420,30,1035
1442400,30,1035
1576350,30,1035
2383990,30,1035
1715980,30,1035
885000,30,1035
2680050,30,1035
419230,30,1035
769670,30,1035
237370,30,1035
259060,30,1035
2567190,30,1035
403030,30,1035
359390,30,1035
2712550,30,1035
2707170,30,1035
233130,30,1035
1266640,30,1035
434880,30,1035
261590,30,1035
2383690,30,1035
1715280,30,1035
410850,30,1035
1461920,30,1035
2073470,30,1035
863910,30,1035
942300,30,1035
1074870,30,1035
322090,30,1035
312650,30,1035
1496250,30,1035
2264340,30,1035
1236530,30,1035
2512090,30,1035
2361760,30,1035
306330,30,1035
1265800,30,1035
407810,30,1035
1250650,30,1035
641080,30,1035
1063040,30,1035
2386860,30,1035
223160,30,1035
211670,30,1035
251110,30,1035
1519060,30,1035
964570,30,1035
2491200,30,1035
1069640,30,1035
312980,30,1035
355060,30,1035
502280,30,1035
1162650,30,1035
1453850,30,1035
306300,30,1035
1767570,30,1035
2223840,30,1035
312350,30,1035
1623940,30,1035
71340,30,1035
81700,30,1035
1450080,30,1035
1175830,30,1035
1216980,30,1035
492090,30,1035
16830,30,1035
2520980,30,1035
1089000,30,1035
2197680,30,1035
2731870,30,1035
404590,30,1035
692030,30,1035
1024640,30,1035
1279590,30,1035
1670870,30,1035
2313020,30,1035
2243710,30,1035
1025960,30,1035
1656830,30,1035
515960,30,1035
2676000,30,1035
1090630,30,1035
1437750,30,1035
419400,30,1035
2595230,30,1035
990050,30,1035
1267520,30,1035
1776170,30,1035
2459750,30,1035
200590,30,1035
2350280,30,1035
2244160,30,1035
1471280,30,1035
407250,30,1035
806950,30,1035
571890,30,1035
370540,30,1035
611660,30,1035
562860,30,1035
2202120,30,1035
1151440,30,1035
405900,30,1035
2228080,30,1035
842910,30,1035
1485100,30,1035
306640,30,1035
2392500,30,1035
316830,30,1035
1698340,30,1035
588720,30,1035
2447420,30,1035
1282590,30,1035
1763430,30,1035
2854170,30,1035
1247100,30,1035
1304340,30,1035
1480810,30,1035
1205480,30,1035
945770,30,1035
2961660,30,1035
559100,30,1035
1730700,30,1035
1462570,30,1035
1321150,30,1035
851890,30,1035
984780,30,1035
2730540,30,1035
529830,30,1035
1716120,30,1035
881000,30,1035
459470,30,1035
1458040,30,1035
1247290,30,1035
2418000,30,1035
2659050,30,1035
889510,30,1035
2458830,30,1035
1811070,30,1035
1282210,30,1035
458380,30,1035
870520,30,1035
769680,30,1035
1053390,30,1035
1750420,30,1035
274450,30,1035
891020,30,1035
1249200,30,1035
635940,30,1035
1379930,30,1035
1348390,30,1035
1174400,30,1035
637670,30,1035
1214650,30,1035
1253550,30,1035
1998340,30,1035
2423720,30,1035
1777440,30,1035
703730,30,1035
2321120,30,1035
1270720,30,1035
798490,30,1035
970570,30,1035
2407990,30,1035
261470,30,1035
1097580,30,1035
348470,30,1035
464450,30,1035
2424110,30,1035
1538750,30,1035
256370,30,1035
427510,30,1035
2224740,30,1035
715680,30,1035
865820,30,1035
1233570,30,1035
387340,30,1035
1502970,30,1035
227740,30,1035
1283400,30,1035
1234730,30,1035
552700,30,1035
353270,30,1035
2707140,30,1035
1418790,30,1035
1510700,30,1035
2432110,30,1035
975000,30,1035
1333200,30,1035
1038300,30,1035
610190,30,1035
1482490,30,1035
711750,30,1035
243800,30,1035
58310,30,1035
1567800,30,1035
20590,30,1035
798510,30,1035
214310,30,1035
1562940,30,1035
388980,30,1035
619960,30,1035
228240,30,1035
1866420,30,1035
626600,30,1035
303310,30,1035
1269950,30,1035
960420,30,1035
707280,30,1035
521880,30,1035
454120,30,1035
1227690,30,1035
1481440,30,1035
1232460,30,1035
2510710,30,1035
1779000,30,1035
469610,30,1035
520950,30,1035
733340,30,1035
1944790,30,1035
1694430,30,1035
1255560,30,1035
63930,30,1035
738530,30,1035
2229890,30,1035
1357860,30,1035
958210,30,1035
1369370,30,1035
602410,30,1035
3049990,30,1035
345660,30,1035
1681870,30,1035
2667530,30,1035
2292260,30,1035
1159420,30,1035
545990,30,1035
1110910,30,1035
936160,30,1035
511740,30,1035
1196470,30,1035
2183650,30,1035
575480,30,1035
1259800,30,1035
1087760,30,1035
3276070,30,1035
1614270,30,1035
2430160,30,1035
739650,30,1035
498880,30,1035
2783750,30,1035
1638330,30,1035
1560410,30,1035
1677970,30,1035
977460,30,1035
912450,30,1035
1393600,30,1035
732690,30,1035
2545270,30,1035
487390,30,1035
1027250,30,1035
1342260,30,1035
936190,30,1035
345900,30,1035
2687670,30,1035
1423600,30,1035
210410,30,1035
3078590,30,1035
1061910,30,1035
1223810,30,1035
1420770,30,1035
1267420,30,1035
1442820,30,1035
1519070,30,1035
1799380,30,1035
355660,30,1035
1163340,30,1035
1151450,30,1035
845890,30,1035
524410,30,1035
588190,30,1035
1082380,30,1035
444970,30,1035
1776970,30,1035
1119980,30,1035
722060,30,1035
1712010,30,1035
2183980,30,1035
584150,30,1035
65110,30,1035
530070,30,1035
209650,30,1035
464880,30,1035
1266220,30,1035
495290,30,1035
443900,30,1035
566540,30,1035
1730680,30,1035
499280,30,1035
333350,30,1035
960730,30,1035
991260,30,1035
2707070,30,1035
749960,30,1035
577980,30,1035
552280,30,1035
1196090,30,1035
506260,30,1035
1145030,30,1035
915710,30,1035
5480,30,1035
1060220,30,1035
2677750,30,1035
1265930,30,1035
1861230,30,1035
281610,30,1035
1098260,30,1035
416190,30,1035
524390,30,1035
1351630,30,1035
868410,30,1035
649500,30,1035
108800,30,1035
2906650,30,1035
802880,30,1035
661990,30,1035
644710,30,1035
372390,30,1035
2379390,30,1035
1039940,30,1035
218760,30,1035
1766420,30,1035
2551920,30,1035
528640,30,1035
1612780,30,1035
318220,30,1035
303290,30,1035
731040,30,1035
205930,30,1035
1740660,30,1035
2570810,30,1035
1062340,30,1035
728470,30,1035
306760,30,1035
351970,30,1035
1356240,30,1035
1730190,30,1035
585450,30,1035
1836200,30,1035
2856140,30,1035
1019100,30,1035
223670,30,1035
2340870,30,1035
2203230,30,1035
362010,30,1035
1812370,30,1035
2618270,30,1035
445430,30,1035
311290,30,1035
2740080,30,1035
398810,30,1035
1056510,30,1035
758330,30,1035
873840,30,1035
2928330,30,1035
265300,30,1035
2863640,30,1035
2627780,30,1035
1732340,30,1035
310390,30,1035
1013140,30,1035
18040,30,1035
802870,30,1035
362870,30,1035
917150,30,1035
566440,30,1035
351710,30,1035
620040,30,1035
1249800,30,1035
1149440,30,1035
529020,30,1035
2631250,30,1035
1710580,30,1035
567090,30,1035
209660,30,1035
1187940,30,1035
289690,30,1035
1062040,30,1035
1342410,30,1035
1152310,30,1035
1325730,30,1035
2865610,30,1035
1465070,30,1035
2781750,30,1035
693660,30,1035
81130,30,1035
1334000,30,1035
1038250,30,1035
345390,30,1035
1924170,30,1035
1210810,30,1035
548840,30,1035
1451810,30,1035
21610,30,1035
444570,30,1035
1345760,30,1035
2737970,30,1035
595740,30,1035
378800,30,1035
411830,30,1035
1149550,30,1035
375900,30,1035
1655500,30,1035
1449200,30,1035
1717020,30,1035
268890,30,1035
202170,30,1035
1191260,30,1035
1777750,30,1035
1161490,30,1035
1096690,30,1035
408630,30,1035
1036640,30,1035
935360,30,1035
3002850,30,1035
444930,30,1035
785260,30,1035
2717880,30,1035
625980,30,1035
639490,30,1035
217410,30,1035
460870,30,1035
1054050,30,1035
314500,30,1035
202290,30,1035
418720,30,1035
2100160,30,1035
1045620,30,1035
1839940,30,1035
1566880,30,1035
1276800,30,1035
1154080,30,1035
1630110,30,1035
1310410,30,1035
502800,30,1035
2184620,30,1035
617560,30,1035
245490,30,1035
1271700,30,1035
908060,30,1035
542290,30,1035
707300,30,1035
1732190,30,1035
779430,30,1035
2287330,30,1035
2366530,30,1035
2250600,30,1035
629860,30,1035
2171280,30,1035
843390,30,1035
792660,30,1035
1647550,30,1035
978960,30,1035
1836860,30,1035
2614400,30,1035
1736690,30,1035
1685460,30,1035
2229830,30,1035
2171290,30,1035
1786210,30,1035
1082180,30,1035
1298140,30,1035
1674830,30,1035
483950,30,1035
1666750,30,1035
1642620,30,1035
758730,30,1035
1932160,30,1035
2719200,30,1035
1571340,30,1035
229170,30,1035
1102340,30,1035
1163600,30,1035
999020,30,1035
619390,30,1035
2669410,30,1035
2973120,30,1035
19930,30,1035
21900,30,1035
1194590,30,1035
1496590,30,1035
501590,30,1035
1237980,30,1035
744060,30,1035
1162550,30,1035
321650,30,1035
1040730,30,1035
787510,30,1035
218450,30,1035
541660,30,1035
1252010,30,1035
981890,30,1035
689520,30,1035
217430,30,1035
243950,30,1035
479330,30,1035
495480,30,1035
1089830,30,1035
507490,30,1035
2829100,30,1035
421720,30,1035
1636030,30,1035
218630,30,1035
563840,30,1035
955560,30,1035
1782150,30,1035
817480,30,1035
467520,30,1035
889710,30,1035
852710,30,1035
285380,30,1035
1151670,30,1035
1036240,30,1035
2456960,30,1035
3030720,30,1035
343010,30,1035
329440,30,1035
839450,30,1035
1755910,30,1035
406550,30,1035
1502990,30,1035
1011390,30,1035
2115630,30,1035
354600,30,1035
495280,30,1035
438130,30,1035
1065520,30,1035
1425730,30,1035
2615630,30,1035
226720,30,1035
2285240,30,1035
802890,30,1035
512540,30,1035
330160,30,1035
467950,30,1035
392470,30,1035
574050,30,1035
335070,30,1035
2242710,30,1035
342290,30,1035
2258770,30,1035
543870,30,1035
214850,30,1035
2620350,30,1035
2929170,30,1035
1229020,30,1035
707030,30,1035
886820,30,1035
1121780,30,1035
1840080,30,1035
1294420,30,1035
1660840,30,1035
539660,30,1035
589530,30,1035
1127700,30,1035
1283440,30,1035
1316910,30,1035
1222370,30,1035
331600,30,1035
375380,30,1035
81210,30,1035
1191630,30,1035
819030,30,1035
252690,30,1035
1113570,30,1035
2250790,30,1035
477770,30,1035
1100430,30,1035
607880,30,1035
1658920,30,1035
2602020,30,1035
305540,30,1035
1307690,30,1035
741140,30,1035
1753320,30,1035
1287840,30,1035
984680,30,1035
1457510,30,1035
2576030,30,1035
1370140,30,1035
2739700,30,1035
1518430,30,1035
444510,30,1035
759740,30,1035
1759380,30,1035
1312800,30,1035
1447000,30,1035
1242710,30,1035
658140,30,1035
409870,30,1035
1289520,30,1035
1328990,30,1035
228980,30,1035
287200,30,1035
2219000,30,1035
1540210,30,1035
1202540,30,1035
1368130,30,1035
1178410,30,1035
215220,30,1035
2311530,30,1035
553760,30,1035
1266700,30,1035
1683320,30,1035
1009290,30,1035
2436340,30,1035
203600,30,1035
205330,30,1035
1314140,30,1035
2450450,30,1035
1850050,30,1035
1788780,30,1035
400170,30,1035
1480140,30,1035
2070990,30,1035
1840800,30,1035
981750,30,1035
1696400,30,1035
1049890,30,1035
1652490,30,1035
1489970,30,1035
1341820,30,1035
2126870,30,1035
1620040,30,1035
1732060,30,1035
1492730,30,1035
2394350,30,1035
566840,30,1035
541640,30,1035
658260,30,1035
1811950,30,1035
321900,30,1035
2850820,30,1035
230330,30,1035
675240,30,1035
61530,30,1035
953580,30,1035
1314820,30,1035
211140,30,1035
541450,30,1035
1509080,30,1035
1192440,30,1035
251810,30,1035
1846330,30,1035
262490,30,1035
1224230,30,1035
2172900,30,1035
5940,30,1035
1167750,30,1035
1856480,30,1035
837610,30,1035
1475850,30,1035
1680880,30,1035
1961950,30,1035
261020,30,1035
1029630,30,1035
1153640,30,1035
491530,30,1035
1023940,30,1035
265100,30,1035
2412890,30,1035
2322380,30,1035
313660,30,1035
2357400,30,1035
852910,30,1035
2235020,30,1035
3473170,30,1035
1461810,30,1035
1158370,30,1035
511680,30,1035
1217380,30,1035
1165870,30,1035
1061690,30,1035
1635590,30,1035
490920,30,1035
460120,30,1035
1604250,30,1035
330720,30,1035
498310,30,1035
383730,30,1035
1665130,30,1035
958400,30,1035
1451950,30,1035
928960,30,1035
1449500,30,1035
495050,30,1035
1736400,30,1035
2113920,30,1035
2556610,30,1035
1217570,30,1035
1146310,30,1035
377870,30,1035
223650,30,1035
1610470,30,1035
1079830,30,1035
677340,30,1035
1785910,30,1035
2461850,30,1035
868550,30,1035
321040,30,1035
2699820,30,1035
1324340,30,1035
1567020,30,1035
1004750,30,1035
261450,30,1035
1074080,30,1035
2535440,30,1035
1557860,30,1035
297690,30,1035
306630,30,1035
583850,30,1035
2534370,30,1035
928440,30,1035
1030210,30,1035
1066630,30,1035
409850,30,1035
1798020,30,1035
317140,30,1035
223350,30,1035
1849360,30,1035
224060,30,1035
493840,30,1035
428510,31,310
2673310,31,310
2008510,31,310
1336120,31,310
658430,31,310
1272110,31,310
1373430,31,310
237740,31,310
408410,31,310
1918530,31,310
2281820,31,310
590840,31,310
851710,31,310
1203930,31,310
1783780,31,310
378490,31,310
407840,31,310
707320,31,310
22120,31,310
792710,31,310
584980,31,310
1329480,31,310
2676930,31,310
1137320,31,310
291170,31,310
3015620,31,310
2377410,31,310
682650,31,310
811880,31,310
991600,31,310
324390,31,310
923350,31,310
688010,31,310
840710,31,310
797200,31,310
2591380,31,310
1771700,31,310
752860,31,310
3221180,31,310
390030,31,310
1158820,31,310
1523990,31,310
1408230,31,310
1277940,31,310
3022640,31,310
1006880,31,310
1395020,31,310
589320,31,310
2817140,31,310
1272130,31,310
970850,31,310
239200,31,310
2019360,31,310
2054810,31,310
892380,31,310
423550,31,310
201010,31,310
1184790,31,310
889910,31,310
614530,31,310
3132250,31,310
792200,31,310
409600,31,310
606710,31,310
2185770,31,310
270910,31,310
1390700,31,310
1532200,31,310
1261390,31,310
266310,31,310
1325900,31,310
70660,31,310
1049800,31,310
2082270,31,310
1055970,31,310
2523390,31,310
865680,31,310
234900,31,310
787810,31,310
1933990,31,310
2804510,31,310
2015000,31,310
293180,31,310
1446230,31,310
2332240,31,310
706320,31,310
1067650,31,310
1842690,31,310
2072420,31,310
610900,31,310
269010,31,310
1983700,31,310
2119650,31,310
3288620,31,310
1594060,31,310
2877770,31,310
1001880,31,310
3227230,31,310
2437690,31,310
2019380,31,310
893010,31,310
1930100,31,310
2074810,31,310
822760,31,310
1011940,31,310
581300,31,310
1171820,31,310
1414880,31,310
710940,31,310
2803810,31,310
1918540,31,310
805360,31,310
1983690,31,310
1171840,31,310
365210,31,310
2216830,31,310
756380,31,310
1046790,31,310
1318740,31,310
1278210,31,310
3013700,31,310
765870,31,310
3442040,31,310
978450,31,310
200990,31,310
1095860,31,310
931280,31,310
676630,31,310
1833490,31,310
1074570,31,310
244770,31,310
373750,31,310
1923670,31,310
1506510,31,310
298630,31,310
1173400,31,310
1495100,31,310
1600170,31,310
317710,31,310
820030,31,310
33600,31,310
391170,31,310
368220,31,310
341950,31,310
1367320,31,310
723120,31,310
1340120,31,310
1252710,31,310
675910,31,310
696540,31,310
1440670,31,310
297750,31,310
892420,31,310
337850,31,310
2544570,31,310
1947950,31,310
503630,31,310
1133500,31,310
1662850,31,310
1493760,31,310
1248590,31,310
1620110,31,310
207970,31,310
303390,31,310
3334710,31,310
1172650,31,310
361850,31,310
1859360,31,310
940710,31,310
557710,31,310
3012420,31,310
440880,31,310
1858900,31,310
1340130,31,310
567010,31,310
2402280,31,310
936530,31,310
841190,31,310
1199570,31,310
1983710,31,310
643580,31,310
1521160,31,310
1427980,31,310
3002930,31,310
2668000,31,310
1290350,31,310
1243850,31,310
704140,31,310
2424740,31,310
654070,31,310
540670,31,310
22180,31,310
738550,31,310
1921760,31,310
940790,31,310
888790,31,310
986990,31,310
684410,31,310
705370,31,310
2251340,31,310
2010530,31,310
1084640,31,310
552390,31,310
1624910,31,310
400580,31,310
940680,31,310
420520,31,310
250460,31,310
112100,31,310
335690,31,310
1978100,31,310
2072140,31,310
763940,31,310
862130,31,310
2587770,31,310
1069820,31,310
1921770,31,310
2084720,31,310
2187920,31,310
2880460,31,310
587000,31,310
1073910,31,310
1775530,31,310
1112930,31,310
1469910,31,310
454700,31,310
1328840,31,310
2719830,31,310
545750,31,310
843660,31,310
1048690,31,310
849560,31,310
1329420,31,310
2089450,31,310
2415470,31,310
1918520,31,310
356000,31,310
1017350,31,310
206060,31,310
722600,31,310
1269710,31,310
322190,31,310
940780,31,310
212780,31,310
895200,31,310
922410,31,310
349020,31,310
1009460,31,310
1701800,31,310
464350,31,310
700240,31,310
1452130,31,310
2086140,31,310
2848360,31,310
1163100,31,310
1413020,31,310
535460,31,310
1662840,31,310
407800,31,310
3201360,31,310
343370,31,310
3166820,31,310
757310,31,310
992730,31,310
2499470,31,310
2119680,31,310
473770,31,310
299340,31,310
960820,31,310
661030,31,310
765180,31,310
3366110,31,310
1923690,31,310
2119660,31,310
3068740,31,310
2010900,31,310
2610690,31,310
1045720,31,310
1859370,31,310
3042830,31,310
1788930,31,310
970700,31,310
319850,31,310
1011190,31,310
808800,31,310
396240,31,310
1901620,31,310
2638050,31,310
1186040,31,310
2000090,31,310
1058130,31,310
22600,31,310
2947240,31,310
1952170,31,310
752820,31,310
776000,31,310
542100,31,310
2661450,31,310
681990,31,310
1266100,31,310
1672670,31,310
302830,31,310
1333360,31,310
804010,31,310
428690,31,310
386530,31,310
1647490,31,310
1329450,31,310
70640,31,310
931360,31,310
45750,32,65
740260,32,65
1204920,32,65
956200,32,65
1115050,32,65
3193670,32,65
661450,32,65
333950,32,65
853150,32,65
1457220,32,65
2419800,32,65
733070,32,65
1302800,32,65
1369760,32,65
269550,32,65
2123310,32,65
3290710,32,65
1296540,32,65
2478800,32,65
742490,32,65
1141220,32,65
307640,32,65
3289580,32,65
575100,32,65
386290,32,65
561770,32,65
1160220,32,65
715410,32,65
374640,32,65
1151610,32,65
550200,32,65
1796580,32,65
1953970,32,65
317400,32,65
327640,32,65
895990,32,65
532190,32,65
885440,32,65
1832640,32,65
2370170,32,65
2318480,32,65
1551160,32,65
10620,32,65
3358270,32,65
646150,32,65
1563490,32,65
1904160,32,65
3166530,32,65
618850,32,65
921590,32,65
742480,32,65
486940,32,65
1957230,32,65
1148570,32,65
1431610,32,65
1580790,32,65
861270,32,65
1101790,32,65
1760250,32,65
733050,32,65
2508400,32,65
1393370,32,65
2477950,32,65
794860,32,65
1313310,32,65
1995300,33,3
220960,33,3
1855200,33,3
2516360,34,5
716140,34,5
1335290,34,5
1133690,34,5
3529970,34,5
1613450,35,3
1695790,35,3
1532190,35,3
447820,36,196
721030,36,196
1140570,36,196
1325800,36,196
1807090,36,196
623180,36,196
2711030,36,196
2016280,36,196
400400,36,196
3185760,36,196
339280,36,196
293260,36,196
1100030,36,196
380840,36,196
2307890,36,196
3085890,36,196
336230,36,196
296570,36,196
2014180,36,196
444480,36,196
890400,36,196
1749860,36,196
463150,36,196
2545650,36,196
662930,36,196
1430200,36,196
3125570,36,196
1153150,36,196
2128480,36,196
366440,36,196
2057770,36,196
353090,36,196
1024970,36,196
1022480,36,196
869840,36,196
1229460,36,196
354570,36,196
1933700,36,196
3543930,36,196
681380,36,196
871100,36,196
322210,36,196
252850,36,196
1104840,36,196
718940,36,196
799080,36,196
276340,36,196
1367490,36,196
3233390,36,196
3251270,36,196
1380260,36,196
716090,36,196
433790,36,196
1572080,36,196
1569620,36,196
955740,36,196
1819980,36,196
2833530,36,196
377460,36,196
539470,36,196
410110,36,196
263880,36,196
2823080,36,196
1120810,36,196
918900,36,196
1618230,36,196
997170,36,196
560220,36,196
542590,36,196
628900,36,196
1297660,36,196
534910,36,196
811160,36,196
662230,36,196
2287710,36,196
1486630,36,196
1286730,36,196
903040,36,196
81030,36,196
1592670,36,196
880850,36,196
1173310,36,196
468800,36,196
948100,36,196
2249600,36,196
332370,36,196
3273420,36,196
2775000,36,196
3389760,36,196
384690,36,196
2194670,36,196
510060,36,196
1873030,36,196
415420,36,196
1398740,36,196
341890,36,196
3389330,36,196
2884080,36,196
525510,36,196
1986760,36,196
1781350,36,196
426920,36,196
2264880,36,196
1262250,36,196
448320,36,196
3229170,36,196
1944560,36,196
1527910,36,196
2075720,36,196
1012790,36,196
623170,36,196
1048830,36,196
3153240,36,196
2632800,36,196
2898880,36,196
1619570,36,196
39800,36,196
770050,36,196
1029900,36,196
2738380,36,196
2110110,36,196
3152540,36,196
754050,36,196
900380,36,196
487700,36,196
966090,36,196
1003480,36,196
1320140,36,196
452860,36,196
2259140,36,196
1516400,36,196
3428620,36,196
2434160,36,196
1540570,36,196
2965280,36,196
524910,36,196
3151900,36,196
625770,36,196
1314230,36,196
357240,36,196
761680,36,196
926820,36,196
937170,36,196
249610,36,196
439490,36,196
293780,36,196
17700,36,196
941920,36,196
1153830,36,196
820910,36,196
269670,36,196
407110,36,196
2903660,36,196
2000390,36,196
418340,36,196
1864080,36,196
336300,36,196
546180,36,196
1545430,36,196
1867530,36,196
2173760,36,196
2489560,36,196
1094680,36,196
491660,36,196
2020240,36,196
581380,36,196
276240,36,196
280620,36,196
2011780,36,196
2264140,36,196
367210,36,196
3465270,36,196
2293410,36,196
1416000,36,196
3389630,36,196
3651080,36,196
726390,36,196
3218530,36,196
1806040,36,196
1324530,36,196
1861880,36,196
2270,36,196
307030,36,196
2921870,36,196
1469280,36,196
528250,36,196
2378710,36,196
2510760,36,196
1148590,36,196
1812390,36,196
366920,36,196
436280,36,196
1518220,36,196
208570,36,196
1812290,36,196
2134860,36,196
1009330,37,107
1250070,37,107
1694750,37,107
1941720,37,107
1113620,37,107
1093880,37,107
1384020,37,107
770170,37,107
1468090,37,107
1010800,37,107
2299510,37,107
1635730,37,107
2436790,37,107
1251530,37,107
1573010,37,107
1006850,37,107
1268040,37,107
1049340,37,107
779260,37,107
1832750,37,107
679560,37,107
3138960,37,107
1727420,37,107
1691110,37,107
755540,37,107
2641350,37,107
780100,37,107
619250,37,107
2386460,37,107
1688750,37,107
1017060,37,107
746470,37,107
398240,37,107
964080,37,107
978680,37,107
3463150,37,107
1121930,37,107
1175390,37,107
441770,37,107
1904690,37,107
1458680,37,107
881680,37,107
3065440,37,107
1905640,37,107
597840,37,107
1170130,37,107
1164010,37,107
1551180,37,107
2095190,37,107
2548620,37,107
870820,37,107
501620,37,107
834170,37,107
1358800,37,107
967130,37,107
451650,37,107
2124470,37,107
592260,37,107
1006710,37,107
744570,37,107
954350,37,107
3243840,37,107
1119570,37,107
2552330,37,107
909870,37,107
2480630,37,107
2726120,37,107
2828790,37,107
809270,37,107
3115390,37,107
2385900,37,107
579920,37,107
1649260,37,107
927730,37,107
1014130,37,107
981590,37,107
2174170,37,107
497150,37,107
1443900,37,107
1176110,37,107
547280,37,107
768970,37,107
1208080,37,107
3310660,37,107
2488350,37,107
2138250,37,107
2779170,37,107
3132990,37,107
1732000,37,107
2479000,37,107
1740670,37,107
978690,37,107
1454500,37,107
2620310,37,107
3245770,37,107
1091650,37,107
2752040,37,107
2874180,37,107
1529240,37,107
1368630,37,107
349280,37,107
257400,37,107
3368750,37,107
630900,37,107
2187210,37,107
337070,37,107
1163170,37,107
1054580,38,3
1337970,38,3
1844610,38,3
768100,39,2
2947590,39,2
3046550,40,3
1884960,40,3
3046570,40,3
506160,41,2
1451150,41,2
2201210,42,10
3337800,42,10
1445310,42,10
691190,42,10
1146720,42,10
431570,42,10
2331610,42,10
3529700,42,10
919280,42,10
1244040,42,10
1820040,43,2
1133640,43,2
1731460,44,176
3013060,44,176
979480,44,176
788690,44,176
2772650,44,176
497020,44,176
2605600,44,176
468070,44,176
299100,44,176
411560,44,176
2138150,44,176
1807160,44,176
1193560,44,176
105300,44,176
617160,44,176
988240,44,176
1988190,44,176
3492230,44,176
791040,44,176
348250,44,176
2158730,44,176
689850,44,176
983970,44,176
1064340,44,176
3258480,44,176
3091390,44,176
1754960,44,176
228360,44,176
1051960,44,176
1233410,44,176
2262220,44,176
2515070,44,176
1587070,44,176
2883280,44,176
1460250,44,176
1366950,44,176
898340,44,176
1931090,44,176
3362370,44,176
1718910,44,176
2897700,44,176
2946280,44,176
1124080,44,176
2537730,44,176
536410,44,176
2684760,44,176
2061250,44,176
2230660,44,176
751630,44,176
322030,44,176
883360,44,176
3170150,44,176
423230,44,176
2602560,44,176
271950,44,176
1048540,44,176
1647420,44,176
289950,44,176
1427340,44,176
3084180,44,176
1616520,44,176
737890,44,176
3071740,44,176
3040560,44,176
1889890,44,176
229290,44,176
674190,44,176
1389990,44,176
1061150,44,176
218060,44,176
2592170,44,176
1248360,44,176
2753100,44,176
1700300,44,176
387890,44,176
3004490,44,176
699970,44,176
2434260,44,176
843870,44,176
1208260,44,176
597990,44,176
282590,44,176
2997980,44,176
1425980,44,176
1071140,44,176
1345940,44,176
985340,44,176
2390260,44,176
342190,44,176
1994230,44,176
2719150,44,176
3037090,44,176
302110,44,176
2772670,44,176
533970,44,176
1787150,44,176
1733830,44,176
1182470,44,176
373610,44,176
63700,44,176
499930,44,176
619700,44,176
497670,44,176
2610080,44,176
2880750,44,176
603100,44,176
636170,44,176
2018230,44,176
373600,44,176
426010,44,176
1522870,44,176
2443370,44,176
2990640,44,176
710640,44,176
3487770,44,176
275170,44,176
1354520,44,176
1059880,44,176
971470,44,176
2953440,44,176
2076740,44,176
46250,44,176
583510,44,176
1022230,44,176
2113900,44,176
307880,44,176
2872930,44,176
886360,44,176
115100,44,176
612620,44,176
1353710,44,176
572220,44,176
2782610,44,176
1490340,44,176
432980,44,176
295790,44,176
315460,44,176
821680,44,176
919260,44,176
2075100,44,176
853550,44,176
2171690,44,176
1111370,44,176
2925510,44,176
1960480,44,176
115120,44,176
3328900,44,176
1158450,44,176
741150,44,176
327140,44,176
1381650,44,176
232790,44,176
2064920,44,176
2124780,44,176
2184150,44,176
1408720,44,176
972280,44,176
332490,44,176
913440,44,176
3376760,44,176
432770,44,176
359790,44,176
3532220,44,176
973040,44,176
205070,44,176
1405500,44,176
2939640,44,176
2487680,44,176
331260,44,176
3619310,44,176
342980,44,176
1794970,44,176
437080,44,176
594150,44,176
340260,44,176
321400,44,176
230780,45,2
348200,45,2
1004740,46,3
787830,46,3
1174860,46,3
1683560,47,2
1745180,47,2
1858750,48,2
1046770,48,2
776920,49,5
991080,49,5
269290,49,5
1018680,49,5
2442500,49,5
525700,50,2
886900,50,2
1864790,51,2
2905900,51,2
1765720,52,3
1922750,52,3
552770,52,3
428340,53,3
940920,53,3
1762550,53,3
317500,54,2
373590,54,2
878110,55,1
1074340,56,1
3694360,57,1
1245430,58,1
338040,59,1
355020,60,1
2637070,61,1
3279100,62,1
2520870,63,1
813530,64,1
1582650,65,1
531180,66,1
2512620,67,1
37940,68,1
538100,69,1
665370,70,1
2613060,71,1
6370,72,1
2612700,73,1
1100150,74,1
2412490,75,1
395860,76,1
844850,77,1
529640,78,1
628040,79,1
1016770,80,1
915330,81,1
3169620,82,1
1700270,83,1
2743970,84,1
797400,85,1
1039960,86,1
20530,87,1
2473640,88,1
672150,89,1
1040460,90,1
1649010,91,1
716390,92,1
1089790,93,1
491100,94,1
130,95,1
496450,96,1
1135260,97,1
22700,98,1
655360,99,1
21100,100,1
3572870,101,1
1356670,102,1
225000,103,1
1271280,104,1
