appid,best_community_idx,best_community_id,similarity,above_threshold
878110,28,28,0.036139994859695435,False
1074340,2,2,0.6294664740562439,False
3694360,2,2,0.642458975315094,False
1245430,2,2,0.5286766886711121,False
338040,2,2,0.4308106601238251,False
355020,7,7,0.619449257850647,False
2637070,2,2,0.45621150732040405,False
3279100,28,28,0.45220324397087097,False
2520870,2,2,0.47811928391456604,False
813530,2,2,0.4386865794658661,False
1582650,2,2,0.5211328268051147,False
531180,32,32,0.5272233486175537,False
2512620,36,36,0.4044821560382843,False
37940,23,23,0.5090211629867554,False
538100,2,2,0.6533430814743042,False
665370,2,2,0.5336652994155884,False
2613060,2,2,0.4713514745235443,False
6370,7,7,0.4587042033672333,False
2612700,11,11,0.5321190357208252,False
1100150,27,27,0.4804340600967407,False
2412490,23,23,0.6144941449165344,False
395860,2,2,0.5941168069839478,False
844850,27,27,0.58889240026474,False
529640,27,27,0.4985654056072235,False
628040,11,11,0.30760428309440613,False
1016770,23,23,0.5742990970611572,False
915330,2,2,0.45521214604377747,False
3169620,2,2,0.24031366407871246,False
1700270,2,2,0.5470123291015625,False
2743970,21,21,0.37339890003204346,False
797400,21,21,0.4434318244457245,False
1039960,23,23,0.4810633957386017,False
20530,2,2,0.4563412666320801,False
2473640,11,11,0.4968183934688568,False
672150,11,11,0.2562977373600006,False
1040460,2,2,0.539766252040863,False
1649010,12,12,0.4200339913368225,False
716390,23,23,0.5090211629867554,False
1089790,2,2,0.5294727087020874,False
491100,2,2,0.763566792011261,True
130,2,2,0.4015154540538788,False
496450,2,2,0.2558397352695465,False
1135260,2,2,0.5298060178756714,False
22700,23,23,0.5336543321609497,False
655360,2,2,0.6371434926986694,False
21100,2,2,0.4105952978134155,False
3572870,23,23,0.5361149907112122,False
1356670,27,27,0.43463993072509766,False
225000,2,2,0.4961298704147339,False
1271280,11,11,0.42025354504585266,False
2757630,36,36,0.4376644492149353,False
3494930,21,21,0.5437774658203125,False
102600,1,1,0.560443103313446,False
674550,27,27,0.6961789131164551,False
1025140,2,2,0.5392933487892151,False
1890650,7,7,0.4536769986152649,False
1882240,23,23,0.44913533329963684,False
701750,27,27,0.6665142178535461,False
3677410,27,27,0.4823894798755646,False
931950,21,21,0.466670423746109,False
1998330,11,11,0.4272890090942383,False
5280,27,27,0.38455161452293396,False
2333030,2,2,0.4579877257347107,False
2011600,7,7,0.39244842529296875,False
242460,23,23,0.3840422034263611,False
605180,2,2,0.6015216112136841,False
260570,7,7,0.5710706114768982,False
1020470,2,2,0.6187199354171753,False
616040,2,2,0.5714295506477356,False
713070,2,2,0.46803203225135803,False
420290,12,12,0.47845250368118286,False
694500,30,30,0.49922481179237366,False
466490,2,2,0.5211008787155151,False
1600,1,1,0.41530707478523254,False
880950,27,27,0.30859050154685974,False
1803960,27,27,0.5012379288673401,False
1303580,21,21,0.49204927682876587,False
2435900,2,2,0.5359367728233337,False
283270,1,1,0.4196881055831909,False
1287800,2,2,0.379364937543869,False
2381620,2,2,0.42240044474601746,False
2192900,2,2,0.552452564239502,False
652980,2,2,0.5169549584388733,False
4540,23,23,0.49782896041870117,False
247750,1,1,0.5127735137939453,False
1471410,2,2,0.5050361752510071,False
1575710,28,28,0.036139994859695435,False
588010,23,23,0.28321388363838196,False
2102020,2,2,0.3135654926300049,False
436670,1,1,0.3577931821346283,False
3391050,36,36,0.5440549254417419,False
719730,2,2,0.4702584147453308,False
3108790,11,11,0.5724017024040222,False
1218360,36,36,0.5692076086997986,False
1354910,23,23,0.5750225782394409,False
668630,2,2,0.553356409072876,False
1118840,2,2,0.5493964552879333,False
1868170,27,27,0.4808486998081207,False
673850,2,2,0.5236271619796753,False
390470,2,2,0.5195719599723816,False
370550,2,2,0.7914911508560181,True
1277950,2,2,0.6105337142944336,False
1740300,27,27,0.5755015015602112,False
508300,23,23,0.4764018952846527,False
1116290,2,2,0.5996297001838684,False
1794490,27,27,0.11059243232011795,False
780490,23,23,0.433411568403244,False
1786760,36,36,0.3765445053577423,False
337760,21,21,0.438688725233078,False
612510,7,7,0.5136774778366089,False
2856370,11,11,0.608374834060669,False
1292540,2,2,0.6528558135032654,False
584370,2,2,0.5896354913711548,False
592330,2,2,0.5624138712882996,False
1902490,2,2,0.45044928789138794,False
428430,2,2,0.678921103477478,False
2128740,27,27,0.3817533850669861,False
650940,36,36,0.38198280334472656,False
2092660,2,2,0.5859937071800232,False
2522270,11,11,0.5592033863067627,False
22000,1,1,0.4408397674560547,False
676570,2,2,0.6470868587493896,False
1363690,21,21,0.5244428515434265,False
2579840,2,2,0.5924324989318848,False
965230,11,11,0.4091089367866516,False
427920,23,23,0.23492145538330078,False
3160580,21,21,0.5936122536659241,False
1271750,36,36,0.5554408431053162,False
638110,2,2,0.4040405750274658,False
762650,28,28,0.036139994859695435,False
891200,2,2,0.5346212387084961,False
247950,34,34,0.5896795392036438,False
2095890,2,2,0.5257342457771301,False
1209330,2,2,0.3642425537109375,False
1590600,27,27,0.382927268743515,False
1883000,11,11,0.46957632899284363,False
1092000,36,36,0.5747672319412231,False
2918550,36,36,0.5801630020141602,False
2231770,1,1,0.47566312551498413,False
1870140,23,23,0.387123703956604,False
271500,2,2,0.4286307692527771,False
1341170,21,21,0.49640145897865295,False
2891870,2,2,0.5707984566688538,False
2877540,27,27,0.5115256905555725,False
712670,12,12,0.2331663817167282,False
3334280,2,2,0.6572654247283936,False
929270,2,2,0.3934251368045807,False
733950,36,36,0.603407084941864,False
1778330,36,36,0.4172012209892273,False
1052900,2,2,0.7673020362854004,True
399520,2,2,0.6149879693984985,False
346830,1,1,0.3803119361400604,False
679110,2,2,0.3979297876358032,False
405930,2,2,0.4756813943386078,False
338300,2,2,0.5709206461906433,False
215510,7,7,0.44825664162635803,False
321290,21,21,0.31571006774902344,False
1722310,2,2,0.6380906701087952,False
1731070,23,23,0.42251208424568176,False
5270,23,23,0.44295594096183777,False
2351860,27,27,0.5122148394584656,False
21030,32,32,0.8152674436569214,True
2085040,2,2,0.62498939037323,False
1374930,36,36,0.42819109559059143,False
1986840,36,36,0.47888585925102234,False
886390,28,28,0.036139994859695435,False
606890,7,7,0.6199278831481934,False
873940,11,11,0.4299980700016022,False
525300,23,23,0.6010158061981201,False
1279380,27,27,0.5184513330459595,False
2155480,2,2,0.503319501876831,False
1330250,27,27,0.3933737576007843,False
1366150,7,7,0.5662060976028442,False
1996210,36,36,0.6314507722854614,False
749340,11,11,0.3669508099555969,False
1862860,28,28,0.25704461336135864,False
294370,21,21,0.40477895736694336,False
3405660,21,21,0.4669720530509949,False
447690,2,2,0.5875568985939026,False
1288900,2,2,0.4792769253253937,False
347600,27,27,0.5988456010818481,False
1516050,2,2,0.29395148158073425,False
448530,2,2,0.5407831072807312,False
743140,23,23,0.39990946650505066,False
331480,9,9,0.514085054397583,False
523600,2,2,0.3921828269958496,False
1103400,2,2,0.6857942342758179,False
2348680,36,36,0.5168828368186951,False
844750,2,2,0.5634540915489197,False
1711400,2,2,0.5781016945838928,False
827050,21,21,0.45349764823913574,False
433300,27,27,0.6258927583694458,False
1082430,7,7,0.517335057258606,False
2747040,27,27,0.5589458346366882,False
995660,2,2,0.44862404465675354,False
3485050,36,36,0.4365600049495697,False
3494500,36,36,0.4643688201904297,False
219070,2,2,0.6368430256843567,False
1069390,23,23,0.35569819808006287,False
849100,2,2,0.6143943667411804,False
236010,2,2,0.6072902083396912,False
523440,2,2,0.7928981184959412,True
1015610,2,2,0.47120729088783264,False
9300,1,1,0.4749876856803894,False
555950,23,23,0.5683663487434387,False
2027770,2,2,0.4561511278152466,False
889530,2,2,0.503395140171051,False
25980,21,21,0.44791698455810547,False
404690,2,2,0.5487312078475952,False
3092450,23,23,0.5288232564926147,False
318970,36,36,0.44102880358695984,False
3496450,7,7,0.5859801769256592,False
876140,2,2,0.6275068521499634,False
682550,36,36,0.6000315546989441,False
234350,2,2,0.5145362615585327,False
429570,2,2,0.430723637342453,False
1183510,36,36,0.44396671652793884,False
255940,2,2,0.3672531545162201,False
551630,21,21,0.5748663544654846,False
2428810,2,2,0.3206906318664551,False
587670,23,23,0.47313183546066284,False
926520,7,7,0.5373448133468628,False
425420,23,23,0.44295594096183777,False
1266560,27,27,0.4037535786628723,False
864700,2,2,0.5509948134422302,False
600080,2,2,0.5020694136619568,False
828580,23,23,0.5302854180335999,False
1637230,27,27,0.471436083316803,False
743230,11,11,0.4925978481769562,False
657230,2,2,0.5187420845031738,False
1895350,2,2,0.38239169120788574,False
3267910,2,2,0.4965180456638336,False
950700,2,2,0.6419717073440552,False
2689230,2,2,0.4323928654193878,False
1126310,36,36,0.3882438540458679,False
367120,2,2,0.3020625710487366,False
203750,30,30,0.46691471338272095,False
700160,2,2,0.6340436935424805,False
496760,2,2,0.45434290170669556,False
7880,23,23,0.4534357190132141,False
2235440,2,2,0.4508570432662964,False
472870,11,11,0.39559152722358704,False
2708450,2,2,0.5521612763404846,False
381650,23,23,0.49782896041870117,False
282050,21,21,0.198655903339386,False
396740,23,23,0.5090211629867554,False
946720,2,2,0.4292644262313843,False
1547860,2,2,0.5712113380432129,False
318240,2,2,0.4819585978984833,False
1161640,36,36,0.5354087948799133,False
539290,2,2,0.4905177056789398,False
605230,21,21,0.4230879247188568,False
431600,21,21,0.3816264271736145,False
1024630,2,2,0.5901824235916138,False
2291680,36,36,0.4335843324661255,False
2267180,23,23,0.4957323670387268,False
277910,36,36,0.6906930804252625,False
1189100,21,21,0.40254953503608704,False
420840,2,2,0.704165518283844,True
312720,7,7,0.5245271921157837,False
1739000,21,21,0.43203336000442505,False
556260,2,2,0.5139352679252625,False
2834910,7,7,0.4620862603187561,False
1782330,2,2,0.5779277086257935,False
1092710,7,7,0.45407405495643616,False
2569210,28,28,0.31098702549934387,False
438920,11,11,0.4791658818721771,False
464400,2,2,0.5297515392303467,False
1707900,2,2,0.5326424241065979,False
1454160,23,23,0.5200692415237427,False
3174920,2,2,0.4096885025501251,False
3114940,2,2,0.4819585978984833,False
2776940,27,27,0.5968871712684631,False
252370,2,2,0.4955846965312958,False
1647190,11,11,0.5646172761917114,False
2595640,2,2,0.319773405790329,False
320300,30,30,0.3383682668209076,False
568580,2,2,0.5421442985534668,False
301610,27,27,0.2673304080963135,False
598990,23,23,0.5366883277893066,False
801480,2,2,0.5408883094787598,False
389440,2,2,0.5164639353752136,False
265970,32,32,0.712418794631958,True
3596390,27,27,0.5473549365997314,False
1008610,7,7,0.7458547949790955,True
1577670,2,2,0.6393365859985352,False
755500,2,2,0.4037148356437683,False
435090,2,2,0.7914080023765564,True
669440,2,2,0.564725935459137,False
785940,21,21,0.4193994700908661,False
1293230,23,23,0.4312562346458435,False
622300,2,2,0.41336727142333984,False
1457620,7,7,0.5681793689727783,False
805610,2,2,0.49810951948165894,False
228400,2,2,0.566311776638031,False
854570,2,2,0.5084627866744995,False
3009990,11,11,0.46063247323036194,False
762440,27,27,0.3519430160522461,False
3289090,1,1,0.41242220997810364,False
374520,30,30,0.4427248239517212,False
2801930,11,11,0.5234395861625671,False
2171630,2,2,0.6446565389633179,False
277890,32,32,0.8101068735122681,True
3603080,11,11,0.44344136118888855,False
1894080,27,27,0.42357972264289856,False
233270,1,1,0.5618685483932495,False
2367470,23,23,0.21155479550361633,False
1018160,21,21,0.36368927359580994,False
1961300,2,2,0.6202747821807861,False
791180,2,2,0.5380539298057556,False
3118290,2,2,0.5103660225868225,False
467390,2,2,0.6253931522369385,False
3152590,2,2,0.5747808814048767,False
3103820,36,36,0.5978212952613831,False
520940,21,21,0.17618246376514435,False
945590,2,2,0.6013490557670593,False
1720090,2,2,0.6141465306282043,False
1354230,2,2,0.5137432217597961,False
928690,11,11,0.48564061522483826,False
764670,2,2,0.3849003314971924,False
519540,2,2,0.5209733247756958,False
1286880,2,2,0.6029020547866821,False
2081400,2,2,0.5129464864730835,False
1962430,36,36,0.4805673658847809,False
3136020,2,2,0.441508024930954,False
1684670,2,2,0.549413800239563,False
416310,12,12,0.6436187028884888,False
502470,23,23,0.6068242788314819,False
882790,27,27,0.41746073961257935,False
31860,2,2,0.3908627927303314,False
215020,1,1,0.60282963514328,False
281640,1,1,0.4797516465187073,False
454550,7,7,0.3394272029399872,False
1004270,36,36,0.52538001537323,False
828660,21,21,0.4895738661289215,False
1777510,2,2,0.39464083313941956,False
2796000,28,28,0.036139994859695435,False
603010,2,2,0.2856685519218445,False
487730,2,2,0.6425730586051941,False
6810,21,21,0.4598371088504791,False
1108830,36,36,0.5236173272132874,False
3133180,2,2,0.5165785551071167,False
1374990,2,2,0.49126285314559937,False
513590,7,7,0.6235453486442566,False
5210,23,23,0.5336543321609497,False
1299690,27,27,0.44591888785362244,False
2400640,2,2,0.45597603917121887,False
393430,2,2,0.49521321058273315,False
1545450,2,2,0.5134536027908325,False
3136420,21,21,0.4722401201725006,False
357780,7,7,0.5952541828155518,False
887760,2,2,0.6579156517982483,False
207270,23,23,0.4851260483264923,False
279460,7,7,0.41837552189826965,False
2595130,11,11,0.5177972912788391,False
946790,21,21,0.5485647916793823,False
549760,7,7,0.6814033389091492,False
1439750,21,21,0.5163216590881348,False
908730,21,21,0.4863956570625305,False
440420,2,2,0.5083739757537842,False
2248900,2,2,0.41880351305007935,False
616240,27,27,0.424299418926239,False
438660,2,2,0.45058774948120117,False
72300,23,23,0.4534357190132141,False
17080,1,1,0.26130253076553345,False
2252920,23,23,0.3671627938747406,False
33540,1,1,0.462139755487442,False
635850,36,36,0.4156550168991089,False
2296400,23,23,0.6054815649986267,False
1269640,2,2,0.5041992664337158,False
3175720,36,36,0.5335795879364014,False
372480,36,36,0.5450627207756042,False
582810,2,2,0.6566655039787292,False
2283300,1,1,0.5056820511817932,False
286480,2,2,0.5039136409759521,False
1882140,21,21,0.42624804377555847,False
2231040,2,2,0.2808837294578552,False
320000,23,23,0.5090211629867554,False
397270,11,11,0.39514216780662537,False
2673820,2,2,0.39641278982162476,False
1063540,36,36,0.392052561044693,False
107310,27,27,0.4689466953277588,False
364530,23,23,0.5090211629867554,False
1159290,27,27,0.4617482125759125,False
262150,27,27,0.46142682433128357,False
266430,2,2,0.4614501893520355,False
3508710,11,11,0.5350185036659241,False
763090,7,7,0.5955631732940674,False
432780,2,2,0.6538655161857605,False
2059530,23,23,0.43707168102264404,False
1865730,36,36,0.29148373007774353,False
3169580,36,36,0.5325223207473755,False
1098280,2,2,0.5847379565238953,False
806770,2,2,0.6796087026596069,False
377520,21,21,0.4184427857398987,False
523940,2,2,0.6456488370895386,False
1337890,36,36,0.5936335325241089,False
2276980,21,21,0.5245354175567627,False
943370,2,2,0.43352994322776794,False
258470,2,2,0.7026824355125427,True
1055990,36,36,0.516468346118927,False
2374190,2,2,0.4986214339733124,False
2832320,21,21,0.5213749408721924,False
1161900,2,2,0.5399656891822815,False
1554260,2,2,0.360619455575943,False
1781030,36,36,0.5245816707611084,False
296830,32,32,0.6719185709953308,False
1850360,2,2,0.4819585978984833,False
300970,2,2,0.5660136342048645,False
3056770,28,28,0.3887443244457245,False
347400,23,23,0.36793646216392517,False
648780,7,7,0.5999429821968079,False
832540,7,7,0.5384629368782043,False
746710,2,2,0.5344107747077942,False
857060,11,11,0.23114316165447235,False
1293160,2,2,0.35831624269485474,False
754530,21,21,0.4476732015609741,False
1926620,2,2,0.5287126302719116,False
1367510,2,2,0.6101270318031311,False
1421250,2,2,0.40647628903388977,False
363680,21,21,0.4530997574329376,False
1263230,23,23,0.4471733570098877,False
1668720,11,11,0.4606861472129822,False
3320800,2,2,0.6026511788368225,False
3399430,2,2,0.4375256299972534,False
314330,11,11,0.38665589690208435,False
2995310,11,11,0.42656999826431274,False
382140,23,23,0.5544826984405518,False
2328540,27,27,0.41592246294021606,False
108110,32,32,0.8154376149177551,True
573730,2,2,0.6534364819526672,False
993400,2,2,0.6319456696510315,False
2353340,11,11,0.4548957645893097,False
270110,27,27,0.6086923480033875,False
1067540,2,2,0.5334720015525818,False
3095380,21,21,0.4458315968513489,False
1054430,2,2,0.4581865668296814,False
2420170,36,36,0.36350640654563904,False
1680000,11,11,0.3623870313167572,False
2099110,2,2,0.3825819492340088,False
637110,2,2,0.6310222744941711,False
783710,2,2,0.4432227909564972,False
1160020,27,27,0.5773071646690369,False
340460,7,7,0.5657657980918884,False
1252000,21,21,0.41803860664367676,False
228760,1,1,0.37515971064567566,False
2963890,27,27,0.45652878284454346,False
873190,2,2,0.38409698009490967,False
592600,2,2,0.45283573865890503,False
562500,7,7,0.4597257077693939,False
1315200,1,1,0.516311764717102,False
1012840,2,2,0.4586261212825775,False
2380410,2,2,0.4400947690010071,False
626680,2,2,0.48956698179244995,False
429720,2,2,0.6504413485527039,False
231200,2,2,0.46838176250457764,False
400510,2,2,0.5256214737892151,False
398850,2,2,0.5406155586242676,False
422900,21,21,0.4583142101764679,False
1917920,2,2,0.4855782687664032,False
809850,11,11,0.491355836391449,False
681240,23,23,0.6259729266166687,False
1846920,2,2,0.38072139024734497,False
2429310,27,27,0.5542147755622864,False
921520,2,2,0.5770108699798584,False
741510,12,12,0.4210326075553894,False
3217360,7,7,0.5160607695579529,False
689580,2,2,0.3213326334953308,False
528460,36,36,0.5032299757003784,False
457860,2,2,0.5903235673904419,False
1296770,2,2,0.5074433088302612,False
2423470,2,2,0.5358831882476807,False
2322440,21,21,0.4632872939109802,False
518920,2,2,0.5820522904396057,False
1098130,9,9,0.4628942310810089,False
3011440,23,23,0.4815933108329773,False
370570,2,2,0.6244345307350159,False
11550,7,7,0.5391239523887634,False
1239690,2,2,0.6314817070960999,False
1865930,21,21,0.4593557119369507,False
2150330,2,2,0.5221880674362183,False
25600,36,36,0.44776883721351624,False
2400290,7,7,0.4425604045391083,False
513320,32,32,0.7043719291687012,True
630870,2,2,0.5925017595291138,False
1155790,2,2,0.7386367917060852,True
724580,11,11,0.5730903744697571,False
234670,1,1,0.533500075340271,False
338810,11,11,0.4203617572784424,False
3037490,23,23,0.48716291785240173,False
997270,21,21,0.6885485649108887,False
839910,7,7,0.4325959384441376,False
2062690,21,21,0.42501604557037354,False
1880380,23,23,0.5334907174110413,False
624270,23,23,0.5739948749542236,False
2256280,27,27,0.44086867570877075,False
2424390,2,2,0.5812427401542664,False
765230,2,2,0.5461987257003784,False
3154850,21,21,0.6034528017044067,False
1552310,2,2,0.5749829411506653,False
1270100,21,21,0.5053551197052002,False
791470,2,2,0.3743501901626587,False
2891310,27,27,0.5814750790596008,False
3071950,2,2,0.43875551223754883,False
415900,2,2,0.637391209602356,False
2154720,2,2,0.3618190884590149,False
1461800,2,2,0.5465793013572693,False
2512930,2,2,0.5624776482582092,False
1073770,36,36,0.5998122692108154,False
863330,36,36,0.30117303133010864,False
740250,2,2,0.34834352135658264,False
3166780,27,27,0.3170607089996338,False
2228280,21,21,0.5662104487419128,False
1325270,2,2,0.5352960228919983,False
2061440,21,21,0.4623093605041504,False
1485350,2,2,0.6211004257202148,False
2993680,27,27,0.5254706144332886,False
1183470,21,21,0.4421023726463318,False
657590,2,2,0.6429897546768188,False
1354760,11,11,0.3800763189792633,False
416680,21,21,0.42591166496276855,False
1907000,27,27,0.512927770614624,False
917870,2,2,0.46489980816841125,False
1373260,36,36,0.40440842509269714,False
505070,23,23,0.5383266806602478,False
510660,12,12,0.5005338191986084,False
724030,2,2,0.6102078557014465,False
720560,27,27,0.44563212990760803,False
561610,21,21,0.4379989206790924,False
3089130,2,2,0.5284214615821838,False
381240,2,2,0.4707920253276825,False
343070,2,2,0.5935025215148926,False
566190,23,23,0.6126666069030762,False
3392420,2,2,0.5363113880157471,False
2601560,11,11,0.44127824902534485,False
836770,2,2,0.5857959389686584,False
574740,36,36,0.4404969811439514,False
2157110,2,2,0.44519180059432983,False
1033580,2,2,0.6481466889381409,False
2445340,36,36,0.4496753215789795,False
1097130,2,2,0.6139645576477051,False
1394100,2,2,0.30147451162338257,False
1235110,36,36,0.49691811203956604,False
292240,11,11,0.5221573114395142,False
1082190,1,1,0.3697664737701416,False
1244630,2,2,0.45002129673957825,False
516000,7,7,0.6422384977340698,False
2093920,27,27,0.5622029304504395,False
3029830,36,36,0.540138304233551,False
3192760,2,2,0.3573434054851532,False
1485900,2,2,0.6350340843200684,False
1512940,2,2,0.6553109288215637,False
2130000,27,27,0.4958559572696686,False
1552810,2,2,0.4337866008281708,False
607540,23,23,0.5123673677444458,False
2413830,36,36,0.4755095839500427,False
2385720,2,2,0.5083439946174622,False
633060,23,23,0.4905101954936981,False
386930,2,2,0.5907690525054932,False
422910,21,21,0.5863374471664429,False
33530,21,21,0.509349524974823,False
1659600,27,27,0.42535877227783203,False
1377150,2,2,0.5457019805908203,False
3376270,28,28,0.4098237454891205,False
554000,27,27,0.5373407006263733,False
2504380,23,23,0.552282452583313,False
1753260,1,1,0.45046424865722656,False
285480,23,23,0.5754972696304321,False
674170,2,2,0.6224046945571899,False
1446850,2,2,0.4215104877948761,False
513620,23,23,0.5898324847221375,False
726830,2,2,0.5877850651741028,False
1896900,11,11,0.4745689928531647,False
1816950,2,2,0.5892165899276733,False
1591420,2,2,0.5144388675689697,False
2961530,2,2,0.661191463470459,False
1302390,23,23,0.23492145538330078,False
480640,21,21,0.38838455080986023,False
875240,2,2,0.5820346474647522,False
1774100,2,2,0.5263431668281555,False
1186740,2,2,0.5445597767829895,False
272860,2,2,0.5684046149253845,False
674750,2,2,0.5022892355918884,False
1440440,1,1,0.49873292446136475,False
3135930,27,27,0.37000560760498047,False
1777620,1,1,0.275648832321167,False
2341070,21,21,0.37709322571754456,False
334310,2,2,0.6550349593162537,False
1031910,2,2,0.6895752549171448,False
519160,2,2,0.6030522584915161,False
673540,21,21,0.6972613334655762,False
3089150,2,2,0.4945864677429199,False
603450,23,23,0.28321388363838196,False
541670,2,2,0.4777068793773651,False
1160950,36,36,0.4966098666191101,False
1011590,21,21,0.44969019293785095,False
1098270,2,2,0.5243624448776245,False
440240,2,2,0.33881327509880066,False
583760,23,23,0.5330201983451843,False
24430,1,1,0.3922329545021057,False
856100,2,2,0.5878267884254456,False
1528080,2,2,0.5133748054504395,False
46260,1,1,0.44492262601852417,False
402040,2,2,0.4963929057121277,False
3052520,2,2,0.32828864455223083,False
2351970,36,36,0.402853399515152,False
591990,2,2,0.485355406999588,False
630460,2,2,0.6202570199966431,False
696170,28,28,0.036139994859695435,False
3276490,11,11,0.5139658451080322,False
2461690,23,23,0.23492145538330078,False
1111390,27,27,0.3526264429092407,False
1938050,36,36,0.5329158902168274,False
294440,7,7,0.5009509921073914,False
1233260,1,1,0.13771337270736694,False
772300,36,36,0.06057623028755188,False
2351120,23,23,0.6149240136146545,False
2582730,21,21,0.45097941160202026,False
645790,21,21,0.49345532059669495,False
2183600,32,32,0.6029011011123657,False
2361570,27,27,0.4980244040489197,False
2055410,2,2,0.5456092357635498,False
2200530,21,21,0.15343643724918365,False
804490,2,2,0.5071189403533936,False
485390,36,36,0.5736905336380005,False
1406990,11,11,0.4555371403694153,False
32640,2,2,0.467107355594635,False
65700,21,21,0.5541090965270996,False
2304640,2,2,0.4591912627220154,False
2169110,23,23,0.5343090295791626,False
1098080,2,2,0.5567550659179688,False
1738990,11,11,0.5147882103919983,False
635390,2,2,0.628994345664978,False
493200,2,2,0.44594696164131165,False
654600,2,2,0.5781527757644653,False
1058710,21,21,0.5151680707931519,False
3461920,2,2,0.7141121625900269,True
1463920,11,11,0.21263711154460907,False
2248430,36,36,0.5689263343811035,False
809310,21,21,0.5216151475906372,False
10100,2,2,0.401186466217041,False
1895860,36,36,0.5269191265106201,False
1609230,1,1,0.3717285990715027,False
1848460,36,36,0.40413203835487366,False
245850,23,23,0.4851260483264923,False
32660,32,32,0.5715227723121643,False
1767750,27,27,0.4819118082523346,False
1732330,27,27,0.33767062425613403,False
1892700,36,36,0.4588859975337982,False
1395560,2,2,0.57631915807724,False
1031120,32,32,0.7104513049125671,True
355150,11,11,0.4473057985305786,False
1299930,28,28,0.036139994859695435,False
2497210,21,21,0.586102306842804,False
292180,21,21,0.2197732925415039,False
1151050,2,2,0.5045148730278015,False
94590,32,32,0.49181661009788513,False
1406850,27,27,0.3750057518482208,False
1341050,9,9,0.34470829367637634,False
732370,27,27,0.6704991459846497,False
19960,23,23,0.23492145538330078,False
264200,2,2,0.6613604426383972,False
2516590,36,36,0.41972821950912476,False
1272030,2,2,0.5370530486106873,False
694160,2,2,0.7116475701332092,True
954170,2,2,0.4410032629966736,False
115800,1,1,0.5237467885017395,False
2639000,36,36,0.39405161142349243,False
1057700,2,2,0.5078093409538269,False
857480,2,2,0.6165909171104431,False
454350,34,34,0.5749315619468689,False
1930750,23,23,0.4894489645957947,False
422920,21,21,0.5733600854873657,False
1136330,36,36,0.4619072377681732,False
265210,2,2,0.5443369150161743,False
1234520,2,2,0.5636188983917236,False
1132190,9,9,0.25715065002441406,False
2294630,2,2,0.29468902945518494,False
370350,28,28,0.036139994859695435,False
2371130,2,2,0.532301664352417,False
684270,2,2,0.47672945261001587,False
776030,36,36,0.5290184617042542,False
1167550,27,27,0.429251492023468,False
1588340,7,7,0.5576998591423035,False
1402480,27,27,0.5336403250694275,False
406220,27,27,0.6446706056594849,False
1620380,2,2,0.44785276055336,False
884080,2,2,0.6964293122291565,False
1069690,23,23,0.4041932225227356,False
1901340,23,23,0.36104339361190796,False
823230,21,21,0.4248327612876892,False
1443440,1,1,0.48051443696022034,False
1390520,27,27,0.3780514895915985,False
262230,11,11,0.5968771576881409,False
1268110,36,36,0.4833037853240967,False
298520,32,32,0.5087099671363831,False
951640,2,2,0.7515567541122437,True
1536420,11,11,0.13355140388011932,False
292910,23,23,0.49547573924064636,False
879050,27,27,0.6108704209327698,False
867590,27,27,0.7666094899177551,True
404860,2,2,0.6245989203453064,False
322460,23,23,0.23492145538330078,False
2905790,2,2,0.5010221004486084,False
560570,2,2,0.7210599184036255,True
1233270,27,27,0.38171708583831787,False
329000,36,36,0.6554495096206665,False
889600,27,27,0.25283247232437134,False
370280,2,2,0.5027521252632141,False
377350,2,2,0.495577335357666,False
580560,2,2,0.7325885891914368,True
2111020,21,21,0.534039318561554,False
1077320,2,2,0.5562631487846375,False
2605980,36,36,0.7332333326339722,True
2218970,27,27,0.5165342688560486,False
858040,28,28,0.036139994859695435,False
2710900,2,2,0.5599628686904907,False
1570830,11,11,0.4787292182445526,False
3491570,2,2,0.4628543555736542,False
1326880,23,23,0.5090211629867554,False
97120,21,21,0.5356702208518982,False
819790,36,36,0.4773450493812561,False
770100,36,36,0.388326495885849,False
1373510,23,23,0.4282659888267517,False
1419870,23,23,0.5486132502555847,False
2179290,2,2,0.6463937759399414,False
3302860,2,2,0.4560897648334503,False
1076880,11,11,0.42940452694892883,False
1171270,27,27,0.44289836287498474,False
2398180,2,2,0.5371385216712952,False
3158480,2,2,0.5670427680015564,False
39650,34,34,0.5605884194374084,False
1175190,23,23,0.660272479057312,False
365620,21,21,0.4910881817340851,False
1402020,2,2,0.5172417759895325,False
2130460,9,9,0.38875430822372437,False
554560,2,2,0.610918402671814,False
1034810,36,36,0.5753176808357239,False
440430,7,7,0.4740275740623474,False
913720,36,36,0.4526948630809784,False
1072390,2,2,0.5547784566879272,False
1829520,27,27,0.4965797960758209,False
955870,11,11,0.5252629518508911,False
397420,2,2,0.5913911461830139,False
1567860,2,2,0.4121811091899872,False
977210,27,27,0.6777558326721191,False
655290,2,2,0.6189919114112854,False
2603020,21,21,0.5187579989433289,False
2337630,5,5,0.22180867195129395,False
965010,11,11,0.44125863909721375,False
1532690,1,1,0.4603040814399719,False
726360,23,23,0.5434060096740723,False
333600,31,31,0.37546995282173157,False
632350,27,27,0.3329302668571472,False
325090,27,27,0.5952232480049133,False
24860,23,23,0.4851260483264923,False
1324270,21,21,0.5175415873527527,False
216250,23,23,0.44295594096183777,False
809950,2,2,0.6111013889312744,False
2717850,2,2,0.48376521468162537,False
2272250,2,2,0.4554952383041382,False
2201710,27,27,0.4963918626308441,False
353740,2,2,0.6391761898994446,False
792000,7,7,0.5420284271240234,False
1335530,2,2,0.520954966545105,False
950050,7,7,0.45558613538742065,False
732230,2,2,0.33199673891067505,False
754500,21,21,0.44577789306640625,False
620220,27,27,0.5303785800933838,False
730830,1,1,0.5274665355682373,False
3501610,21,21,0.5649872422218323,False
1283190,7,7,0.42539626359939575,False
2687190,2,2,0.36461570858955383,False
340600,36,36,0.37417373061180115,False
210470,30,30,0.46178489923477173,False
878670,23,23,0.5594081878662109,False
3300850,27,27,0.6685108542442322,False
1667250,2,2,0.3334764242172241,False
3457180,2,2,0.5104700922966003,False
353190,32,32,0.8119370341300964,True
2074910,11,11,0.48392194509506226,False
3275600,23,23,0.5291155576705933,False
460470,2,2,0.34634461998939514,False
2800900,21,21,0.4873407185077667,False
2334170,2,2,0.5189639925956726,False
1510070,7,7,0.5793020725250244,False
1114430,2,2,0.6553740501403809,False
1737070,36,36,0.6248446106910706,False
405640,1,1,0.4376606047153473,False
31280,2,2,0.4047508239746094,False
2795000,7,7,0.5346893668174744,False
2004640,27,27,0.527927815914154,False
1372320,2,2,0.5694139003753662,False
1392820,2,2,0.49274590611457825,False
260210,2,2,0.19062386453151703,False
542550,2,2,0.6368597745895386,False
2024390,27,27,0.4116584062576294,False
250740,36,36,0.41354110836982727,False
1671410,2,2,0.46149584650993347,False
42850,21,21,0.4610210955142975,False
1060820,2,2,0.5122057795524597,False
257750,2,2,0.5729957222938538,False
2820,21,21,0.459166944026947,False
333770,2,2,0.30680203437805176,False
1350840,36,36,0.5382667779922485,False
598700,27,27,0.5842309594154358,False
1094530,27,27,0.4395035207271576,False
1617090,2,2,0.5318504571914673,False
3468150,2,2,0.5687475800514221,False
741390,11,11,0.2890365421772003,False
1586960,36,36,0.3176359534263611,False
1191580,36,36,0.5865260362625122,False
3083300,11,11,0.5347033739089966,False
1433570,2,2,0.5173364281654358,False
966430,27,27,0.3702755272388458,False
1408220,27,27,0.39102885127067566,False
296790,2,2,0.5447494387626648,False
2941730,2,2,0.500637948513031,False
1957330,2,2,0.49679842591285706,False
696920,27,27,0.5982816219329834,False
546050,2,2,0.46516960859298706,False
2375040,2,2,0.5823153853416443,False
2179170,2,2,0.4975031316280365,False
1310990,27,27,0.3537043035030365,False
416210,21,21,0.4927438795566559,False
609150,27,27,0.4556634724140167,False
1255650,2,2,0.5876046419143677,False
2391900,2,2,0.4680924415588379,False
1365900,2,2,0.6101607084274292,False
630140,21,21,0.4431905150413513,False
406120,2,2,0.5963428616523743,False
1763030,27,27,0.41427579522132874,False
3323590,21,21,0.6034528017044067,False
2653940,23,23,0.5748838186264038,False
257170,21,21,0.45355093479156494,False
1565660,2,2,0.5714762210845947,False
3475100,11,11,0.5443441271781921,False
745010,27,27,0.575809121131897,False
331580,2,2,0.4323410093784332,False
702120,27,27,0.3652648329734802,False
393530,36,36,0.5870925188064575,False
952150,36,36,0.5088076591491699,False
3043310,2,2,0.5468353629112244,False
354380,2,2,0.5636915564537048,False
345220,21,21,0.4172223210334778,False
1823600,21,21,0.3874705135822296,False
1282740,2,2,0.2863699495792389,False
900010,36,36,0.4814467132091522,False
1571280,2,2,0.42135459184646606,False
272990,2,2,0.7257283329963684,True
696160,11,11,0.6019355058670044,False
325470,11,11,0.4079773426055908,False
458480,2,2,0.5020394325256348,False
1127110,7,7,0.509446382522583,False
658530,23,23,0.4862651526927948,False
2196980,36,36,0.5349356532096863,False
512250,32,32,0.489004909992218,False
383140,2,2,0.5809392929077148,False
2572560,2,2,0.6037076711654663,False
3211690,2,2,0.46964654326438904,False
273570,2,2,0.4000043272972107,False
1949960,2,2,0.4486396610736847,False
2984660,36,36,0.41933274269104004,False
1278150,2,2,0.5679630637168884,False
250180,23,23,0.4780105948448181,False
1669490,2,2,0.5608893632888794,False
1113240,28,28,0.036139994859695435,False
1225780,36,36,0.6405010223388672,False
1429850,1,1,0.47825247049331665,False
734730,11,11,0.41092193126678467,False
766150,7,7,0.602093517780304,False
2142160,11,11,0.44535598158836365,False
801070,2,2,0.5807091593742371,False
1347550,21,21,0.42011070251464844,False
336940,2,2,0.5129782557487488,False
1093280,2,2,0.7527008056640625,True
775900,21,21,0.4146959185600281,False
622220,27,27,0.1574426293373108,False
3071670,9,9,0.18676245212554932,False
1728870,36,36,0.37610194087028503,False
1149590,12,12,0.6599011421203613,False
21120,1,1,0.4232793152332306,False
1265780,23,23,0.5064662098884583,False
234390,27,27,0.3963148891925812,False
1451720,2,2,0.6003555059432983,False
2216130,36,36,0.6314167976379395,False
391440,11,11,0.6629735827445984,False
871510,2,2,0.5981863141059875,False
1242980,2,2,0.49898362159729004,False
609920,2,2,0.505372166633606,False
2234150,23,23,0.5257884860038757,False
2438230,11,11,0.5175889730453491,False
1021210,21,21,0.3594622015953064,False
595080,2,2,0.618573009967804,False
3980,30,30,0.4830760657787323,False
3378000,36,36,0.48146700859069824,False
1368950,27,27,0.3476436734199524,False
2994910,2,2,0.5294085144996643,False
546220,2,2,0.37487828731536865,False
1587540,36,36,0.4751555621623993,False
1428560,2,2,0.47631800174713135,False
1163460,27,27,0.6014600396156311,False
237700,23,23,0.5336543321609497,False
1789480,2,2,0.3566031754016876,False
1096550,2,2,0.5221020579338074,False
2967500,2,2,0.5136414170265198,False
1693000,21,21,0.526643693447113,False
1271050,2,2,0.4265359342098236,False
1018000,27,27,0.5252095460891724,False
1933490,7,7,0.4719998836517334,False
1450120,23,23,0.4891695976257324,False
1321590,2,2,0.579302191734314,False
225260,1,1,0.49434778094291687,False
2503710,2,2,0.4474634528160095,False
2718010,2,2,0.47557830810546875,False
10040,23,23,0.5090211629867554,False
1226310,2,2,0.5391563177108765,False
601780,2,2,0.4161587953567505,False
1163870,2,2,0.4997875690460205,False
1470110,2,2,0.5403438806533813,False
2715650,36,36,0.5561521649360657,False
587100,27,27,0.4980047643184662,False
212630,30,30,0.4234115183353424,False
46500,2,2,0.5452084541320801,False
501280,2,2,0.40971124172210693,False
1294810,2,2,0.38331854343414307,False
264840,36,36,0.6415960192680359,False
2134030,7,7,0.4339403212070465,False
1067860,21,21,0.5452272891998291,False
979560,2,2,0.42337095737457275,False
437100,2,2,0.571523129940033,False
1275640,9,9,0.25677305459976196,False
2937910,2,2,0.4609866142272949,False
3535220,36,36,0.4520398676395416,False
494740,2,2,0.4359356462955475,False
702110,23,23,0.5629110336303711,False
1694600,2,2,0.41873371601104736,False
2291020,27,27,0.27200964093208313,False
1441570,7,7,0.47109416127204895,False
1859470,2,2,0.5414625406265259,False
628960,2,2,0.7080168128013611,True
7830,1,1,0.47401532530784607,False
576960,10,10,0.48523712158203125,False
2719060,28,28,0.036139994859695435,False
533830,23,23,0.47313183546066284,False
2609610,2,2,0.4742252826690674,False
417840,2,2,0.7004059553146362,True
2529770,36,36,0.410695344209671,False
658890,2,2,0.4833853840827942,False
1160790,23,23,0.7050377130508423,True
1507120,2,2,0.5497066974639893,False
796920,2,2,0.5807091593742371,False
586380,2,2,0.7342618107795715,True
1236240,2,2,0.5397248864173889,False
222980,27,27,0.47110968828201294,False
1141550,2,2,0.5935400724411011,False
2309400,27,27,0.5032685995101929,False
3219650,2,2,0.5476560592651367,False
924750,2,2,0.5740281939506531,False
1804010,27,27,0.5981346368789673,False
375840,23,23,0.4068090617656708,False
2720290,2,2,0.5208914279937744,False
1165850,2,2,0.47046133875846863,False
215120,36,36,0.4923289716243744,False
714080,27,27,0.3486981987953186,False
754520,2,2,0.5448516011238098,False
1469170,21,21,0.36761990189552307,False
1137300,23,23,0.49242737889289856,False
336670,2,2,0.42401328682899475,False
487430,27,27,0.49010342359542847,False
965890,2,2,0.5933529138565063,False
2022270,2,2,0.382624089717865,False
40350,2,2,0.5234733819961548,False
33760,2,2,0.6290156245231628,False
1917850,2,2,0.6432238817214966,False
277590,23,23,0.18525098264217377,False
2429210,11,11,0.4325225353240967,False
975550,2,2,0.47981229424476624,False
33670,32,32,0.7166205048561096,True
1400860,1,1,0.3976185619831085,False
2914470,36,36,0.5016061663627625,False
416640,36,36,0.036239247769117355,False
783050,2,2,0.4761127531528473,False
3076620,11,11,0.504917323589325,False
1356480,2,2,0.6031399369239807,False
434030,21,21,0.2891457676887512,False
1391200,23,23,0.4759993851184845,False
397160,11,11,0.5638638734817505,False
1348180,36,36,0.4130440950393677,False
2636420,2,2,0.5509110689163208,False
1570960,2,2,0.45775550603866577,False
501470,2,2,0.46120238304138184,False
1524790,36,36,0.4938717186450958,False
598600,2,2,0.5744361281394958,False
1007020,23,23,0.39990946650505066,False
418960,2,2,0.7772012948989868,True
2327780,2,2,0.4017918109893799,False
2318070,2,2,0.5004019737243652,False
395900,7,7,0.6017978191375732,False
249230,34,34,0.4377549886703491,False
858500,7,7,0.7270168662071228,True
1649290,2,2,0.6415943503379822,False
521660,11,11,0.3199160397052765,False
2512200,2,2,0.48771950602531433,False
3399040,2,2,0.5354950428009033,False
844900,2,2,0.4978567361831665,False
1797930,2,2,0.5577927231788635,False
1872680,2,2,0.5479564070701599,False
1715750,2,2,0.42440012097358704,False
410120,7,7,0.5677614212036133,False
2296100,2,2,0.5187481641769409,False
729000,36,36,0.552820086479187,False
380060,23,23,0.49782896041870117,False
218640,34,34,0.5575940608978271,False
412430,11,11,0.6525262594223022,False
1865370,2,2,0.49165937304496765,False
1611430,27,27,0.4610039293766022,False
1440170,2,2,0.45002391934394836,False
506500,2,2,0.5654979348182678,False
3039500,36,36,0.5909025073051453,False
3106530,21,21,0.3755238950252533,False
1074610,2,2,0.5897662043571472,False
437990,23,23,0.4534357190132141,False
328790,21,21,0.5923395752906799,False
2804680,2,2,0.5637940764427185,False
684430,2,2,0.569811224937439,False
1107720,11,11,0.5888262391090393,False
1136440,2,2,0.5847970247268677,False
728830,2,2,0.7326719760894775,True
377950,2,2,0.512365996837616,False
2532430,2,2,0.5410590171813965,False
1305080,2,2,0.5114720463752747,False
3550980,2,2,0.478385865688324,False
301670,1,1,0.5704250335693359,False
1540150,2,2,0.41745325922966003,False
1648560,36,36,0.45496442914009094,False
936010,2,2,0.6606103181838989,False
491790,2,2,0.4945022463798523,False
1424860,7,7,0.5824925899505615,False
1984020,27,27,0.6001816987991333,False
237890,36,36,0.3301880657672882,False
739970,36,36,0.43692323565483093,False
963770,2,2,0.4928300082683563,False
3546740,21,21,0.4108262062072754,False
2549090,2,2,0.5024832487106323,False
2110820,2,2,0.6236900687217712,False
734580,2,2,0.45777949690818787,False
2078510,23,23,0.48033949732780457,False
218510,21,21,0.5250462889671326,False
990390,2,2,0.6311233639717102,False
1389360,21,21,0.49283191561698914,False
664830,2,2,0.569527268409729,False
2348170,11,11,0.4302840828895569,False
2525880,21,21,0.4090988039970398,False
461880,2,2,0.5379970669746399,False
2901520,2,2,0.4540663957595825,False
289340,21,21,0.5262430906295776,False
328730,2,2,0.6002275943756104,False
1407870,2,2,0.5093053579330444,False
1503790,27,27,0.5214982032775879,False
1120370,36,36,0.6067443490028381,False
2955370,2,2,0.4819585978984833,False
2550090,2,2,0.4165765345096588,False
395200,2,2,0.5407129526138306,False
1680700,2,2,0.48302656412124634,False
1366810,23,23,0.28586867451667786,False
2143170,2,2,0.4847392737865448,False
795020,2,2,0.7398292422294617,True
931690,2,2,0.4594034254550934,False
2643980,11,11,0.45799586176872253,False
2881800,11,11,0.6035729050636292,False
2999250,2,2,0.4339665174484253,False
328900,2,2,0.5114102363586426,False
793600,2,2,0.5004971027374268,False
2255190,2,2,0.6008982062339783,False
1461770,27,27,0.4655523896217346,False
1372910,2,2,0.5773812532424927,False
1601970,2,2,0.54498291015625,False
1418020,2,2,0.7204301357269287,True
791510,23,23,0.49081894755363464,False
2737980,11,11,0.4637904167175293,False
9200,1,1,0.3968845307826996,False
1456820,2,2,0.49066177010536194,False
225270,7,7,0.5869615077972412,False
618950,2,2,0.5062559247016907,False
2626620,36,36,0.5480164289474487,False
1740000,2,2,0.3057524859905243,False
551730,9,9,0.2330990731716156,False
2067050,23,23,0.4801454544067383,False
922320,2,2,0.5633573532104492,False
2639420,11,11,0.4277859628200531,False
510680,2,2,0.5414121150970459,False
1373350,27,27,0.49960818886756897,False
1336180,21,21,0.4568537771701813,False
343450,21,21,0.1598217785358429,False
2808830,7,7,0.45950019359588623,False
2561360,23,23,0.488835871219635,False
888040,32,32,0.48257118463516235,False
1730140,27,27,0.5831059813499451,False
504210,2,2,0.45377081632614136,False
340580,2,2,0.5783978700637817,False
989060,2,2,0.31897860765457153,False
614260,2,2,0.5378352999687195,False
949480,23,23,0.5933973789215088,False
1039880,27,27,0.3529551923274994,False
2867410,2,2,0.49499571323394775,False
866020,2,2,0.485978901386261,False
433290,2,2,0.4819585978984833,False
1571600,2,2,0.456579327583313,False
741670,21,21,0.6060912609100342,False
435050,7,7,0.7555112838745117,True
232050,1,1,0.4392601251602173,False
467210,2,2,0.5282829403877258,False
38120,2,2,0.542362630367279,False
382560,2,2,0.5836645364761353,False
262100,2,2,0.5281068682670593,False
3592310,2,2,0.4471512734889984,False
3002280,36,36,0.45393800735473633,False
1366510,2,2,0.6662381887435913,False
366320,1,1,0.5207760334014893,False
579940,21,21,0.4622613489627838,False
294660,2,2,0.4986591935157776,False
939330,2,2,0.38443049788475037,False
1946140,11,11,0.5151950120925903,False
435130,21,21,0.4130811393260956,False
233740,23,23,0.37736889719963074,False
1177000,21,21,0.4289291203022003,False
645320,23,23,0.4970000982284546,False
1189440,36,36,0.4019499719142914,False
20550,32,32,0.5107903480529785,False
1013540,2,2,0.550514817237854,False
654850,2,2,0.536261796951294,False
946880,21,21,0.4110069274902344,False
1892370,2,2,0.3956609070301056,False
1358250,2,2,0.3137891888618469,False
3181470,2,2,0.43758153915405273,False
671970,2,2,0.4500853419303894,False
2165470,2,2,0.49337267875671387,False
501990,2,2,0.41693058609962463,False
654550,7,7,0.48284709453582764,False
2159670,11,11,0.6044217348098755,False
908790,2,2,0.5711610317230225,False
2193720,27,27,0.4995831549167633,False
2102490,11,11,0.5306566953659058,False
781350,2,2,0.4819585978984833,False
562410,2,2,0.680635392665863,False
386050,2,2,0.6461727023124695,False
1933980,11,11,0.5302705764770508,False
3391500,36,36,0.5963490009307861,False
2765860,21,21,0.42038825154304504,False
2814610,27,27,0.5376801490783691,False
760060,1,1,0.4262920022010803,False
444620,28,28,0.4256133437156677,False
1393320,2,2,0.581954836845398,False
697960,7,7,0.6151258945465088,False
1741880,2,2,0.5747188925743103,False
2356470,36,36,0.38143008947372437,False
416060,2,2,0.6115369200706482,False
588220,23,23,0.4857461154460907,False
1046300,11,11,0.5837212204933167,False
2682580,2,2,0.49404966831207275,False
261110,23,23,0.4760807454586029,False
2260930,2,2,0.5955289602279663,False
999220,2,2,0.4710049331188202,False
387860,36,36,0.41986891627311707,False
1512710,36,36,0.3782150149345398,False
271850,21,21,0.6369266510009766,False
711810,2,2,0.4403005540370941,False
251850,35,35,0.5499356389045715,False
686110,2,2,0.685541033744812,False
1286330,36,36,0.6000329852104187,False
699850,21,21,0.48454102873802185,False
2324110,2,2,0.5462175011634827,False
38170,2,2,0.5319589376449585,False
578830,23,23,0.6594685912132263,False
532170,2,2,0.6090312600135803,False
1336040,2,2,0.6087229251861572,False
286000,7,7,0.5049611330032349,False
747340,2,2,0.49937704205513,False
294590,32,32,0.6474090218544006,False
1271090,2,2,0.548902153968811,False
488580,2,2,0.6507424712181091,False
1747670,2,2,0.5229973793029785,False
276360,2,2,0.614135205745697,False
2720270,11,11,0.570647656917572,False
2304180,23,23,0.5523654818534851,False
562210,2,2,0.6267494559288025,False
3222970,2,2,0.5171042084693909,False
258180,34,34,0.7492541670799255,True
227020,30,30,0.45340558886528015,False
726590,2,2,0.29647284746170044,False
824000,34,34,0.6056661009788513,False
2769210,36,36,0.506004273891449,False
555970,2,2,0.5759074687957764,False
1225590,30,30,0.5044783353805542,False
292930,32,32,0.5797364115715027,False
1051420,21,21,0.48319196701049805,False
1196390,2,2,0.610918402671814,False
207790,21,21,0.5202254056930542,False
317590,21,21,0.5653963088989258,False
931500,36,36,0.35425424575805664,False
2019680,11,11,0.45125922560691833,False
2283200,27,27,0.3626660108566284,False
525210,27,27,0.6742575764656067,False
333320,36,36,0.5201942920684814,False
2639810,27,27,0.4926075041294098,False
915810,2,2,0.3575936257839203,False
449130,21,21,0.38418903946876526,False
436910,2,2,0.5898299813270569,False
452230,7,7,0.4582131803035736,False
284730,23,23,0.5818996429443359,False
513210,2,2,0.6297153830528259,False
372260,23,23,0.4851260483264923,False
666620,27,27,0.514535665512085,False
209230,23,23,0.6618043184280396,False
880580,23,23,0.588959813117981,False
1347430,2,2,0.36685749888420105,False
577670,2,2,0.5566959381103516,False
1236780,27,27,0.4868846833705902,False
964440,2,2,0.5726981163024902,False
1393820,36,36,0.4365731477737427,False
2191080,2,2,0.49966108798980713,False
1948450,23,23,0.5470839142799377,False
332800,32,32,0.5642801523208618,False
1036740,27,27,0.5379705429077148,False
345650,2,2,0.34757277369499207,False
511490,27,27,0.4861537218093872,False
1043230,27,27,0.4929189383983612,False
1905020,2,2,0.490088552236557,False
741430,2,2,0.5717563629150391,False
1206930,2,2,0.6586459875106812,False
2019920,2,2,0.56343013048172,False
200190,7,7,0.6292270421981812,False
2844500,2,2,0.6153795123100281,False
622200,2,2,0.6114259362220764,False
680390,2,2,0.6334295272827148,False
214560,1,1,0.32088497281074524,False
1249040,2,2,0.4973214566707611,False
1411030,2,2,0.5788490176200867,False
733500,11,11,0.16285717487335205,False
800180,23,23,0.43563416600227356,False
1518770,27,27,0.4612331688404083,False
679770,2,2,0.6635911464691162,False
2989980,36,36,0.4146226942539215,False
2657120,2,2,0.45773932337760925,False
1161870,2,2,0.629498302936554,False
785840,27,27,0.29106631875038147,False
828070,36,36,0.5488852262496948,False
255070,23,23,0.5203808546066284,False
503810,32,32,0.8536449670791626,True
200880,2,2,0.4819585978984833,False
317360,2,2,0.5390673279762268,False
2087460,11,11,0.4957881569862366,False
1060210,32,32,0.5875278115272522,False
575890,12,12,0.17887265980243683,False
908310,2,2,0.6064049601554871,False
1613770,36,36,0.5462957620620728,False
3116360,2,2,0.5038704872131348,False
689790,7,7,0.40825527906417847,False
601810,2,2,0.5096462368965149,False
346750,36,36,0.5107297897338867,False
1148560,2,2,0.543755292892456,False
1058060,36,36,0.4964018762111664,False
858840,2,2,0.6812503933906555,False
568830,7,7,0.5894832015037537,False
1212830,27,27,0.513735830783844,False
582980,27,27,0.48513054847717285,False
3113870,2,2,0.4981219172477722,False
1389300,2,2,0.3749280571937561,False
1339310,27,27,0.5163567066192627,False
3454530,2,2,0.5624286532402039,False
2191480,11,11,0.5908758044242859,False
803330,2,2,0.4238694906234741,False
1224290,36,36,0.46479761600494385,False
1157740,2,2,0.4661237299442291,False
3034720,2,2,0.5416560173034668,False
673900,2,2,0.5407817363739014,False
876650,36,36,0.40769439935684204,False
2060170,2,2,0.32499897480010986,False
2831550,2,2,0.41640880703926086,False
894730,2,2,0.6994378566741943,False
717640,2,2,0.5278537273406982,False
365160,7,7,0.5174578428268433,False
2772990,2,2,0.5688740611076355,False
1426490,27,27,0.48489049077033997,False
1688320,36,36,0.5349633097648621,False
1274600,2,2,0.5932847857475281,False
1328920,36,36,0.5199065804481506,False
3172450,2,2,0.577325701713562,False
1120320,2,2,0.6228944063186646,False
1552350,11,11,0.3877580463886261,False
505040,21,21,0.2919654846191406,False
1055010,23,23,0.45811882615089417,False
452060,2,2,0.5324854254722595,False
1280260,23,23,0.45160582661628723,False
946030,2,2,0.6266807317733765,False
1187330,2,2,0.3872048258781433,False
460430,36,36,0.4235973358154297,False
998790,11,11,0.6116503477096558,False
1841240,23,23,0.47122201323509216,False
1138840,23,23,0.532979428768158,False
698540,11,11,0.5139601230621338,False
2063680,7,7,0.5142087936401367,False
355630,2,2,0.5747312307357788,False
2292060,27,27,0.5094478726387024,False
712730,2,2,0.4965461790561676,False
2789810,2,2,0.4251950979232788,False
1161830,36,36,0.4838271737098694,False
2810,21,21,0.41797804832458496,False
3080880,27,27,0.6484984159469604,False
2169120,36,36,0.5118252038955688,False
1417770,27,27,0.4985252916812897,False
30010,23,23,0.5060182213783264,False
2384690,21,21,0.5157403945922852,False
1164850,2,2,0.6002345085144043,False
1454970,7,7,0.3118337094783783,False
534480,2,2,0.6576868295669556,False
2328740,36,36,0.3986230790615082,False
1980210,2,2,0.5064096450805664,False
339120,2,2,0.5246694087982178,False
1608640,2,2,0.5453400015830994,False
1846460,2,2,0.4280949831008911,False
2553050,2,2,0.40626823902130127,False
3368490,23,23,0.49497801065444946,False
270760,36,36,0.4744647741317749,False
846050,21,21,0.5966598391532898,False
1851000,27,27,0.3975542485713959,False
365770,2,2,0.5475056171417236,False
2191490,11,11,0.5302824378013611,False
585710,2,2,0.44745829701423645,False
1166290,11,11,0.5709234476089478,False
2002640,23,23,0.33694902062416077,False
2795270,11,11,0.4258148968219757,False
1629530,2,2,0.4690078794956207,False
1621070,2,2,0.5722664594650269,False
767870,2,2,0.7142046093940735,True
596030,23,23,0.6002964973449707,False
12140,2,2,0.4819585978984833,False
325260,2,2,0.6657384634017944,False
748090,23,23,0.49782896041870117,False
990900,2,2,0.5059755444526672,False
1358830,21,21,0.48263686895370483,False
37240,2,2,0.49116814136505127,False
1930,32,32,0.39710789918899536,False
685990,2,2,0.7106013894081116,True
937940,32,32,0.5900442004203796,False
422310,23,23,0.4078943133354187,False
523000,36,36,0.33434101939201355,False
1506850,7,7,0.5086333751678467,False
2554700,11,11,0.5620150566101074,False
422250,2,2,0.6425416469573975,False
2458210,11,11,0.3988654315471649,False
2269460,21,21,0.45032912492752075,False
1060810,27,27,0.6723493933677673,False
1478970,27,27,0.5890742540359497,False
1823390,36,36,0.449564665555954,False
1290280,36,36,0.5173172354698181,False
2420900,7,7,0.4788016080856323,False
784050,2,2,0.5817700624465942,False
1155330,2,2,0.36059466004371643,False
3718700,36,36,0.5454615950584412,False
325210,23,23,0.6047926545143127,False
1418360,27,27,0.43870672583580017,False
806530,27,27,0.5800774693489075,False
372590,28,28,0.13506819307804108,False
1434310,2,2,0.469929575920105,False
33980,2,2,0.45095551013946533,False
714160,21,21,0.6056066751480103,False
1709050,21,21,0.43189939856529236,False
1959480,27,27,0.5522464513778687,False
218090,1,1,0.4283290207386017,False
2625850,28,28,0.036139994859695435,False
17500,2,2,0.5308992266654968,False
2367610,2,2,0.5525643229484558,False
1178460,2,2,0.35645735263824463,False
513330,21,21,0.5279781222343445,False
2337460,2,2,0.5534476041793823,False
2301370,36,36,0.43692347407341003,False
1023690,11,11,0.36264875531196594,False
354160,32,32,0.4950982928276062,False
770070,36,36,0.4680993854999542,False
1828690,2,2,0.47155725955963135,False
544650,2,2,0.6132906675338745,False
1003090,21,21,0.5026651620864868,False
115300,7,7,0.3566443920135498,False
461840,2,2,0.4627171754837036,False
552270,2,2,0.570772647857666,False
776490,27,27,0.592244029045105,False
1428470,7,7,0.5729488730430603,False
2571520,1,1,0.41371670365333557,False
3053820,36,36,0.555202305316925,False
1078760,23,23,0.5651941895484924,False
218170,23,23,0.23492145538330078,False
1053710,36,36,0.553860068321228,False
2174320,21,21,0.37268900871276855,False
485670,2,2,0.5072097182273865,False
2711320,36,36,0.4139096140861511,False
343440,28,28,0.036139994859695435,False
330950,2,2,0.6451144218444824,False
1788850,36,36,0.5315307974815369,False
527450,21,21,0.41141045093536377,False
1621860,11,11,0.30412566661834717,False
2856450,2,2,0.3991944193840027,False
1007810,36,36,0.6344976425170898,False
1344840,36,36,0.514325737953186,False
440030,21,21,0.5416103005409241,False
2137470,2,2,0.49142777919769287,False
1289010,36,36,0.452044278383255,False
690260,7,7,0.6254624724388123,False
1008710,36,36,0.6782768964767456,False
1420640,2,2,0.3616873323917389,False
2093010,2,2,0.5664207935333252,False
423950,1,1,0.5144493579864502,False
877180,2,2,0.5160723924636841,False
1115780,7,7,0.4766489565372467,False
669310,36,36,0.4285825788974762,False
237850,2,2,0.39786145091056824,False
535840,2,2,0.6495646238327026,False
1878970,2,2,0.5966325998306274,False
791500,7,7,0.5374607443809509,False
2720700,2,2,0.4863211214542389,False
2803360,2,2,0.43082165718078613,False
719140,2,2,0.43691280484199524,False
1843540,2,2,0.5334990620613098,False
988340,2,2,0.683223307132721,False
563200,21,21,0.5470945239067078,False
1324910,23,23,0.23492145538330078,False
2802110,23,23,0.5870077013969421,False
1295790,2,2,0.47215673327445984,False
1159090,1,1,0.42399802803993225,False
1497360,23,23,0.5525302290916443,False
355180,2,2,0.4239649176597595,False
2394650,27,27,0.5199248790740967,False
298480,21,21,0.5739741921424866,False
680430,23,23,0.6822043657302856,False
1200330,21,21,0.44574883580207825,False
2223810,21,21,0.48495185375213623,False
1225070,2,2,0.5354812145233154,False
1207590,21,21,0.5182361602783203,False
19000,32,32,0.4734191596508026,False
805420,2,2,0.5991249084472656,False
1696670,2,2,0.509877622127533,False
557340,2,2,0.4530397355556488,False
533890,2,2,0.7214254140853882,True
540860,23,23,0.5899906754493713,False
773490,7,7,0.6195166110992432,False
1297100,2,2,0.4238694906234741,False
2051060,21,21,0.4031141698360443,False
3487060,2,2,0.5295146703720093,False
2398520,2,2,0.29777616262435913,False
1409830,23,23,0.5026794672012329,False
17440,32,32,0.6333822011947632,False
2427100,11,11,0.5139560699462891,False
407190,21,21,0.4694805443286896,False
1683860,2,2,0.418430358171463,False
203630,21,21,0.43062126636505127,False
919370,27,27,0.6268842220306396,False
2492380,27,27,0.3429219126701355,False
3068400,32,32,-0.008640922605991364,False
383840,2,2,0.47246941924095154,False
1448530,2,2,0.39544805884361267,False
1003400,7,7,0.4378860294818878,False
2400160,7,7,0.5252979397773743,False
342350,2,2,0.6502731442451477,False
3323000,2,2,0.6771094799041748,False
391820,2,2,0.4734770953655243,False
1030360,2,2,0.5981761813163757,False
2538370,2,2,0.36464589834213257,False
1580520,27,27,0.4808863699436188,False
309970,23,23,0.44295594096183777,False
1344740,2,2,0.48823320865631104,False
350820,23,23,0.5090211629867554,False
289120,23,23,0.4851260483264923,False
2648050,2,2,0.5335943102836609,False
317280,2,2,0.40677163004875183,False
2384600,2,2,0.43235450983047485,False
1495860,2,2,0.4909537434577942,False
1155970,23,23,0.16436216235160828,False
2494510,2,2,0.28277164697647095,False
461560,27,27,0.27999454736709595,False
1844130,11,11,0.554868757724762,False
547680,36,36,0.48630642890930176,False
1640630,12,12,0.5838460326194763,False
2658720,36,36,0.5041452646255493,False
3214000,36,36,0.5677236318588257,False
745740,2,2,0.3093055784702301,False
1801860,2,2,0.5548321604728699,False
370360,2,2,0.48006486892700195,False
491470,11,11,0.43122145533561707,False
844870,2,2,0.3653552830219269,False
326380,2,2,0.5920358300209045,False
459080,34,34,0.48593205213546753,False
1291340,2,2,0.4882957339286804,False
2064150,2,2,0.43730780482292175,False
294810,27,27,0.396773099899292,False
1202910,2,2,0.4504292607307434,False
323750,23,23,0.44295594096183777,False
2488340,11,11,0.3315778076648712,False
1921980,27,27,0.4275418817996979,False
613420,2,2,0.5848561525344849,False
457580,2,2,0.6093970537185669,False
847110,2,2,0.5160766839981079,False
915490,7,7,0.6128701567649841,False
438560,2,2,0.4871707558631897,False
2783610,27,27,0.5245227217674255,False
1664200,27,27,0.4130455255508423,False
2083070,27,27,0.4149780571460724,False
625080,5,5,0.3356841802597046,False
783180,36,36,0.5023021101951599,False
11130,32,32,0.5704476237297058,False
204860,32,32,0.6780598163604736,False
589100,2,2,0.55218505859375,False
366610,2,2,0.811582624912262,True
57600,21,21,0.538976788520813,False
521200,27,27,0.5308005213737488,False
1773210,27,27,0.5092286467552185,False
1020540,7,7,0.41588127613067627,False
1338330,2,2,0.4886128306388855,False
912810,2,2,0.6500617861747742,False
493600,7,7,0.6241933703422546,False
496730,36,36,0.4581592082977295,False
1224690,36,36,0.4071805775165558,False
2411980,2,2,0.4996394217014313,False
13530,1,1,0.6260707378387451,False
2129620,23,23,0.4828031063079834,False
26170,23,23,0.5286409854888916,False
2138700,2,2,0.4384852349758148,False
348950,11,11,0.4767979681491852,False
1605290,9,9,0.19165588915348053,False
23380,27,27,0.5255222916603088,False
356570,34,34,0.44352173805236816,False
716710,27,27,0.44402649998664856,False
2445990,36,36,0.5368075370788574,False
400990,23,23,0.4851260483264923,False
2237970,21,21,0.45813679695129395,False
2304030,21,21,0.44052931666374207,False
419480,21,21,0.43914759159088135,False
1422420,2,2,0.5517441630363464,False
658700,23,23,0.5152961611747742,False
552380,2,2,0.757912814617157,True
2475420,21,21,0.5810137391090393,False
740500,2,2,0.684489905834198,False
3120700,2,2,0.26515311002731323,False
1224700,27,27,0.5105327367782593,False
1065970,27,27,0.5598244667053223,False
959150,21,21,0.530170738697052,False
1743080,2,2,0.40668103098869324,False
864060,2,2,0.5306833982467651,False
1622900,21,21,0.3759170174598694,False
946040,28,28,0.4108883738517761,False
346250,2,2,0.4935825765132904,False
1239020,36,36,0.5364325642585754,False
298560,2,2,0.4243128001689911,False
556640,27,27,0.48385950922966003,False
983820,2,2,0.3990248739719391,False
282760,2,2,0.5014485120773315,False
425940,2,2,0.5976234078407288,False
380150,1,1,0.4721376597881317,False
1745780,28,28,0.04974702000617981,False
2141520,27,27,0.5613304376602173,False
1140890,27,27,0.6151574850082397,False
939700,2,2,0.4819585978984833,False
1150090,21,21,0.3868199586868286,False
461180,2,2,0.636751651763916,False
1809530,36,36,0.39776620268821716,False
1490410,36,36,0.5485121011734009,False
1373950,36,36,0.37000539898872375,False
2650630,2,2,0.539460301399231,False
458770,30,30,0.4289773404598236,False
2722210,27,27,0.481964111328125,False
396060,2,2,0.5938311815261841,False
1638230,23,23,0.3805621564388275,False
3060300,2,2,0.39850062131881714,False
521670,11,11,0.32005199790000916,False
756360,2,2,0.44447070360183716,False
3449620,23,23,0.5129673480987549,False
344810,2,2,0.4730260372161865,False
2710,1,1,0.42705604434013367,False
2154230,11,11,0.5285466313362122,False
2090150,11,11,0.45841100811958313,False
2647230,28,28,0.036139994859695435,False
501320,2,2,0.3969402611255646,False
370060,11,11,0.5278947353363037,False
435750,7,7,0.45276135206222534,False
2775370,2,2,0.5056212544441223,False
1592640,2,2,0.34639281034469604,False
1739300,2,2,0.5456086993217468,False
1012560,2,2,0.6031907796859741,False
1273710,2,2,0.4808933138847351,False
1803190,5,5,0.39985477924346924,False
945640,27,27,0.2938343584537506,False
697490,2,2,0.6467147469520569,False
1433940,2,2,0.6719302535057068,False
315630,36,36,0.5227120518684387,False
2590810,21,21,0.6018770337104797,False
1759350,2,2,0.5816060304641724,False
765770,2,2,0.7406057715415955,True
1195290,11,11,0.6301935911178589,False
1097300,2,2,0.5791566371917725,False
338160,21,21,0.4977794289588928,False
1762270,7,7,0.5430973768234253,False
1955960,2,2,0.45665010809898376,False
1144020,21,21,0.5489358901977539,False
1086160,23,23,0.6490418314933777,False
832360,11,11,0.4941624402999878,False
3205430,36,36,0.4204868972301483,False
1305730,2,2,0.626114010810852,False
2967920,11,11,0.4662667214870453,False
251610,23,23,0.4851260483264923,False
2477290,2,2,0.43077942728996277,False
350700,36,36,0.4337158203125,False
2583430,36,36,0.5112970471382141,False
2128140,2,2,0.48402637243270874,False
339210,21,21,0.5419079065322876,False
2147950,27,27,0.5168370604515076,False
1232060,2,2,0.6369873285293579,False
3555700,36,36,0.5340150594711304,False
2822370,2,2,0.6481552720069885,False
598060,27,27,0.42970964312553406,False
389510,2,2,0.48834139108657837,False
825730,21,21,0.4562065601348877,False
1086410,2,2,0.5694454908370972,False
3416780,2,2,0.4819585978984833,False
3121490,2,2,0.4395982027053833,False
1848520,11,11,0.5321826338768005,False
3384870,2,2,0.37747472524642944,False
1697700,27,27,0.5320165753364563,False
551860,21,21,0.3971776068210602,False
556870,23,23,0.6826429963111877,False
1683340,2,2,0.5831920504570007,False
712970,21,21,0.47708946466445923,False
525680,11,11,0.5274900794029236,False
598880,7,7,0.4692230820655823,False
502150,23,23,0.5818930268287659,False
552000,2,2,0.7156016826629639,True
3127870,2,2,0.5194580554962158,False
2461430,27,27,0.4042351543903351,False
1290750,36,36,0.4386903941631317,False
1557480,21,21,0.5152748227119446,False
324680,12,12,0.39985862374305725,False
1120890,21,21,0.6142263412475586,False
1494500,2,2,0.6100363731384277,False
888530,27,27,0.491061270236969,False
31840,1,1,0.39351576566696167,False
411320,21,21,0.4918709695339203,False
1112930,36,36,0.5152711868286133,False
1124080,27,27,0.5314606428146362,False
1535060,27,27,0.46901369094848633,False
22230,23,23,0.6393038034439087,False
876290,2,2,0.5886743068695068,False
1455070,2,2,0.4915434420108795,False
365560,21,21,0.43757742643356323,False
589060,36,36,0.362363338470459,False
2654680,2,2,0.48925867676734924,False
339010,23,23,0.4078943133354187,False
289600,1,1,0.45012420415878296,False
1178830,2,2,0.4285641610622406,False
2898760,2,2,0.42474955320358276,False
3708980,2,2,0.33472740650177,False
628770,27,27,0.37585046887397766,False
3460130,2,2,0.5887026190757751,False
231060,27,27,0.4146953225135803,False
2616450,36,36,0.3972201347351074,False
2088670,11,11,0.5589378476142883,False
348540,2,2,0.5895938277244568,False
1875530,2,2,0.5317797660827637,False
1435310,2,2,0.5254918932914734,False
1528010,36,36,0.46177735924720764,False
1573590,21,21,0.5025846362113953,False
2478020,27,27,0.38065680861473083,False
2020500,36,36,0.4717634916305542,False
2551110,21,21,0.31841298937797546,False
435790,2,2,0.6374589800834656,False
2262080,2,2,0.5536083579063416,False
1480120,2,2,0.5846474170684814,False
1625720,27,27,0.4850790500640869,False
2903660,2,2,0.6021944284439087,False
25810,21,21,0.49456164240837097,False
614090,32,32,0.5522782802581787,False
1511090,2,2,0.5442517399787903,False
1844720,27,27,0.5407593846321106,False
711540,2,2,0.5201924443244934,False
361200,32,32,0.8013684153556824,True
2916210,23,23,0.4659286439418793,False
1287000,21,21,0.5797675848007202,False
534270,2,2,0.6537826061248779,False
3122150,11,11,0.6135119199752808,False
1872860,2,2,0.50229811668396,False
421630,36,36,0.42989304661750793,False
1220,23,23,0.4990042746067047,False
2706370,21,21,0.41192999482154846,False
500260,2,2,0.5128222703933716,False
435300,2,2,0.5786173939704895,False
42160,23,23,0.4851260483264923,False
1684930,2,2,0.4561481773853302,False
381780,1,1,0.5044795870780945,False
2138150,2,2,0.3656288981437683,False
1110100,2,2,0.33772480487823486,False
769680,36,36,0.47627732157707214,False
391180,2,2,0.6859467625617981,False
272040,2,2,0.4983128011226654,False
974600,2,2,0.6124452352523804,False
1768280,21,21,0.44614946842193604,False
2590260,36,36,0.4165678024291992,False
1265570,27,27,0.4406129717826843,False
646280,2,2,0.592771589756012,False
1803550,21,21,0.42511218786239624,False
735350,2,2,0.533474326133728,False
628100,11,11,0.3072717785835266,False
1314000,27,27,0.49878519773483276,False
1199570,27,27,0.5376837849617004,False
467220,2,2,0.5914232730865479,False
46550,23,23,0.6300451755523682,False
402210,2,2,0.5211628079414368,False
1171320,2,2,0.5762187242507935,False
2210,1,1,0.40596991777420044,False
2433730,2,2,0.4074351191520691,False
6310,1,1,0.5171129703521729,False
2516170,2,2,0.5126412510871887,False
284910,27,27,0.5059666037559509,False
2010530,2,2,0.5466801524162292,False
787040,7,7,0.6856511831283569,False
1715280,2,2,0.46880456805229187,False
490080,1,1,0.4563831090927124,False
620570,2,2,0.4216430187225342,False
2232600,2,2,0.5939614176750183,False
1069790,23,23,0.5090211629867554,False
3411020,2,2,0.4260486960411072,False
3125890,7,7,0.4941728413105011,False
107200,12,12,0.4246901571750641,False
2709040,27,27,0.4665718972682953,False
2585800,21,21,0.36869022250175476,False
3058030,2,2,0.5011811852455139,False
3720,21,21,0.43671715259552,False
1034060,2,2,0.6585636734962463,False
493770,27,27,0.6282885670661926,False
32650,32,32,0.8074358105659485,True
1909020,11,11,0.5560580492019653,False
2303740,2,2,0.4590492844581604,False
853550,2,2,0.43006181716918945,False
234190,21,21,0.41346171498298645,False
1108620,2,2,0.5627396702766418,False
1416000,27,27,0.6013940572738647,False
1024330,36,36,0.6016281843185425,False
1661260,2,2,0.511961817741394,False
2525520,27,27,0.48793140053749084,False
2919560,36,36,0.4784977436065674,False
671210,27,27,0.4456433355808258,False
1941720,2,2,0.4147023856639862,False
1622780,36,36,0.31354662775993347,False
943980,36,36,0.49497100710868835,False
1541840,2,2,0.4819585978984833,False
2476490,36,36,0.496601402759552,False
2916170,23,23,0.4160537123680115,False
561770,28,28,0.036139994859695435,False
1551030,36,36,0.5381555557250977,False
585270,7,7,0.46774253249168396,False
1479390,2,2,0.49428024888038635,False
540360,7,7,0.5112336277961731,False
1151610,28,28,0.036139994859695435,False
1104450,7,7,0.4761502146720886,False
1636710,2,2,0.5020805597305298,False
1112790,21,21,0.5518941879272461,False
1995300,27,27,0.4518491327762604,False
1272310,32,32,0.5875278115272522,False
3455450,36,36,0.5047299861907959,False
1124190,2,2,0.565401017665863,False
1444650,2,2,0.5316393375396729,False
2169950,27,27,0.5344468355178833,False
2599950,2,2,0.571973979473114,False
1420710,23,23,0.49081894755363464,False
3069040,36,36,0.5998935699462891,False
340360,11,11,0.5433542728424072,False
2825300,11,11,0.5071106553077698,False
674500,2,2,0.5842427015304565,False
2602020,2,2,0.46072137355804443,False
523070,23,23,0.5424370765686035,False
298280,2,2,0.5412402153015137,False
2690700,12,12,0.5578787922859192,False
498240,2,2,0.48913511633872986,False
1265970,2,2,0.5793480277061462,False
1604000,27,27,0.4437621235847473,False
2924170,27,27,0.5495123267173767,False
1100170,27,27,0.5045669078826904,False
31800,9,9,0.3885190188884735,False
37380,2,2,0.5066284537315369,False
688630,2,2,0.5637853145599365,False
1265930,2,2,0.4198181629180908,False
3175860,2,2,0.6530241966247559,False
932850,21,21,0.45749062299728394,False
360640,11,11,0.4908238351345062,False
1736400,2,2,0.5150325298309326,False
2291070,23,23,0.47313183546066284,False
556860,21,21,0.5816810727119446,False
1504020,36,36,0.40397053956985474,False
2880460,7,7,0.41313162446022034,False
289820,23,23,0.6396726369857788,False
34880,34,34,0.6592845916748047,False
3282670,2,2,0.4207034707069397,False
1322630,21,21,0.5445165038108826,False
588110,23,23,0.6498370170593262,False
1853830,21,21,0.23213832080364227,False
3273240,1,1,0.5433049201965332,False
3535780,11,11,0.5497183203697205,False
1016930,35,35,0.5567147135734558,False
1840660,2,2,0.4764539301395416,False
1502970,36,36,0.3281928300857544,False
325430,2,2,0.5881339311599731,False
1907350,2,2,0.46937230229377747,False
3206870,36,36,0.41508594155311584,False
1160500,21,21,0.4598236083984375,False
307110,2,2,0.49685102701187134,False
1532200,2,2,0.3806203305721283,False
936160,36,36,0.36222043633461,False
3077790,2,2,0.3984862267971039,False
2140100,23,23,0.4589352607727051,False
1997660,27,27,0.5349547863006592,False
1182370,11,11,0.5181428790092468,False
1999170,23,23,0.610752284526825,False
1149940,21,21,0.34088099002838135,False
558340,2,2,0.5210577249526978,False
2903160,2,2,0.48079290986061096,False
3308210,2,2,0.47013264894485474,False
2803060,36,36,0.5257910490036011,False
3089700,36,36,0.5127292275428772,False
9760,21,21,0.4094163179397583,False
1550510,2,2,0.48632949590682983,False
306410,2,2,0.6654438376426697,False
2900,21,21,0.5004462599754333,False
529420,23,23,0.4529557228088379,False
3376080,21,21,0.4915429353713989,False
2414340,23,23,0.5302519798278809,False
4100,7,7,0.6231970191001892,False
1702760,36,36,0.5340613722801208,False
32340,2,2,0.3753525912761688,False
578890,36,36,0.6920037269592285,False
115220,23,23,0.5558375716209412,False
733540,11,11,0.298920214176178,False
484920,7,7,0.5425829291343689,False
1629830,36,36,0.5293799042701721,False
338000,2,2,0.46238183975219727,False
3018410,2,2,0.6364554166793823,False
1059900,2,2,0.4741572141647339,False
1118240,2,2,0.4318546950817108,False
2415240,2,2,0.3528379499912262,False
748300,23,23,0.5451039671897888,False
569720,2,2,0.4671015739440918,False
578470,2,2,0.6818408966064453,False
2951770,2,2,0.6159464716911316,False
229170,23,23,0.23492145538330078,False
1514930,23,23,0.5543727278709412,False
1851610,2,2,0.5818321108818054,False
728740,34,34,0.5409952402114868,False
2318430,36,36,0.3761322498321533,False
239680,23,23,0.5336543321609497,False
3040560,2,2,0.46535614132881165,False
2738380,36,36,0.5259206295013428,False
358270,2,2,0.38294222950935364,False
1022130,2,2,0.6734628081321716,False
1261180,27,27,0.4280478060245514,False
1069360,2,2,0.5049254298210144,False
770200,27,27,0.45482444763183594,False
2894960,11,11,0.4262094795703888,False
617830,23,23,0.5409196615219116,False
1053390,36,36,0.4781275987625122,False
300620,2,2,0.7056151628494263,True
612720,21,21,0.4362882971763611,False
407840,27,27,0.41198068857192993,False
292410,2,2,0.44769853353500366,False
296220,23,23,0.6239231824874878,False
2214170,2,2,0.4550895392894745,False
836420,27,27,0.6091299653053284,False
1123450,1,1,0.5109532475471497,False
1753490,36,36,0.45830652117729187,False
3317770,9,9,0.36563435196876526,False
280740,2,2,0.59730064868927,False
1422430,2,2,0.5261662006378174,False
946350,2,2,0.29987528920173645,False
1492420,2,2,0.5989683270454407,False
1341200,21,21,0.3300408720970154,False
1044770,7,7,0.6665845513343811,False
2130060,36,36,0.567081868648529,False
486380,36,36,0.4792010486125946,False
330390,27,27,0.5269800424575806,False
3019160,12,12,0.4983069598674774,False
483330,21,21,0.49752625823020935,False
1865010,2,2,0.5834972858428955,False
938560,2,2,0.5226741433143616,False
848050,2,2,0.388849139213562,False
1106140,2,2,0.5112949013710022,False
248970,2,2,0.5689661502838135,False
2932040,36,36,0.49281367659568787,False
1516490,11,11,0.6307917833328247,False
356430,21,21,0.5632914900779724,False
477730,36,36,0.4838055372238159,False
1269690,2,2,0.5528662800788879,False
2551170,2,2,0.5324190258979797,False
865750,36,36,0.5966940522193909,False
615120,2,2,0.45607221126556396,False
629390,2,2,0.6012226343154907,False
307030,2,2,0.6782159805297852,False
691960,27,27,0.3519430160522461,False
569150,2,2,0.610918402671814,False
535490,2,2,0.41593748331069946,False
1639080,11,11,0.34797874093055725,False
1602980,2,2,0.3346068561077118,False
508540,36,36,0.6023887991905212,False
557400,36,36,0.5267890095710754,False
40,2,2,0.3942887485027313,False
1281160,27,27,0.4372852146625519,False
506540,7,7,0.6006878614425659,False
3479710,2,2,0.6415201425552368,False
1152300,36,36,0.36448734998703003,False
253880,12,12,0.395836740732193,False
282400,21,21,0.5530576109886169,False
1967700,21,21,0.5603588223457336,False
595430,21,21,0.5727812051773071,False
1174380,7,7,0.4794602394104004,False
1973580,2,2,0.3705415427684784,False
2313250,2,2,0.44632628560066223,False
1681870,7,7,0.4201090931892395,False
1641700,23,23,0.5026053190231323,False
3334550,2,2,0.5018991827964783,False
792200,27,27,0.45758292078971863,False
1717170,2,2,0.4464655816555023,False
1023940,28,28,0.07119178771972656,False
2775910,36,36,0.48463013768196106,False
264560,34,34,0.5427451729774475,False
495110,23,23,0.550980269908905,False
2000330,2,2,0.6368435621261597,False
313730,1,1,0.3163052499294281,False
1732050,2,2,0.38232579827308655,False
425960,36,36,0.5822010040283203,False
3177070,28,28,0.4530574679374695,False
1610120,2,2,0.6231268644332886,False
1025550,21,21,0.4842953681945801,False
681840,2,2,0.4819585978984833,False
2898460,11,11,0.408723920583725,False
2827610,27,27,0.3769914209842682,False
748830,2,2,0.7149170637130737,True
321650,23,23,0.23492145538330078,False
889710,27,27,0.4585842788219452,False
463020,2,2,0.4858206808567047,False
1222370,2,2,0.3823232650756836,False
3176410,11,11,0.4877282381057739,False
683600,11,11,0.5297693014144897,False
511270,36,36,0.37230736017227173,False
1912750,27,27,0.5410296320915222,False
677280,2,2,0.5906400084495544,False
1080060,2,2,0.4998701512813568,False
23320,9,9,0.5269007682800293,False
1386780,21,21,0.46535685658454895,False
1049280,2,2,0.5182515978813171,False
1074190,36,36,0.5505343675613403,False
2564660,2,2,0.3984663188457489,False
2609060,2,2,0.4985637664794922,False
1733110,21,21,0.4825965464115143,False
448670,2,2,0.6907464265823364,False
61520,1,1,0.4810076057910919,False
2124780,2,2,0.37660762667655945,False
512770,2,2,0.6400874257087708,False
2852980,11,11,0.5344744920730591,False
1051200,27,27,0.47170019149780273,False
463130,2,2,0.6453294157981873,False
2956400,2,2,0.5710479617118835,False
1831250,2,2,0.4819585978984833,False
3602770,2,2,0.4927549958229065,False
765870,23,23,0.1453048139810562,False
1133690,2,2,0.268684446811676,False
2553710,2,2,0.5830458402633667,False
1069820,36,36,0.06056201085448265,False
328310,21,21,0.5512450337409973,False
2161620,7,7,0.5688593983650208,False
2078040,2,2,0.5635183453559875,False
1768780,23,23,0.4923493564128876,False
2752040,2,2,0.5847671031951904,False
1729940,21,21,0.511123538017273,False
671610,27,27,0.40958350896835327,False
593960,2,2,0.5102855563163757,False
2337860,2,2,0.4533979594707489,False
2131010,11,11,0.4818997085094452,False
544270,23,23,0.5153570175170898,False
410,1,1,0.3923684060573578,False
392950,2,2,0.4925768971443176,False
1189230,36,36,0.4612228274345398,False
1205560,27,27,0.38572442531585693,False
207320,27,27,0.47353845834732056,False
330680,2,2,0.5859180688858032,False
572430,21,21,0.5756093263626099,False
397040,27,27,0.40778836607933044,False
1634100,2,2,0.6245241761207581,False
34640,21,21,0.5114032030105591,False
415530,2,2,0.6219252347946167,False
1571100,2,2,0.46808668971061707,False
1011390,21,21,0.3610517978668213,False
1481080,11,11,0.43805408477783203,False
3422700,11,11,0.4853924512863159,False
1058650,21,21,0.5841650366783142,False
794540,27,27,0.502284824848175,False
1766720,21,21,0.428305059671402,False
1298140,2,2,0.4038454294204712,False
709920,2,2,0.5362292528152466,False
403030,28,28,0.24600334465503693,False
646270,36,36,0.5614398121833801,False
1370140,2,2,0.502429723739624,False
2386580,2,2,0.5718715190887451,False
10510,23,23,0.5336543321609497,False
1076640,2,2,0.4843881130218506,False
257400,21,21,0.23534682393074036,False
1850960,23,23,0.4189760982990265,False
442070,23,23,0.4960218071937561,False
1589120,36,36,0.4381242096424103,False
1573720,23,23,0.4355278015136719,False
793350,2,2,0.3402960002422333,False
695920,2,2,0.4085603356361389,False
1866980,36,36,0.47922199964523315,False
346330,2,2,0.39410385489463806,False
2994150,11,11,0.37608540058135986,False
624120,2,2,0.353841096162796,False
1031920,2,2,0.47699931263923645,False
3161620,2,2,0.511508047580719,False
3125250,2,2,0.5622232556343079,False
17140,30,30,0.5196747183799744,False
1000010,1,1,0.4638669490814209,False
1107230,2,2,0.5035463571548462,False
895970,2,2,0.4819585978984833,False
1804720,21,21,0.4296858012676239,False
1253610,23,23,0.5509921908378601,False
666610,2,2,0.585819661617279,False
516610,2,2,0.7637474536895752,True
1058980,2,2,0.7362569570541382,True
356730,36,36,0.7163881063461304,True
597240,27,27,0.5987426042556763,False
526920,2,2,0.6735719442367554,False
916380,7,7,0.5633398294448853,False
283960,11,11,0.4830867052078247,False
1315020,21,21,0.3890828788280487,False
738510,27,27,0.27414000034332275,False
301420,2,2,0.7314500212669373,True
344340,21,21,0.594057023525238,False
732090,2,2,0.6474496126174927,False
1748750,27,27,0.5092906951904297,False
3078920,11,11,0.45495519042015076,False
678550,1,1,0.2083301842212677,False
1066110,2,2,0.28340646624565125,False
2198800,2,2,0.488292396068573,False
443080,23,23,0.4078943133354187,False
518030,2,2,0.5130360722541809,False
345180,27,27,0.4650095999240875,False
295430,7,7,0.4798130691051483,False
2360210,27,27,0.4329993426799774,False
201280,23,23,0.5336543321609497,False
2246880,2,2,0.6292076110839844,False
1330890,23,23,0.5574420690536499,False
353890,2,2,0.4299880862236023,False
31940,2,2,0.3908627927303314,False
1802880,27,27,0.5882784724235535,False
1213230,2,2,0.6513893604278564,False
1509080,36,36,0.3614060878753662,False
1099220,23,23,0.566034734249115,False
1932160,27,27,0.4461144506931305,False
3109050,2,2,0.28233134746551514,False
713160,2,2,0.6634770035743713,False
752800,36,36,0.6063913702964783,False
499110,2,2,0.6123026609420776,False
1540210,2,2,0.4754572808742523,False
2738600,2,2,0.4824446439743042,False
2794610,23,23,0.5372712016105652,False
1229420,30,30,0.4499819278717041,False
322850,21,21,0.45309796929359436,False
654230,2,2,0.5426030158996582,False
3304770,36,36,0.5012540817260742,False
721080,2,2,0.5970025658607483,False
985590,2,2,0.5189175605773926,False
2251620,27,27,0.390737384557724,False
1849000,2,2,0.5027937293052673,False
2180210,36,36,0.5120934844017029,False
1933840,2,2,0.5905026197433472,False
1733640,2,2,0.5097594261169434,False
2285890,2,2,0.5063137412071228,False
2654470,27,27,0.45684561133384705,False
268750,27,27,0.3707144260406494,False
645280,2,2,0.5893760919570923,False
326590,21,21,0.6404725909233093,False
955170,11,11,0.49682775139808655,False
2757720,7,7,0.5108412504196167,False
2456940,2,2,0.4938071072101593,False
463150,2,2,0.5385223627090454,False
1924780,27,27,0.531903088092804,False
2430360,2,2,0.4077494740486145,False
1023280,2,2,0.4887841045856476,False
1018800,2,2,0.6429898142814636,False
227600,11,11,0.5295524597167969,False
431940,2,2,0.4957957863807678,False
2132840,36,36,0.49109551310539246,False
19320,2,2,0.7850865125656128,True
1111460,2,2,0.5532776117324829,False
761910,21,21,0.5722246766090393,False
1497440,1,1,0.5161591172218323,False
575780,2,2,0.73695969581604,True
451900,36,36,0.5688161849975586,False
942930,2,2,0.5639911890029907,False
3290170,2,2,0.4864775538444519,False
1398390,36,36,0.376810222864151,False
1470020,36,36,0.3752671182155609,False
903910,2,2,0.5678715109825134,False
1909270,27,27,0.4890749752521515,False
1329880,36,36,0.46040043234825134,False
2061430,21,21,0.500929057598114,False
2461710,7,7,0.5784913897514343,False
1669870,7,7,0.4321960508823395,False
365080,36,36,0.6318181753158569,False
433590,2,2,0.5908206701278687,False
1849890,2,2,0.5381866097450256,False
1165380,2,2,0.564172625541687,False
2497110,11,11,0.47062548995018005,False
3446150,11,11,0.4896914064884186,False
930280,23,23,0.6746354103088379,False
2626530,2,2,0.5276207327842712,False
1532650,2,2,0.45153486728668213,False
1569700,21,21,0.4529857635498047,False
2214500,2,2,0.4597892761230469,False
893450,2,2,0.601687490940094,False
1639730,2,2,0.38818636536598206,False
571530,27,27,0.4183230698108673,False
2300920,36,36,0.5297316312789917,False
857350,2,2,0.35641732811927795,False
849360,2,2,0.68208247423172,False
617160,2,2,0.5929206013679504,False
1831980,36,36,0.49169203639030457,False
785780,21,21,0.5151405334472656,False
1967450,36,36,0.5259121656417847,False
311860,36,36,0.6437379717826843,False
2412890,7,7,0.4282104969024658,False
248370,2,2,0.5592580437660217,False
2447420,36,36,0.35799095034599304,False
1426540,2,2,0.5671560764312744,False
597730,2,2,0.5079702138900757,False
850040,2,2,0.5998715162277222,False
3157850,27,27,0.49085700511932373,False
3344950,23,23,0.5526911020278931,False
1235360,27,27,0.5480930805206299,False
296270,23,23,0.5090211629867554,False
314980,21,21,0.548937201499939,False
427190,2,2,0.5715785622596741,False
35000,2,2,0.5547031164169312,False
2295610,2,2,0.58757084608078,False
875340,2,2,0.6444025635719299,False
2187210,2,2,0.3525983691215515,False
3618770,2,2,0.5407600402832031,False
3413460,2,2,0.5410953164100647,False
3380,27,27,0.5851152539253235,False
1834500,7,7,0.5140806436538696,False
1702180,2,2,0.6678395867347717,False
1087720,11,11,0.5012617707252502,False
862800,2,2,0.592308521270752,False
1814170,2,2,0.5310119390487671,False
376550,23,23,0.535106360912323,False
319910,2,2,0.5386251211166382,False
2950480,2,2,0.5673390030860901,False
364200,21,21,0.48973652720451355,False
791330,36,36,0.47234103083610535,False
270170,36,36,0.2926290035247803,False
383730,36,36,0.2877548336982727,False
1901200,2,2,0.4951581656932831,False
607890,27,27,0.5080113410949707,False
1428900,2,2,0.5632513165473938,False
373610,2,2,0.5192886590957642,False
3360,27,27,0.5675734877586365,False
2575060,21,21,0.5798953175544739,False
761160,23,23,0.452348917722702,False
1733500,2,2,0.6509655714035034,False
1063790,36,36,0.5506667494773865,False
3022640,2,2,0.43090397119522095,False
502770,2,2,0.6455859541893005,False
490920,21,21,0.3524700403213501,False
1683950,36,36,0.42696288228034973,False
1219240,2,2,0.5470909476280212,False
63940,30,30,0.47563302516937256,False
312840,27,27,0.43472909927368164,False
1801280,2,2,0.4819585978984833,False
878620,2,2,0.5461828112602234,False
2410490,2,2,0.5696201920509338,False
1022780,21,21,0.6164337396621704,False
2098090,23,23,0.5581589341163635,False
2017370,2,2,0.5210356712341309,False
868550,2,2,0.3910616934299469,False
1338040,23,23,0.5090211629867554,False
536920,2,2,0.8440473675727844,True
435010,7,7,0.6836997866630554,False
1577620,2,2,0.4857962131500244,False
2206270,2,2,0.5533022284507751,False
32620,32,32,0.638860285282135,False
1230800,2,2,0.3866995871067047,False
1087810,7,7,0.5348299145698547,False
415740,32,32,0.625171422958374,False
285800,23,23,0.5710731744766235,False
1904160,28,28,0.036139994859695435,False
3381200,2,2,0.556405782699585,False
9310,21,21,0.4970525801181793,False
995310,2,2,0.6328531503677368,False
3233950,27,27,0.6029402017593384,False
1270210,36,36,0.40702134370803833,False
2661160,2,2,0.42482271790504456,False
1151130,12,12,0.45134440064430237,False
3002620,2,2,0.5938529372215271,False
263760,2,2,0.6061831712722778,False
1650860,7,7,0.6271244287490845,False
2940890,36,36,0.44934743642807007,False
81890,23,23,0.5090211629867554,False
1173200,27,27,0.5485701560974121,False
449710,21,21,0.620054304599762,False
1532190,2,2,0.5265768766403198,False
1445440,36,36,0.5014742612838745,False
1450150,2,2,0.418708473443985,False
1640300,2,2,0.5704799890518188,False
1146950,36,36,0.47034499049186707,False
1760250,28,28,0.036139994859695435,False
204120,23,23,0.6075102090835571,False
2505120,2,2,0.413043737411499,False
115200,23,23,0.6094092130661011,False
434520,21,21,0.41233065724372864,False
907090,27,27,0.5059241652488708,False
336060,2,2,0.5729135870933533,False
709470,7,7,0.6768864989280701,False
49700,23,23,0.5090211629867554,False
1038810,36,36,0.4734613597393036,False
2516820,11,11,0.5290501117706299,False
646240,2,2,0.5496645569801331,False
273280,2,2,0.5212993025779724,False
1388870,2,2,0.4513588845729828,False
1046480,2,2,0.4819585978984833,False
722060,21,21,0.33510762453079224,False
2953560,36,36,0.49970608949661255,False
221180,11,11,0.4669969975948334,False
890400,36,36,0.42351481318473816,False
544920,2,2,0.5649577379226685,False
1750030,27,27,0.44272950291633606,False
1045110,2,2,0.6403610706329346,False
875740,2,2,0.5780370235443115,False
578840,2,2,0.7012813687324524,True
708760,11,11,0.5631963610649109,False
3383700,2,2,0.43316271901130676,False
719750,2,2,0.4349796772003174,False
1148730,2,2,0.46567609906196594,False
3536130,11,11,0.4891386032104492,False
654000,2,2,0.7501484155654907,True
638160,34,34,0.47007298469543457,False
385960,21,21,0.4989609718322754,False
493180,2,2,0.5685322284698486,False
646330,2,2,0.5054624676704407,False
345010,21,21,0.4630056917667389,False
48950,21,21,0.5927250385284424,False
2078120,23,23,0.3327421247959137,False
1948100,2,2,0.4519503712654114,False
2359170,2,2,0.5782694220542908,False
1770210,36,36,0.41669780015945435,False
449610,2,2,0.6339154243469238,False
1555150,23,23,0.4066927134990692,False
2894560,11,11,0.5242334008216858,False
1730700,7,7,0.4398927092552185,False
1730360,2,2,0.38013601303100586,False
3328900,2,2,0.4957689642906189,False
2012670,27,27,0.41200584173202515,False
1952170,11,11,0.5243131518363953,False
1473060,27,27,0.48229438066482544,False
1661630,2,2,0.45600593090057373,False
603320,7,7,0.6047989130020142,False
764500,2,2,0.534095823764801,False
1331090,11,11,0.6551328897476196,False
832770,36,36,0.30156663060188293,False
461950,2,2,0.5284165740013123,False
690630,2,2,0.5745202898979187,False
1983990,21,21,0.5360045433044434,False
1726310,21,21,0.43661507964134216,False
386090,2,2,0.6422918438911438,False
224060,23,23,0.23492145538330078,False
1490060,27,27,0.5626552104949951,False
1621760,21,21,0.5626954436302185,False
1247640,36,36,0.6624883413314819,False
296710,2,2,0.3641859292984009,False
2756380,27,27,0.3867464065551758,False
1015140,21,21,0.5365453362464905,False
787450,36,36,0.5108702778816223,False
205610,21,21,0.531554639339447,False
1660910,7,7,0.5109632611274719,False
388620,7,7,0.531125009059906,False
454330,2,2,0.6421037912368774,False
2113770,27,27,0.5006564259529114,False
3477660,2,2,0.3368324041366577,False
1220260,2,2,0.5102192759513855,False
453670,23,23,0.5487159490585327,False
496030,2,2,0.6122156381607056,False
456030,11,11,0.6047342419624329,False
2507640,2,2,0.6040188074111938,False
2719190,2,2,0.6181901097297668,False
1158420,2,2,0.5390692949295044,False
820030,2,2,0.2697627544403076,False
1248220,27,27,0.5520033836364746,False
2538910,36,36,0.4250486195087433,False
818320,23,23,0.5836971402168274,False
352680,7,7,0.6988977789878845,False
708710,7,7,0.6253636479377747,False
670460,7,7,0.4052973985671997,False
3060630,36,36,0.5990637540817261,False
1538730,2,2,0.4570639729499817,False
1241910,21,21,0.5636000037193298,False
431460,2,2,0.5928546786308289,False
1122100,2,2,0.5282862186431885,False
1548680,11,11,0.5094424486160278,False
304610,32,32,0.5963020324707031,False
2379810,2,2,0.5667863488197327,False
1367320,21,21,0.2743390202522278,False
866510,11,11,0.16481639444828033,False
611120,28,28,0.3473380208015442,False
534200,23,23,0.6505003571510315,False
2986370,2,2,0.5875730514526367,False
2693710,2,2,0.3045712113380432,False
1268870,2,2,0.6314671039581299,False
2369210,23,23,0.5093495845794678,False
839450,27,27,0.423371821641922,False
1603640,23,23,0.5291368961334229,False
486310,2,2,0.34690040349960327,False
31250,2,2,0.5832698345184326,False
2819030,36,36,0.5624781847000122,False
344760,21,21,0.2345830649137497,False
2837870,36,36,0.5980942845344543,False
2560460,2,2,0.40267738699913025,False
296570,36,36,0.42399612069129944,False
1728520,23,23,0.39370518922805786,False
1036200,2,2,0.4687957763671875,False
1797680,7,7,0.5301446914672852,False
612380,7,7,0.6278952956199646,False
1185520,2,2,0.4959399700164795,False
1971230,23,23,0.49956628680229187,False
2109270,2,2,0.44404223561286926,False
1098940,2,2,0.6143108606338501,False
1686290,2,2,0.6347453594207764,False
2793960,2,2,0.6338261961936951,False
844330,21,21,0.5021424889564514,False
898340,2,2,0.5835111737251282,False
988240,2,2,0.6241081357002258,False
2903050,36,36,0.432959645986557,False
512460,2,2,0.5860170125961304,False
2293900,36,36,0.42499977350234985,False
640120,2,2,0.5186930298805237,False
221020,21,21,0.44375836849212646,False
1620290,21,21,0.4630017578601837,False
2306880,7,7,0.5369392037391663,False
1491440,21,21,0.4934508204460144,False
2084720,11,11,0.5254282355308533,False
583090,2,2,0.554954469203949,False
1536070,36,36,0.3590281307697296,False
1218900,2,2,0.32391974329948425,False
501080,2,2,0.39423173666000366,False
2487070,2,2,0.46042707562446594,False
2875760,23,23,0.5251971483230591,False
236830,23,23,0.5336543321609497,False
386290,28,28,0.036139994859695435,False
382700,2,2,0.33881327509880066,False
1341820,2,2,0.3556194305419922,False
3229480,11,11,0.4214399456977844,False
1099550,2,2,0.3995743989944458,False
335670,36,36,0.4858362078666687,False
1269050,36,36,0.47464677691459656,False
282350,23,23,0.5090211629867554,False
561060,2,2,0.30229440331459045,False
515230,11,11,0.5562125444412231,False
1184210,2,2,0.5782021880149841,False
1534340,2,2,0.3501356840133667,False
2316580,2,2,0.5545641779899597,False
2855500,11,11,0.5368008613586426,False
1221250,1,1,0.4935208857059479,False
387930,2,2,0.5503113269805908,False
1324530,2,2,0.46833336353302,False
398670,7,7,0.6988977789878845,False
398710,2,2,0.5675042867660522,False
2134860,2,2,0.38077354431152344,False
446340,36,36,0.5039696097373962,False
222420,31,31,0.3412573039531708,False
3612390,23,23,0.5777784585952759,False
31880,2,2,0.3894575834274292,False
314810,35,35,0.5366079807281494,False
686870,2,2,0.4724254310131073,False
765640,2,2,0.5734692811965942,False
1492230,2,2,0.5485212802886963,False
3060170,2,2,0.5930618047714233,False
22450,32,32,0.5699923038482666,False
2178990,2,2,0.5211563110351562,False
1744330,27,27,0.4238477647304535,False
32770,2,2,0.3427840769290924,False
1049890,2,2,0.4882766604423523,False
2761610,36,36,0.552335798740387,False
2441120,23,23,0.5916743874549866,False
1954120,2,2,0.5259668231010437,False
542400,23,23,0.5997095704078674,False
2697890,36,36,0.4079790711402893,False
55140,21,21,0.39889392256736755,False
1083760,36,36,0.48804065585136414,False
733110,1,1,0.5242913365364075,False
2778430,36,36,0.483374685049057,False
3445580,2,2,0.5044054388999939,False
1307690,2,2,0.5307893753051758,False
440160,2,2,0.35523852705955505,False
1533680,11,11,0.4114329218864441,False
2278630,2,2,0.541265606880188,False
22180,23,23,0.49659234285354614,False
261940,2,2,0.6940538883209229,False
1263470,2,2,0.4584938585758209,False
251470,23,23,0.46990594267845154,False
502600,2,2,0.5969312787055969,False
820040,2,2,0.5580853223800659,False
1282760,2,2,0.7006990909576416,True
1028860,2,2,0.6114646792411804,False
392000,7,7,0.44919538497924805,False
2953440,2,2,0.6857135891914368,False
1001850,36,36,0.4273190498352051,False
329030,23,23,0.4078943133354187,False
3643400,11,11,0.48471665382385254,False
3356790,2,2,0.6074159145355225,False
537640,2,2,0.4819585978984833,False
551370,27,27,0.36419373750686646,False
1027830,36,36,0.5838865041732788,False
236530,23,23,0.5336543321609497,False
1799850,2,2,0.4194551110267639,False
801600,27,27,0.6277080774307251,False
65300,1,1,0.47601813077926636,False
16450,1,1,0.39800795912742615,False
351090,2,2,0.3406795561313629,False
365450,2,2,0.516095757484436,False
3400650,2,2,0.6207186579704285,False
94200,2,2,0.47837698459625244,False
575480,27,27,0.43409264087677,False
584640,2,2,0.6054378151893616,False
3001900,36,36,0.5787984132766724,False
2261050,11,11,0.4730953872203827,False
2493620,2,2,0.5326951146125793,False
1686870,7,7,0.5673663020133972,False
743900,7,7,0.4234985113143921,False
3029820,2,2,0.4339292049407959,False
275670,21,21,0.5113847255706787,False
486940,28,28,0.036139994859695435,False
2332240,2,2,0.4295848608016968,False
3530,32,32,0.8971641659736633,True
923500,2,2,0.43779367208480835,False
243950,21,21,0.40435323119163513,False
1928870,7,7,0.42547300457954407,False
1898290,2,2,0.5259054899215698,False
2119650,11,11,0.5748494267463684,False
310080,2,2,0.5728155374526978,False
2886860,9,9,0.36283013224601746,False
2907010,2,2,0.4092940390110016,False
1718160,2,2,0.5176942348480225,False
2383690,1,1,0.3217754065990448,False
1934080,36,36,0.5818012952804565,False
2124470,11,11,0.43183931708335876,False
1897650,23,23,0.5494148135185242,False
3200740,27,27,0.42602282762527466,False
325490,23,23,0.23492145538330078,False
9180,2,2,0.44864827394485474,False
1423370,36,36,0.5950279831886292,False
2552330,2,2,0.37839367985725403,False
2559360,7,7,0.646091103553772,False
2357950,27,27,0.6591237783432007,False
1213700,2,2,0.6244904398918152,False
233980,27,27,0.45438623428344727,False
3154920,27,27,0.5389502644538879,False
1105040,2,2,0.545746386051178,False
3132250,11,11,0.537411093711853,False
3001070,36,36,0.46456754207611084,False
1654660,2,2,0.5830824971199036,False
3031150,27,27,0.44645607471466064,False
664800,36,36,0.653283953666687,False
433020,36,36,0.5200590491294861,False
3389630,36,36,0.6136916875839233,False
2354000,2,2,0.6231999397277832,False
3500070,2,2,0.5106501579284668,False
1002000,23,23,0.5399436950683594,False
512710,23,23,0.47313183546066284,False
523970,2,2,0.4635527431964874,False
831660,23,23,0.5452876091003418,False
1179210,2,2,0.5638017654418945,False
447780,23,23,0.6504004597663879,False
2095950,23,23,0.48397740721702576,False
391030,32,32,0.7882699966430664,True
1769780,2,2,0.5701044201850891,False
2001570,2,2,0.5598106980323792,False
1871580,2,2,0.49386537075042725,False
1384320,2,2,0.4992693364620209,False
13500,1,1,0.5056015849113464,False
455980,21,21,0.527198076248169,False
39160,27,27,0.46855834126472473,False
1546400,23,23,0.48314785957336426,False
1481970,11,11,0.5214969515800476,False
3029150,27,27,0.5206083655357361,False
319170,32,32,0.5274494290351868,False
1028930,2,2,0.4509800374507904,False
1081260,36,36,0.6008524894714355,False
1119840,23,23,0.5575472712516785,False
1273260,27,27,0.37119829654693604,False
214870,32,32,0.4293523132801056,False
1515950,23,23,0.23010677099227905,False
11050,23,23,0.6740724444389343,False
1282690,12,12,0.48888882994651794,False
1026420,36,36,0.41802728176116943,False
2917350,36,36,0.5452780723571777,False
1310330,23,23,0.6254310607910156,False
492180,32,32,0.5927675366401672,False
1507190,2,2,0.5735452175140381,False
490280,23,23,0.555953860282898,False
2094600,2,2,0.5555512309074402,False
485980,21,21,0.5278233289718628,False
1262890,2,2,0.46599066257476807,False
50620,1,1,0.48357954621315,False
377880,11,11,0.3947087228298187,False
1235100,2,2,0.6177087426185608,False
1007090,2,2,0.3936934769153595,False
3464570,36,36,0.4120137393474579,False
2299900,36,36,0.5021796822547913,False
1325030,2,2,0.5790181159973145,False
2372330,2,2,0.5425509214401245,False
42230,9,9,0.34903281927108765,False
1775270,2,2,0.5548247694969177,False
1337970,36,36,0.3379572033882141,False
465520,23,23,0.5492370128631592,False
985830,2,2,0.377583771944046,False
2587450,2,2,0.47064995765686035,False
893460,27,27,0.48598241806030273,False
939100,32,32,0.5437446236610413,False
2540230,36,36,0.3884175717830658,False
884180,21,21,0.34597668051719666,False
2324940,27,27,0.4777739942073822,False
1267420,23,23,0.23492145538330078,False
2998750,2,2,0.5609756708145142,False
1342890,36,36,0.5704396367073059,False
3582710,2,2,0.4482511579990387,False
398250,2,2,0.7161455154418945,True
344500,2,2,0.42339056730270386,False
2865530,23,23,0.55173659324646,False
1861000,11,11,0.47004732489585876,False
1636110,23,23,0.5090211629867554,False
2812820,27,27,0.5729765295982361,False
2151580,2,2,0.6852477192878723,False
1776410,23,23,0.5090211629867554,False
1730590,23,23,0.5794786810874939,False
579980,7,7,0.4000614881515503,False
2197890,2,2,0.5164937376976013,False
1630650,2,2,0.5242531895637512,False
222500,2,2,0.569334089756012,False
499950,2,2,0.4819585978984833,False
1130620,2,2,0.6842027902603149,False
3509620,7,7,0.5790794491767883,False
1109570,36,36,0.3483198583126068,False
3290040,36,36,0.46508339047431946,False
1561960,23,23,0.45971164107322693,False
1059880,27,27,0.6236167550086975,False
2859200,2,2,0.4683414697647095,False
540230,21,21,0.4523051381111145,False
37210,9,9,0.5172746777534485,False
550360,7,7,0.7184584736824036,True
1843940,21,21,0.3747219741344452,False
368510,23,23,0.6730808615684509,False
916930,2,2,0.5326577425003052,False
6030,1,1,0.5113056302070618,False
734910,2,2,0.40768077969551086,False
227740,23,23,0.23492145538330078,False
449540,2,2,0.5176911354064941,False
2370,2,2,0.5580629110336304,False
1986040,12,12,0.38000741600990295,False
528250,7,7,0.6248155832290649,False
823310,2,2,0.5812378525733948,False
359420,2,2,0.707217276096344,True
2181720,2,2,0.6103008985519409,False
821670,2,2,0.48629823327064514,False
319880,36,36,0.5175625085830688,False
444970,2,2,0.3404509425163269,False
2678070,2,2,0.528231680393219,False
211140,23,23,0.23492145538330078,False
1052990,7,7,0.5059505105018616,False
1280,21,21,0.40845486521720886,False
3224960,2,2,0.6037649512290955,False
2297010,21,21,0.24807414412498474,False
949800,2,2,0.4635184705257416,False
717300,12,12,0.5120406746864319,False
447890,2,2,0.6305208802223206,False
1281200,2,2,0.5900535583496094,False
2224640,21,21,0.46168065071105957,False
2213190,23,23,0.20561201870441437,False
710640,2,2,0.6500943899154663,False
1065100,36,36,0.5357668995857239,False
2073220,21,21,0.47991564869880676,False
1759440,2,2,0.4962538182735443,False
2441170,27,27,0.5353748202323914,False
556090,2,2,0.7267927527427673,True
462770,27,27,0.5226714611053467,False
1097420,36,36,0.6150310039520264,False
1486140,2,2,0.6174716353416443,False
1708480,27,27,0.5657228231430054,False
928390,27,27,0.5145350694656372,False
956200,28,28,0.036139994859695435,False
476650,32,32,0.48348474502563477,False
1928540,11,11,0.5337880849838257,False
1996770,7,7,0.4765271842479706,False
910830,2,2,0.6169184446334839,False
355510,2,2,0.7076221704483032,True
2333720,21,21,0.5542690753936768,False
938380,23,23,0.4865425229072571,False
1732060,27,27,0.41359004378318787,False
305260,21,21,0.495358407497406,False
1074180,21,21,0.540655255317688,False
1220150,2,2,0.5944453477859497,False
2424660,2,2,0.48889338970184326,False
354140,2,2,0.5250723958015442,False
2776020,12,12,0.577621579170227,False
2646660,7,7,0.5427517294883728,False
3114330,27,27,0.5915197134017944,False
1800940,2,2,0.5067507028579712,False
3535380,23,23,0.3791519105434418,False
994930,2,2,0.46828457713127136,False
724970,23,23,0.231740340590477,False
2000100,2,2,0.45576655864715576,False
1358800,2,2,0.3793657720088959,False
3130500,2,2,0.5948229432106018,False
1268420,21,21,0.5563206076622009,False
977720,2,2,0.4826306700706482,False
434120,23,23,0.5336543321609497,False
358340,2,2,0.5619395971298218,False
2940490,2,2,0.5293843150138855,False
1126270,27,27,0.6098605990409851,False
2392760,11,11,0.44599518179893494,False
3970,2,2,0.4819585978984833,False
1811500,2,2,0.5879260301589966,False
32630,2,2,0.4649597704410553,False
1379130,27,27,0.3947802484035492,False
391170,2,2,0.4978221654891968,False
3383440,21,21,0.5384927988052368,False
1511670,2,2,0.5467164516448975,False
2637990,2,2,0.5658844113349915,False
224760,1,1,0.46847525238990784,False
1484730,2,2,0.4480951130390167,False
2772820,27,27,0.4251277446746826,False
2298690,21,21,0.4489344358444214,False
1097870,2,2,0.624667763710022,False
2051430,2,2,0.4979817867279053,False
1990050,36,36,0.5703882575035095,False
673600,2,2,0.5571487545967102,False
1340560,2,2,0.5611943006515503,False
1802720,2,2,0.5054978132247925,False
336730,2,2,0.5459243059158325,False
2989250,27,27,0.34157201647758484,False
42200,9,9,0.3612254858016968,False
2378710,2,2,0.6103863716125488,False
272260,23,23,0.5286409854888916,False
1159420,36,36,0.491929292678833,False
2678990,11,11,0.5724498629570007,False
1090630,21,21,0.1614558845758438,False
353380,21,21,0.2178867906332016,False
314790,23,23,0.5670943260192871,False
359790,2,2,0.49459898471832275,False
370440,32,32,0.7242066860198975,True
499930,21,21,0.5119625329971313,False
437430,23,23,0.5343345403671265,False
272270,1,1,0.4900984466075897,False
675910,2,2,0.643836259841919,False
1187510,2,2,0.6017537713050842,False
2340870,23,23,0.3805364668369293,False
2544090,2,2,0.40420418977737427,False
2957110,27,27,0.4495740234851837,False
1997180,11,11,0.4843478202819824,False
411020,28,28,0.45918217301368713,False
3218880,21,21,0.46919891238212585,False
400360,2,2,0.5556410551071167,False
1216200,9,9,0.2637447714805603,False
2102450,23,23,0.5769981741905212,False
306110,23,23,0.23492145538330078,False
355680,21,21,0.35569459199905396,False
872580,2,2,0.801855206489563,True
16200,2,2,0.605347216129303,False
1354990,36,36,0.5182684063911438,False
1399700,34,34,0.47013384103775024,False
2510130,2,2,0.5717415809631348,False
1161490,21,21,0.41164520382881165,False
1973970,11,11,0.4017345607280731,False
590840,2,2,0.635027289390564,False
361830,2,2,0.6488361954689026,False
773870,2,2,0.698373556137085,False
1882500,36,36,0.457122802734375,False
2836860,36,36,0.5021576285362244,False
1975340,36,36,0.45188644528388977,False
1283980,2,2,0.5042572021484375,False
332200,2,2,0.5485763549804688,False
1120210,2,2,0.5667367577552795,False
1272450,12,12,0.5704469084739685,False
2207340,23,23,0.47313183546066284,False
2739630,2,2,0.39231637120246887,False
1035990,2,2,0.5102192759513855,False
2176900,21,21,0.3555179238319397,False
1291790,21,21,0.4623524248600006,False
211400,1,1,0.4073777496814728,False
940580,23,23,0.503420352935791,False
284770,23,23,0.5629555583000183,False
1348390,21,21,0.35913559794425964,False
362110,2,2,0.6916223168373108,False
618140,2,2,0.31296637654304504,False
6980,1,1,0.47631701827049255,False
1984790,11,11,0.551734983921051,False
471550,27,27,0.5056654214859009,False
2234660,36,36,0.5097092390060425,False
528390,2,2,0.4819585978984833,False
2232840,2,2,0.6124967932701111,False
230070,1,1,0.41097551584243774,False
3494510,23,23,0.3791519105434418,False
1072450,7,7,0.3896786868572235,False
401870,2,2,0.4819585978984833,False
234270,23,23,0.5305539965629578,False
1151740,32,32,0.8557758331298828,True
1002430,21,21,0.5573154091835022,False
458030,12,12,0.482023149728775,False
987980,2,2,0.5987882614135742,False
885150,31,31,0.4088747203350067,False
668440,23,23,0.47313183546066284,False
327900,2,2,0.5618362426757812,False
260690,30,30,0.44760000705718994,False
887060,2,2,0.5474554300308228,False
1043250,36,36,0.2925885021686554,False
1746930,36,36,0.4683057963848114,False
211010,27,27,0.5425754189491272,False
1102340,23,23,0.40736064314842224,False
3269960,2,2,0.545344889163971,False
19030,2,2,0.4819585978984833,False
353850,21,21,0.5420975685119629,False
2336980,27,27,0.4289391338825226,False
2966850,2,2,0.5346689820289612,False
1114650,36,36,0.5907592177391052,False
240970,27,27,0.5897620916366577,False
2330870,12,12,0.5886462926864624,False
1419330,36,36,0.4108450710773468,False
420930,2,2,0.46020734310150146,False
1045580,2,2,0.5015090703964233,False
678520,2,2,0.5525700449943542,False
537990,27,27,0.48885607719421387,False
2934190,27,27,0.6696699857711792,False
1016110,2,2,0.4875217080116272,False
441920,23,23,0.4534357190132141,False
400940,2,2,0.5546138882637024,False
311100,32,32,0.6162353754043579,False
207530,2,2,0.5579456686973572,False
1208080,2,2,0.4131550192832947,False
1509040,27,27,0.3873193860054016,False
995900,2,2,0.6113988161087036,False
705150,2,2,0.613920271396637,False
214790,12,12,0.4929954409599304,False
1065460,2,2,0.6022269129753113,False
243780,11,11,0.46608948707580566,False
545750,2,2,0.6401958465576172,False
1322290,36,36,0.5927905440330505,False
1061150,2,2,0.52531898021698,False
1519090,27,27,0.42230549454689026,False
461620,21,21,0.49492591619491577,False
3233670,11,11,0.5602427124977112,False
813540,2,2,0.5683451294898987,False
426630,2,2,0.5633280277252197,False
504130,2,2,0.5124256014823914,False
768590,2,2,0.6639777421951294,False
2343710,2,2,0.5159898996353149,False
1232570,2,2,0.6422461867332458,False
629690,23,23,0.5806799530982971,False
354430,2,2,0.5402226448059082,False
245470,21,21,0.31767070293426514,False
1076200,23,23,0.5404205918312073,False
862370,2,2,0.6714273691177368,False
33610,1,1,0.4632280170917511,False
615770,9,9,0.40405163168907166,False
1061880,2,2,0.5712438821792603,False
1507780,11,11,0.49588584899902344,False
812960,36,36,0.474426805973053,False
2198830,36,36,0.4868021309375763,False
2589670,2,2,0.4034407138824463,False
837510,27,27,0.1389501392841339,False
2353760,2,2,0.5882976055145264,False
1581800,23,23,0.49613118171691895,False
2419800,28,28,0.036139994859695435,False
1842610,36,36,0.5613527297973633,False
315840,27,27,0.4572048783302307,False
2103620,21,21,0.42007458209991455,False
413710,1,1,0.5250593423843384,False
1172450,36,36,0.5269119739532471,False
1461980,36,36,0.5166066884994507,False
3453570,2,2,0.5013838410377502,False
927250,27,27,0.6644293069839478,False
21800,30,30,0.547211766242981,False
327670,7,7,0.479681134223938,False
841190,11,11,0.4125712811946869,False
1571440,2,2,0.5074281692504883,False
897610,7,7,0.4795330762863159,False
368990,2,2,0.6908438205718994,False
529670,2,2,0.6283408999443054,False
355640,2,2,0.5199552774429321,False
858460,23,23,0.4990042746067047,False
2756830,36,36,0.41069039702415466,False
1886400,11,11,0.6046465039253235,False
366440,21,21,0.5367141366004944,False
822550,2,2,0.7742890119552612,True
746420,2,2,0.4222392141819,False
516470,2,2,0.49880990386009216,False
1666750,23,23,0.23492145538330078,False
1579660,27,27,0.5553314089775085,False
1867510,36,36,0.5236716866493225,False
3232040,23,23,0.5622268915176392,False
245280,7,7,0.4987277388572693,False
747970,36,36,0.43777573108673096,False
545410,23,23,0.5460577607154846,False
835650,21,21,0.4664676785469055,False
6220,2,2,0.5014166235923767,False
758500,2,2,0.55059814453125,False
356650,27,27,0.5622677803039551,False
1998660,11,11,0.3560951352119446,False
878970,7,7,0.672103226184845,False
1274140,2,2,0.36901944875717163,False
294670,2,2,0.5031812787055969,False
817480,23,23,0.23492145538330078,False
1119600,23,23,0.5219616293907166,False
2947590,2,2,0.47170910239219666,False
1268310,11,11,0.28626689314842224,False
530620,1,1,0.44007277488708496,False
794230,2,2,0.5790181159973145,False
1133110,23,23,0.5336543321609497,False
1939970,2,2,0.46116429567337036,False
2113540,36,36,0.543352484703064,False
783130,23,23,0.5639062523841858,False
1142100,31,31,0.3399428129196167,False
575490,2,2,0.6838842630386353,False
680360,1,1,0.4039517641067505,False
434530,11,11,0.5676832795143127,False
31180,36,36,0.5260958075523376,False
2484130,2,2,0.6063626408576965,False
1038440,7,7,0.5474664568901062,False
95900,30,30,0.5997557044029236,False
351800,2,2,0.5120844841003418,False
368390,2,2,0.5743575096130371,False
1816390,11,11,0.4944387972354889,False
549080,21,21,0.437330961227417,False
413760,2,2,0.7658829092979431,True
983800,27,27,0.4041142463684082,False
1457630,7,7,0.5743729472160339,False
1676910,23,23,0.6856260299682617,False
2844850,36,36,0.3214855492115021,False
1046470,2,2,0.5380318760871887,False
385800,11,11,0.3993172347545624,False
1262060,23,23,0.3866744339466095,False
1608450,7,7,0.5090351104736328,False
269910,23,23,0.4078943133354187,False
568500,2,2,0.5759633779525757,False
2423070,2,2,0.3915760815143585,False
1810960,2,2,0.49842795729637146,False
12560,32,32,0.8974704146385193,True
345900,2,2,0.43767398595809937,False
1099530,2,2,0.38506388664245605,False
1516750,21,21,0.3941937983036041,False
3064270,2,2,0.5301809310913086,False
2180700,11,11,0.5786136388778687,False
458490,2,2,0.6334814429283142,False
810040,36,36,0.45640939474105835,False
764570,2,2,0.5096543431282043,False
711600,7,7,0.7031554579734802,True
1286340,2,2,0.5113821029663086,False
1335240,36,36,0.6680372953414917,False
1282890,7,7,0.5892718434333801,False
3173050,2,2,0.6408458352088928,False
313680,27,27,0.45734691619873047,False
2067790,2,2,0.6078650951385498,False
287020,34,34,0.6761733889579773,False
618470,23,23,0.6483482718467712,False
885590,2,2,0.5445897579193115,False
268130,7,7,0.5753318667411804,False
726110,21,21,0.44298768043518066,False
539270,2,2,0.5048165321350098,False
2942050,2,2,0.5917227864265442,False
1153640,2,2,0.4562161862850189,False
1717570,2,2,0.5721995234489441,False
895610,2,2,0.6389173865318298,False
842640,2,2,0.6297410130500793,False
2943280,36,36,0.5455533862113953,False
200020,32,32,0.8365970253944397,True
2285650,11,11,0.4245074987411499,False
596140,2,2,0.37149330973625183,False
389050,2,2,0.5789251923561096,False
2350,23,23,0.4078943133354187,False
406110,36,36,0.6125009655952454,False
2529080,23,23,0.5091994404792786,False
1890740,1,1,0.38705602288246155,False
1178150,36,36,0.6143795251846313,False
1983710,11,11,0.47152072191238403,False
3464510,11,11,0.5243359804153442,False
438640,23,23,0.5372000932693481,False
534600,28,28,0.26090309023857117,False
853650,27,27,0.45827189087867737,False
736570,36,36,0.5504870414733887,False
254480,32,32,0.6198399066925049,False
777760,2,2,0.7398292422294617,True
718030,2,2,0.5090312957763672,False
1550730,2,2,0.5079519748687744,False
1935010,23,23,0.5318660140037537,False
1033860,2,2,0.5011149644851685,False
2907190,23,23,0.5958227515220642,False
215530,2,2,0.5578945875167847,False
863940,2,2,0.5858201384544373,False
3172280,36,36,0.37809720635414124,False
2671210,2,2,0.572046160697937,False
3220170,27,27,0.465747207403183,False
381120,36,36,0.46504732966423035,False
2142260,36,36,0.41106054186820984,False
500810,1,1,0.4549945890903473,False
363060,12,12,0.37206900119781494,False
2479320,27,27,0.4810379147529602,False
449140,21,21,0.35864007472991943,False
439700,2,2,0.3897998332977295,False
726710,2,2,0.44684579968452454,False
245970,27,27,0.41797754168510437,False
1574700,2,2,0.5556804537773132,False
761170,7,7,0.6403387188911438,False
6000,1,1,0.47639063000679016,False
2324650,2,2,0.4655863344669342,False
293160,36,36,0.5173803567886353,False
299360,7,7,0.49307981133461,False
454140,2,2,0.5515451431274414,False
2108950,2,2,0.422831654548645,False
1327080,27,27,0.4277947247028351,False
496980,23,23,0.647211492061615,False
223000,7,7,0.5443418025970459,False
994140,2,2,0.5517974495887756,False
2594290,21,21,0.49056971073150635,False
1071680,2,2,0.45972776412963867,False
2345770,27,27,0.3730885684490204,False
2739980,11,11,0.5111088156700134,False
1884960,2,2,0.2548367977142334,False
3498580,2,2,0.6087329387664795,False
609940,7,7,0.45056381821632385,False
3468160,2,2,0.5195220112800598,False
909660,11,11,0.26786360144615173,False
788270,27,27,0.5628700852394104,False
574820,2,2,0.5832657217979431,False
1356180,11,11,0.473835289478302,False
1437850,21,21,0.5151331424713135,False
265690,2,2,0.4642530679702759,False
866190,23,23,0.5291038751602173,False
1414000,36,36,0.5925018787384033,False
1636310,2,2,0.5007134079933167,False
798610,23,23,0.6413958072662354,False
898890,2,2,0.4230889678001404,False
2868430,2,2,0.6392035484313965,False
612810,27,27,0.6576347947120667,False
360380,11,11,0.543765664100647,False
645730,27,27,0.41146373748779297,False
504770,2,2,0.5790136456489563,False
1907720,11,11,0.5470229387283325,False
650500,1,1,0.42460349202156067,False
667720,23,23,0.5261476039886475,False
285050,23,23,0.5090211629867554,False
1420290,27,27,0.49237576127052307,False
979290,12,12,0.7920975685119629,True
1042780,2,2,0.5072494745254517,False
32120,7,7,0.5299121737480164,False
539660,27,27,0.40515923500061035,False
748730,27,27,0.6622046828269958,False
1660370,7,7,0.7351109981536865,True
1061610,12,12,0.4508548080921173,False
1755940,7,7,0.5521864891052246,False
347930,2,2,0.6636230945587158,False
1449200,27,27,0.3181926906108856,False
1951230,2,2,0.58680659532547,False
398810,27,27,0.241301491856575,False
733520,11,11,0.3225942552089691,False
1976150,21,21,0.4228995740413666,False
283980,11,11,0.47568148374557495,False
2342030,2,2,0.5347822308540344,False
3051380,2,2,0.6282283067703247,False
205930,23,23,0.23492145538330078,False
2977520,2,2,0.5527660846710205,False
1628610,11,11,0.5548264384269714,False
787810,27,27,0.5376837849617004,False
689980,2,2,0.48221880197525024,False
1240060,1,1,0.4452027976512909,False
966320,2,2,0.43170252442359924,False
13140,21,21,0.41434407234191895,False
1109690,2,2,0.4138514995574951,False
661970,12,12,0.5941693782806396,False
3126470,2,2,0.5318280458450317,False
2862520,36,36,0.6343777179718018,False
1696400,28,28,0.17269501090049744,False
674560,2,2,0.649964451789856,False
1133760,27,27,0.42274585366249084,False
2185030,2,2,0.6003875136375427,False
343370,36,36,0.03554552420973778,False
57740,32,32,0.48616817593574524,False
2820590,23,23,0.41028091311454773,False
275390,2,2,0.591943621635437,False
2209680,2,2,0.5464944243431091,False
2239530,23,23,0.4978814423084259,False
1847150,36,36,0.46912574768066406,False
510500,21,21,0.4249577224254608,False
1121530,2,2,0.6182689666748047,False
399810,36,36,0.4554744362831116,False
516430,2,2,0.6038802266120911,False
1418530,2,2,0.38090091943740845,False
2235150,2,2,0.4826907515525818,False
3245770,28,28,0.36227118968963623,False
1937570,2,2,0.5217868089675903,False
3443890,2,2,0.535063624382019,False
624070,27,27,0.44116687774658203,False
2595230,11,11,0.4571695029735565,False
3381120,23,23,0.25761502981185913,False
1150730,36,36,0.4183008074760437,False
200650,2,2,0.6921327114105225,False
2730530,2,2,0.5002576112747192,False
570840,27,27,0.36303675174713135,False
936530,21,21,0.27966079115867615,False
1985690,2,2,0.400078684091568,False
1635790,11,11,0.45248985290527344,False
3334660,2,2,0.4655263423919678,False
2515070,27,27,0.46423453092575073,False
2018230,2,2,0.4572424292564392,False
402970,27,27,0.7278671860694885,True
521560,7,7,0.4786941409111023,False
389980,2,2,0.3056322932243347,False
349250,2,2,0.4451309144496918,False
947600,2,2,0.3654237985610962,False
839630,2,2,0.6186710596084595,False
1116580,2,2,0.5159298181533813,False
1730910,27,27,0.4401416480541229,False
1453490,23,23,0.5191349387168884,False
1462470,11,11,0.4059041440486908,False
597760,2,2,0.4303608536720276,False
285630,23,23,0.452348917722702,False
2806230,2,2,0.5329326391220093,False
2347940,2,2,0.6026870608329773,False
960980,2,2,0.5319173336029053,False
516670,2,2,0.588273286819458,False
355490,21,21,0.46529507637023926,False
2308630,11,11,0.45537668466567993,False
1173240,11,11,0.6124984622001648,False
1666160,21,21,0.4855175316333771,False
849970,36,36,0.6061617732048035,False
1058200,23,23,0.2761465311050415,False
1116550,2,2,0.5182974338531494,False
2650730,2,2,0.5585744976997375,False
1273220,23,23,0.6074718832969666,False
1053560,2,2,0.6075924634933472,False
1017580,2,2,0.5771042704582214,False
1592680,2,2,0.5577555298805237,False
252850,2,2,0.607035756111145,False
2056200,21,21,0.5516361594200134,False
415950,2,2,0.7074660062789917,True
3207400,2,2,0.38651949167251587,False
514830,2,2,0.6371781826019287,False
1664060,36,36,0.48088574409484863,False
1029860,2,2,0.491256445646286,False
3168920,2,2,0.6175974011421204,False
1831320,12,12,0.5196866393089294,False
1085150,2,2,0.6483027935028076,False
1005120,36,36,0.5778099894523621,False
290300,21,21,0.37445884943008423,False
70660,2,2,0.4062751531600952,False
840710,11,11,0.1583065390586853,False
912910,27,27,0.6256783604621887,False
570580,2,2,0.5338022708892822,False
3592000,11,11,0.4635268747806549,False
1044750,2,2,0.5813156962394714,False
1474100,27,27,0.36298009753227234,False
967370,2,2,0.579727292060852,False
1607200,11,11,0.45146986842155457,False
1914730,2,2,0.6501967906951904,False
920450,2,2,0.5315667986869812,False
2844770,21,21,0.4435768127441406,False
510060,2,2,0.6485666036605835,False
37980,2,2,0.45694202184677124,False
939620,2,2,0.463876873254776,False
1364960,7,7,0.4845449924468994,False
520230,2,2,0.6964988112449646,False
634160,36,36,0.42384469509124756,False
5330,2,2,0.6007534861564636,False
574150,2,2,0.6147589087486267,False
241600,27,27,0.5678990483283997,False
1126470,23,23,0.6026899814605713,False
1944250,27,27,0.4848172664642334,False
263540,27,27,0.4471038281917572,False
1974520,36,36,0.5133892297744751,False
611300,12,12,0.498372882604599,False
2389570,2,2,0.5102003216743469,False
1111370,2,2,0.3455304801464081,False
509220,2,2,0.4874044954776764,False
1634080,27,27,0.537156879901886,False
67370,1,1,0.38307103514671326,False
1398210,2,2,0.2963917851448059,False
2825110,12,12,0.5440669059753418,False
450850,7,7,0.5962547063827515,False
2262770,2,2,0.6409409046173096,False
502740,12,12,0.650846004486084,False
270630,2,2,0.563652753829956,False
2101540,2,2,0.5576146841049194,False
2292370,27,27,0.4329340159893036,False
1077540,36,36,0.7704690098762512,True
1272550,27,27,0.5636037588119507,False
2281360,2,2,0.5953574180603027,False
2676820,21,21,0.49464449286460876,False
1013650,2,2,0.6105536818504333,False
1703920,23,23,0.5060182213783264,False
2296430,23,23,0.5565060973167419,False
426790,2,2,0.5419542789459229,False
514460,2,2,0.5790293216705322,False
212560,30,30,0.4545304477214813,False
1035760,27,27,0.6091246008872986,False
42870,23,23,0.4851260483264923,False
661230,2,2,0.49791526794433594,False
3250970,36,36,0.48948389291763306,False
573550,2,2,0.5976073145866394,False
702670,23,23,0.5838261246681213,False
2610690,36,36,0.4847423732280731,False
857080,2,2,0.6010100841522217,False
581520,2,2,0.4566590189933777,False
1588910,7,7,0.6154340505599976,False
752220,2,2,0.4819585978984833,False
109410,23,23,0.5336543321609497,False
1337280,2,2,0.43423277139663696,False
1606300,23,23,0.5318988561630249,False
1095750,2,2,0.49737387895584106,False
824550,23,23,0.36324453353881836,False
317140,23,23,0.23492145538330078,False
330620,21,21,0.6173478960990906,False
385270,2,2,0.5511866807937622,False
308000,2,2,0.55643230676651,False
1071140,36,36,0.5565347075462341,False
3306030,2,2,0.5078981518745422,False
2171280,2,2,0.23208919167518616,False
23490,21,21,0.4940478205680847,False
1585850,29,29,-0.0036462126299738884,False
2237980,2,2,0.44930410385131836,False
3358270,28,28,0.036139994859695435,False
342290,23,23,0.23492145538330078,False
1559390,36,36,0.35190558433532715,False
98610,2,2,0.6843686103820801,False
552880,2,2,0.5859032869338989,False
275170,2,2,0.5392613410949707,False
2631250,2,2,0.44088470935821533,False
3508630,2,2,0.5295966267585754,False
1075370,2,2,0.7542088031768799,True
39620,23,23,0.5286409854888916,False
705100,7,7,0.5917735695838928,False
3038820,11,11,0.37570446729660034,False
3171460,2,2,0.5462552309036255,False
508900,11,11,0.23809175193309784,False
1368130,11,11,0.42181164026260376,False
1477170,11,11,0.43417707085609436,False
2258890,36,36,0.43594595789909363,False
208320,23,23,0.5090211629867554,False
1239050,2,2,0.6256716847419739,False
2413400,2,2,0.49865198135375977,False
1781260,2,2,0.577024519443512,False
909380,11,11,0.5836678147315979,False
1976980,27,27,0.37274789810180664,False
1019550,2,2,0.5565817952156067,False
849980,2,2,0.6216047406196594,False
598730,27,27,0.5422441363334656,False
2229890,7,7,0.5254229307174683,False
445720,21,21,0.5152111649513245,False
769420,2,2,0.48680737614631653,False
989770,2,2,0.45958200097084045,False
113420,36,36,0.3738013505935669,False
315940,2,2,0.6852969527244568,False
970710,2,2,0.5530115365982056,False
929320,2,2,0.6294180750846863,False
976920,2,2,0.5743823051452637,False
239940,23,23,0.5336543321609497,False
2772670,2,2,0.36507660150527954,False
2450120,23,23,0.4822321832180023,False
247020,23,23,0.5150223970413208,False
1931090,11,11,0.5712465047836304,False
3062030,2,2,0.4664556682109833,False
3253830,21,21,0.43030858039855957,False
2981530,36,36,0.6289121508598328,False
2325060,2,2,0.5501573085784912,False
2394270,23,23,0.28321388363838196,False
1155340,2,2,0.6786762475967407,False
691730,28,28,0.39988085627555847,False
2914420,23,23,0.5271670818328857,False
41510,27,27,0.44989013671875,False
3064420,2,2,0.3637048304080963,False
595740,9,9,0.26869234442710876,False
1430760,2,2,0.437613844871521,False
980940,2,2,0.5081989169120789,False
440740,7,7,0.579656720161438,False
816650,2,2,0.6651331782341003,False
1416130,2,2,0.5954274535179138,False
359220,30,30,0.40018320083618164,False
1754840,2,2,0.5598045587539673,False
758220,27,27,0.6877395510673523,False
2075070,2,2,0.5881165266036987,False
740780,27,27,0.47541412711143494,False
872990,2,2,0.6624083518981934,False
1562860,2,2,0.5015410780906677,False
1981250,2,2,0.40083515644073486,False
2479000,2,2,0.4095922112464905,False
2399910,36,36,0.3917492628097534,False
351510,23,23,0.462039589881897,False
2111870,27,27,0.6380735039710999,False
1221230,2,2,0.45380744338035583,False
1683380,11,11,0.5024796724319458,False
1093910,36,36,0.6006171703338623,False
392330,21,21,0.5122414827346802,False
259060,21,21,0.3891322612762451,False
559100,1,1,0.38606947660446167,False
2383860,2,2,0.5391719937324524,False
2849680,2,2,0.39645296335220337,False
387130,27,27,0.4790549576282501,False
826000,2,2,0.56789231300354,False
2725200,23,23,0.6233923435211182,False
1866630,21,21,0.43190279603004456,False
866400,21,21,0.5621439814567566,False
1689000,23,23,0.4098738431930542,False
3028150,36,36,0.4930412769317627,False
