appid,best_community_idx,best_community_id,similarity,above_threshold
32650,11,COMMUNITY_11,0.8738791346549988,True
200020,11,COMMUNITY_11,0.872401773929596,True
3530,11,COMMUNITY_11,0.8652521967887878,True
503810,11,COMMUNITY_11,0.8513299822807312,True
277890,11,COMMUNITY_11,0.8499237895011902,True
1151740,11,COMMUNITY_11,0.8490678668022156,True
21030,11,COMMUNITY_11,0.8446299433708191,True
1233260,9,COMMUNITY_9,0.8310116529464722,True
353190,11,COMMUNITY_11,0.8170473575592041,True
32620,11,COMMUNITY_11,0.8130539655685425,True
622220,9,COMMUNITY_9,0.8125976324081421,True
282050,9,COMMUNITY_9,0.8103780150413513,True
391030,11,COMMUNITY_11,0.8053723573684692,True
272260,1,COMMUNITY_1,0.8030001521110535,True
26170,1,COMMUNITY_1,0.8030001521110535,True
39620,1,COMMUNITY_1,0.8030001521110535,True
3092450,1,COMMUNITY_1,0.8028635382652283,True
1110100,9,COMMUNITY_9,0.8025846481323242,True
3449620,1,COMMUNITY_1,0.8020554780960083,True
724030,3,COMMUNITY_3,0.8002519607543945,True
1090630,9,COMMUNITY_9,0.799210250377655,False
258180,11,COMMUNITY_11,0.7991266846656799,False
2169110,1,COMMUNITY_1,0.7985349893569946,False
22700,1,COMMUNITY_1,0.7983546853065491,False
109410,1,COMMUNITY_1,0.7983546853065491,False
10510,1,COMMUNITY_1,0.7983546853065491,False
236830,1,COMMUNITY_1,0.7983546853065491,False
239940,1,COMMUNITY_1,0.7983546853065491,False
237700,1,COMMUNITY_1,0.7983546853065491,False
236530,1,COMMUNITY_1,0.7983546853065491,False
201280,1,COMMUNITY_1,0.7983546853065491,False
434120,1,COMMUNITY_1,0.7983546853065491,False
239680,1,COMMUNITY_1,0.7983546853065491,False
5210,1,COMMUNITY_1,0.7983546853065491,False
1133110,1,COMMUNITY_1,0.7983546853065491,False
1935010,1,COMMUNITY_1,0.7977043986320496,False
1880380,1,COMMUNITY_1,0.7945684194564819,False
3368490,1,COMMUNITY_1,0.7944667339324951,False
12560,11,COMMUNITY_11,0.7916005849838257,False
2875760,1,COMMUNITY_1,0.789787232875824,False
42160,1,COMMUNITY_1,0.7884544730186462,False
400990,1,COMMUNITY_1,0.7884544730186462,False
42870,1,COMMUNITY_1,0.7884544730186462,False
289120,1,COMMUNITY_1,0.7884544730186462,False
24860,1,COMMUNITY_1,0.7884544730186462,False
251610,1,COMMUNITY_1,0.7884544730186462,False
372260,1,COMMUNITY_1,0.7884544730186462,False
245850,1,COMMUNITY_1,0.7884544730186462,False
207270,1,COMMUNITY_1,0.7884544730186462,False
2129620,1,COMMUNITY_1,0.7878709435462952,False
544270,1,COMMUNITY_1,0.779985249042511,False
108110,11,COMMUNITY_11,0.7770065069198608,False
3037490,1,COMMUNITY_1,0.7761110067367554,False
1605290,9,COMMUNITY_9,0.7760758996009827,False
2291070,1,COMMUNITY_1,0.7732661366462708,False
2207340,1,COMMUNITY_1,0.7732661366462708,False
668440,1,COMMUNITY_1,0.7732661366462708,False
587670,1,COMMUNITY_1,0.7732661366462708,False
533830,1,COMMUNITY_1,0.7732661366462708,False
512710,1,COMMUNITY_1,0.7732661366462708,False
294590,11,COMMUNITY_11,0.7730721235275269,False
748090,1,COMMUNITY_1,0.7728208899497986,False
381650,1,COMMUNITY_1,0.7728208899497986,False
4540,1,COMMUNITY_1,0.7728208899497986,False
380060,1,COMMUNITY_1,0.7728208899497986,False
30010,1,COMMUNITY_1,0.7714177370071411,False
1703920,1,COMMUNITY_1,0.7714177370071411,False
361200,11,COMMUNITY_11,0.7708221673965454,False
208320,1,COMMUNITY_1,0.7697535753250122,False
1636110,1,COMMUNITY_1,0.7697535753250122,False
1776410,1,COMMUNITY_1,0.7697535753250122,False
49700,1,COMMUNITY_1,0.7697535753250122,False
282350,1,COMMUNITY_1,0.7697535753250122,False
37940,1,COMMUNITY_1,0.7697535753250122,False
1326880,1,COMMUNITY_1,0.7697535753250122,False
285050,1,COMMUNITY_1,0.7697535753250122,False
296270,1,COMMUNITY_1,0.7697535753250122,False
716390,1,COMMUNITY_1,0.7697535753250122,False
1069790,1,COMMUNITY_1,0.7697535753250122,False
1338040,1,COMMUNITY_1,0.7697535753250122,False
396740,1,COMMUNITY_1,0.7697535753250122,False
10040,1,COMMUNITY_1,0.7697535753250122,False
350820,1,COMMUNITY_1,0.7697535753250122,False
320000,1,COMMUNITY_1,0.7697535753250122,False
364530,1,COMMUNITY_1,0.7697535753250122,False
81890,1,COMMUNITY_1,0.7697535753250122,False
1515950,9,COMMUNITY_9,0.7683637738227844,False
2367470,9,COMMUNITY_9,0.7679198980331421,False
441920,1,COMMUNITY_1,0.7654847502708435,False
7880,1,COMMUNITY_1,0.7654847502708435,False
437990,1,COMMUNITY_1,0.7654847502708435,False
72300,1,COMMUNITY_1,0.7654847502708435,False
2239530,1,COMMUNITY_1,0.761763334274292,False
1420710,1,COMMUNITY_1,0.7610110640525818,False
791510,1,COMMUNITY_1,0.7610110640525818,False
33670,11,COMMUNITY_11,0.7600959539413452,False
1220,1,COMMUNITY_1,0.7595710158348083,False
858460,1,COMMUNITY_1,0.7595710158348083,False
204860,11,COMMUNITY_11,0.7595524787902832,False
376550,1,COMMUNITY_1,0.7581862807273865,False
520940,9,COMMUNITY_9,0.7557601928710938,False
2267180,1,COMMUNITY_1,0.7554175853729248,False
785840,9,COMMUNITY_9,0.7488004565238953,False
425420,1,COMMUNITY_1,0.7469221353530884,False
5270,1,COMMUNITY_1,0.7469221353530884,False
216250,1,COMMUNITY_1,0.7469221353530884,False
309970,1,COMMUNITY_1,0.7469221353530884,False
323750,1,COMMUNITY_1,0.7469221353530884,False
3381120,9,COMMUNITY_9,0.7455018758773804,False
1022130,6,COMMUNITY_6,0.7371649146080017,False
1031120,11,COMMUNITY_11,0.7287154197692871,False
34880,11,COMMUNITY_11,0.7271977663040161,False
1149940,9,COMMUNITY_9,0.7269349098205566,False
614090,11,COMMUNITY_11,0.7252969741821289,False
32660,11,COMMUNITY_11,0.721199095249176,False
443080,1,COMMUNITY_1,0.7205823659896851,False
269910,1,COMMUNITY_1,0.7205823659896851,False
339010,1,COMMUNITY_1,0.7205823659896851,False
422310,1,COMMUNITY_1,0.7205823659896851,False
2350,1,COMMUNITY_1,0.7205823659896851,False
329030,1,COMMUNITY_1,0.7205823659896851,False
761160,1,COMMUNITY_1,0.7132886052131653,False
285630,1,COMMUNITY_1,0.7132886052131653,False
598990,1,COMMUNITY_1,0.7123854756355286,False
743140,1,COMMUNITY_1,0.7088574171066284,False
1007020,1,COMMUNITY_1,0.7088574171066284,False
311100,11,COMMUNITY_11,0.7087056040763855,False
292180,9,COMMUNITY_9,0.7086520791053772,False
1341200,9,COMMUNITY_9,0.7075585126876831,False
3494510,1,COMMUNITY_1,0.7024486660957336,False
3535380,1,COMMUNITY_1,0.7024486660957336,False
837510,9,COMMUNITY_9,0.7020381689071655,False
3071670,9,COMMUNITY_9,0.700794517993927,False
296830,11,COMMUNITY_11,0.6988282203674316,False
945640,9,COMMUNITY_9,0.6983937621116638,False
937940,11,COMMUNITY_11,0.6931211948394775,False
2252920,1,COMMUNITY_1,0.6931029558181763,False
254480,11,COMMUNITY_11,0.6926376819610596,False
1058200,9,COMMUNITY_9,0.6908431649208069,False
492180,11,COMMUNITY_11,0.6903043389320374,False
1463920,9,COMMUNITY_9,0.6856256723403931,False
347930,10,COMMUNITY_10,0.684772789478302,False
1106140,3,COMMUNITY_3,0.6796339750289917,False
314790,1,COMMUNITY_1,0.6786783337593079,False
523070,1,COMMUNITY_1,0.6784610748291016,False
287020,11,COMMUNITY_11,0.6781859397888184,False
20550,11,COMMUNITY_11,0.677382230758667,False
1016770,1,COMMUNITY_1,0.6752908229827881,False
382140,1,COMMUNITY_1,0.6736645102500916,False
247950,11,COMMUNITY_11,0.6729288697242737,False
728740,11,COMMUNITY_11,0.671603262424469,False
242460,1,COMMUNITY_1,0.6711609363555908,False
22450,11,COMMUNITY_11,0.6684225797653198,False
620570,9,COMMUNITY_9,0.6668710708618164,False
2002640,1,COMMUNITY_1,0.6657888889312744,False
513620,1,COMMUNITY_1,0.6651396751403809,False
583760,1,COMMUNITY_1,0.6619064211845398,False
1033580,7,COMMUNITY_7,0.6604363918304443,False
556870,1,COMMUNITY_1,0.660402238368988,False
618470,1,COMMUNITY_1,0.6593325734138489,False
1287800,9,COMMUNITY_9,0.6586712002754211,False
292930,11,COMMUNITY_11,0.6586215496063232,False
370440,11,COMMUNITY_11,0.6574135422706604,False
292910,1,COMMUNITY_1,0.6530536413192749,False
529420,1,COMMUNITY_1,0.651969850063324,False
1272310,11,COMMUNITY_11,0.6510983109474182,False
1060210,11,COMMUNITY_11,0.6510983109474182,False
824000,11,COMMUNITY_11,0.6507204174995422,False
939100,11,COMMUNITY_11,0.6498430371284485,False
889600,9,COMMUNITY_9,0.6469782590866089,False
332800,11,COMMUNITY_11,0.6453035473823547,False
1118840,13,COMMUNITY_13,0.6451646089553833,False
513320,11,COMMUNITY_11,0.643528938293457,False
207530,8,COMMUNITY_8,0.6433788537979126,False
1340560,4,COMMUNITY_4,0.6404572129249573,False
588110,1,COMMUNITY_1,0.6403353214263916,False
285800,1,COMMUNITY_1,0.6376371383666992,False
17440,11,COMMUNITY_11,0.6351012587547302,False
265970,11,COMMUNITY_11,0.6335325837135315,False
2183600,11,COMMUNITY_11,0.6301618218421936,False
1330890,1,COMMUNITY_1,0.6300758719444275,False
694500,11,COMMUNITY_11,0.6296260952949524,False
437430,1,COMMUNITY_1,0.6289132833480835,False
629690,1,COMMUNITY_1,0.6283795833587646,False
39650,11,COMMUNITY_11,0.6267547607421875,False
218640,11,COMMUNITY_11,0.6265563368797302,False
95900,11,COMMUNITY_11,0.6248624920845032,False
858840,3,COMMUNITY_3,0.6243470907211304,False
1299690,9,COMMUNITY_9,0.6239422559738159,False
1292540,2,COMMUNITY_2,0.6233199834823608,False
866190,1,COMMUNITY_1,0.6205808520317078,False
2087460,13,COMMUNITY_13,0.6124854683876038,False
247020,1,COMMUNITY_1,0.6124318838119507,False
234270,1,COMMUNITY_1,0.6122581362724304,False
633060,1,COMMUNITY_1,0.6109883785247803,False
816650,10,COMMUNITY_10,0.6108868718147278,False
442070,1,COMMUNITY_1,0.6075320243835449,False
351510,1,COMMUNITY_1,0.6056976318359375,False
603450,1,COMMUNITY_1,0.6053211688995361,False
2394270,1,COMMUNITY_1,0.6053211688995361,False
588010,1,COMMUNITY_1,0.6053211688995361,False
434030,9,COMMUNITY_9,0.6052415370941162,False
415740,11,COMMUNITY_11,0.6049990057945251,False
319170,11,COMMUNITY_11,0.6009012460708618,False
2559360,7,COMMUNITY_7,0.6008673906326294,False
2658720,10,COMMUNITY_10,0.5997219085693359,False
1225590,11,COMMUNITY_11,0.5995485186576843,False
545410,1,COMMUNITY_1,0.5991224050521851,False
596030,1,COMMUNITY_1,0.5987589955329895,False
645280,2,COMMUNITY_2,0.5967741012573242,False
552270,2,COMMUNITY_2,0.5967741012573242,False
850040,2,COMMUNITY_2,0.5958237051963806,False
340580,10,COMMUNITY_10,0.5949854850769043,False
1768780,1,COMMUNITY_1,0.5946126580238342,False
713160,2,COMMUNITY_2,0.5945820808410645,False
361830,7,COMMUNITY_7,0.5924052000045776,False
3980,11,COMMUNITY_11,0.5923890471458435,False
2092660,10,COMMUNITY_10,0.5923473834991455,False
894730,6,COMMUNITY_6,0.5913756489753723,False
765230,5,COMMUNITY_5,0.5910001397132874,False
1890740,9,COMMUNITY_9,0.5892862677574158,False
985830,9,COMMUNITY_9,0.5890582203865051,False
2590810,13,COMMUNITY_13,0.5888336300849915,False
520230,7,COMMUNITY_7,0.5878675580024719,False
94590,11,COMMUNITY_11,0.5861974954605103,False
575490,2,COMMUNITY_2,0.5836533308029175,False
1017580,2,COMMUNITY_2,0.5835111141204834,False
595740,9,COMMUNITY_9,0.5827879905700684,False
435790,10,COMMUNITY_10,0.5792233943939209,False
304610,11,COMMUNITY_11,0.5789607763290405,False
236010,4,COMMUNITY_4,0.5778905153274536,False
931500,9,COMMUNITY_9,0.5775615572929382,False
654000,2,COMMUNITY_2,0.5761586427688599,False
1331090,3,COMMUNITY_3,0.574359655380249,False
1492420,2,COMMUNITY_2,0.5741928219795227,False
1076200,1,COMMUNITY_1,0.5736239552497864,False
25810,8,COMMUNITY_8,0.5731042623519897,False
1093280,2,COMMUNITY_2,0.5727202892303467,False
284730,1,COMMUNITY_1,0.5726296305656433,False
865750,5,COMMUNITY_5,0.5723643898963928,False
995310,10,COMMUNITY_10,0.5715159773826599,False
3323590,10,COMMUNITY_10,0.5711774826049805,False
3154850,10,COMMUNITY_10,0.5711774826049805,False
690630,2,COMMUNITY_2,0.570802628993988,False
1016930,1,COMMUNITY_1,0.569731593132019,False
2757630,9,COMMUNITY_9,0.568392813205719,False
11130,11,COMMUNITY_11,0.5680068731307983,False
1577670,8,COMMUNITY_8,0.5675995945930481,False
366610,7,COMMUNITY_7,0.566944420337677,False
440030,3,COMMUNITY_3,0.5657473802566528,False
387130,3,COMMUNITY_3,0.5656057596206665,False
970710,4,COMMUNITY_4,0.5655699372291565,False
748730,7,COMMUNITY_7,0.5649199485778809,False
888040,11,COMMUNITY_11,0.5631921887397766,False
4100,2,COMMUNITY_2,0.5629487037658691,False
2075070,2,COMMUNITY_2,0.5620446801185608,False
1512940,2,COMMUNITY_2,0.5611726641654968,False
314810,1,COMMUNITY_1,0.5609608292579651,False
586380,3,COMMUNITY_3,0.5598485469818115,False
1155790,2,COMMUNITY_2,0.559813380241394,False
1872860,8,COMMUNITY_8,0.5583021640777588,False
903910,10,COMMUNITY_10,0.5581084489822388,False
387930,10,COMMUNITY_10,0.5574507713317871,False
709920,2,COMMUNITY_2,0.5566989183425903,False
758500,4,COMMUNITY_4,0.5551524758338928,False
284770,1,COMMUNITY_1,0.5545174479484558,False
289820,1,COMMUNITY_1,0.5533241629600525,False
200650,2,COMMUNITY_2,0.5533026456832886,False
1391200,1,COMMUNITY_1,0.5529573559761047,False
1828690,2,COMMUNITY_2,0.5527599453926086,False
1841240,1,COMMUNITY_1,0.5526385307312012,False
1407870,2,COMMUNITY_2,0.552111029624939,False
330620,3,COMMUNITY_3,0.5519684553146362,False
383140,2,COMMUNITY_2,0.551576554775238,False
404690,7,COMMUNITY_7,0.5514666438102722,False
3108790,6,COMMUNITY_6,0.5513023734092712,False
2011600,9,COMMUNITY_9,0.5510995984077454,False
1278150,10,COMMUNITY_10,0.5510610938072205,False
1730140,4,COMMUNITY_4,0.5507936477661133,False
467390,1,COMMUNITY_1,0.5500954389572144,False
365080,2,COMMUNITY_2,0.549676775932312,False
3391500,8,COMMUNITY_8,0.5491034984588623,False
212560,11,COMMUNITY_11,0.5489508509635925,False
741430,4,COMMUNITY_4,0.5480319261550903,False
344340,13,COMMUNITY_13,0.5477169156074524,False
885590,10,COMMUNITY_10,0.5469919443130493,False
733110,0,COMMUNITY_0,0.5469357371330261,False
708710,13,COMMUNITY_13,0.5467127561569214,False
330680,4,COMMUNITY_4,0.5460947751998901,False
512770,2,COMMUNITY_2,0.5459356307983398,False
1983990,0,COMMUNITY_0,0.5458210110664368,False
3323000,2,COMMUNITY_2,0.5448503494262695,False
951640,10,COMMUNITY_10,0.5444672107696533,False
2140100,1,COMMUNITY_1,0.5441701412200928,False
1184210,6,COMMUNITY_6,0.5424185395240784,False
767870,2,COMMUNITY_2,0.5420257449150085,False
1802720,9,COMMUNITY_9,0.5413965582847595,False
322460,1,COMMUNITY_1,0.5411102175712585,False
306110,1,COMMUNITY_1,0.5411102175712585,False
205930,1,COMMUNITY_1,0.5411102175712585,False
19960,1,COMMUNITY_1,0.5411102175712585,False
325490,1,COMMUNITY_1,0.5411102175712585,False
1666750,1,COMMUNITY_1,0.5411102175712585,False
227740,1,COMMUNITY_1,0.5411102175712585,False
2461690,1,COMMUNITY_1,0.5411102175712585,False
1324910,1,COMMUNITY_1,0.5411102175712585,False
229170,1,COMMUNITY_1,0.5411102175712585,False
1302390,1,COMMUNITY_1,0.5411102175712585,False
317140,1,COMMUNITY_1,0.5411102175712585,False
211140,1,COMMUNITY_1,0.5411102175712585,False
321650,1,COMMUNITY_1,0.5411102175712585,False
427920,1,COMMUNITY_1,0.5411102175712585,False
817480,1,COMMUNITY_1,0.5411102175712585,False
218170,1,COMMUNITY_1,0.5411102175712585,False
342290,1,COMMUNITY_1,0.5411102175712585,False
224060,1,COMMUNITY_1,0.5411102175712585,False
1267420,1,COMMUNITY_1,0.5411102175712585,False
2078510,13,COMMUNITY_13,0.5409272909164429,False
849360,6,COMMUNITY_6,0.5406802892684937,False
979290,6,COMMUNITY_6,0.540360152721405,False
251850,11,COMMUNITY_11,0.5398415923118591,False
1013650,6,COMMUNITY_6,0.5387498140335083,False
6980,0,COMMUNITY_0,0.5383379459381104,False
1030360,2,COMMUNITY_2,0.5376115441322327,False
1930750,1,COMMUNITY_1,0.5371272563934326,False
400510,1,COMMUNITY_1,0.5371233820915222,False
936010,7,COMMUNITY_7,0.5363391041755676,False
1149590,2,COMMUNITY_2,0.5359441041946411,False
582810,6,COMMUNITY_6,0.5357995629310608,False
732090,2,COMMUNITY_2,0.5356732606887817,False
3320800,2,COMMUNITY_2,0.5352386832237244,False
260690,11,COMMUNITY_11,0.5352355241775513,False
392330,3,COMMUNITY_3,0.5334216952323914,False
319880,3,COMMUNITY_3,0.5334044694900513,False
1119600,1,COMMUNITY_1,0.5329751968383789,False
1393320,6,COMMUNITY_6,0.5328760147094727,False
2585800,9,COMMUNITY_9,0.5325415134429932,False
607540,1,COMMUNITY_1,0.5320415496826172,False
768590,2,COMMUNITY_2,0.5315887331962585,False
806770,2,COMMUNITY_2,0.5312483906745911,False
730830,0,COMMUNITY_0,0.5310180187225342,False
22180,1,COMMUNITY_1,0.5308047533035278,False
3169580,7,COMMUNITY_7,0.5305163860321045,False
23320,6,COMMUNITY_6,0.5301938056945801,False
325210,1,COMMUNITY_1,0.5298905968666077,False
1451720,2,COMMUNITY_2,0.5297324061393738,False
355510,8,COMMUNITY_8,0.5293835997581482,False
765770,2,COMMUNITY_2,0.5291005373001099,False
1804720,10,COMMUNITY_10,0.5290402770042419,False
61520,8,COMMUNITY_8,0.5285435318946838,False
531180,11,COMMUNITY_11,0.5282009840011597,False
534200,1,COMMUNITY_1,0.5281745195388794,False
680430,1,COMMUNITY_1,0.5280256867408752,False
1386780,9,COMMUNITY_9,0.5277117490768433,False
340600,1,COMMUNITY_1,0.5276464223861694,False
746710,2,COMMUNITY_2,0.5268473029136658,False
1886400,2,COMMUNITY_2,0.5268012881278992,False
485390,2,COMMUNITY_2,0.5267769694328308,False
1389360,5,COMMUNITY_5,0.5259701013565063,False
368510,1,COMMUNITY_1,0.52581787109375,False
3039500,6,COMMUNITY_6,0.5257292985916138,False
2300920,10,COMMUNITY_10,0.5254402160644531,False
359420,2,COMMUNITY_2,0.525307297706604,False
2132840,0,COMMUNITY_0,0.5245758891105652,False
251470,1,COMMUNITY_1,0.5239642858505249,False
2292060,13,COMMUNITY_13,0.5239488482475281,False
2963890,0,COMMUNITY_0,0.523597002029419,False
1175190,1,COMMUNITY_1,0.5234499573707581,False
580560,13,COMMUNITY_13,0.5233660936355591,False
315630,3,COMMUNITY_3,0.5227903723716736,False
568500,13,COMMUNITY_13,0.5221123695373535,False
540860,1,COMMUNITY_1,0.522056519985199,False
551730,9,COMMUNITY_9,0.521206259727478,False
264200,5,COMMUNITY_5,0.5206449031829834,False
306410,2,COMMUNITY_2,0.5206186771392822,False
3019160,4,COMMUNITY_4,0.520074725151062,False
1433940,2,COMMUNITY_2,0.5198419094085693,False
1098280,3,COMMUNITY_3,0.5197181701660156,False
9300,0,COMMUNITY_0,0.5195431113243103,False
1600,0,COMMUNITY_0,0.5192430019378662,False
1282760,2,COMMUNITY_2,0.5191802978515625,False
1124190,2,COMMUNITY_2,0.5189066529273987,False
21800,11,COMMUNITY_11,0.5188902020454407,False
878620,3,COMMUNITY_3,0.5188226699829102,False
1617090,10,COMMUNITY_10,0.5187348127365112,False
875340,7,COMMUNITY_7,0.5186886191368103,False
2881800,2,COMMUNITY_2,0.5186254978179932,False
1581800,1,COMMUNITY_1,0.5182255506515503,False
1138840,1,COMMUNITY_1,0.5179595351219177,False
354160,11,COMMUNITY_11,0.517742395401001,False
454350,11,COMMUNITY_11,0.5167736411094666,False
1684670,4,COMMUNITY_4,0.5165886878967285,False
1954120,7,COMMUNITY_7,0.5155782699584961,False
264560,11,COMMUNITY_11,0.5151849389076233,False
915490,3,COMMUNITY_3,0.5149175524711609,False
289600,2,COMMUNITY_2,0.5144738554954529,False
265210,2,COMMUNITY_2,0.5142621397972107,False
2151580,10,COMMUNITY_10,0.5134619474411011,False
495110,1,COMMUNITY_1,0.5131765604019165,False
6310,0,COMMUNITY_0,0.5131449103355408,False
792000,7,COMMUNITY_7,0.5128698945045471,False
433590,1,COMMUNITY_1,0.5126757621765137,False
436910,1,COMMUNITY_1,0.5122620463371277,False
365560,7,COMMUNITY_7,0.5119737386703491,False
1336040,2,COMMUNITY_2,0.5118916034698486,False
806530,2,COMMUNITY_2,0.5118288397789001,False
1365900,5,COMMUNITY_5,0.5117802619934082,False
1107720,2,COMMUNITY_2,0.5115273594856262,False
1178830,9,COMMUNITY_9,0.5114763975143433,False
13530,0,COMMUNITY_0,0.5114741921424866,False
1722310,2,COMMUNITY_2,0.51136314868927,False
1007810,8,COMMUNITY_8,0.5108989477157593,False
2110820,3,COMMUNITY_3,0.5106370449066162,False
2281360,10,COMMUNITY_10,0.5106052160263062,False
1040460,3,COMMUNITY_3,0.5102556943893433,False
674170,2,COMMUNITY_2,0.5097455978393555,False
756360,13,COMMUNITY_13,0.5094591975212097,False
21120,0,COMMUNITY_0,0.5092962384223938,False
1660370,3,COMMUNITY_3,0.50873863697052,False
404860,3,COMMUNITY_3,0.5084567666053772,False
1097130,3,COMMUNITY_3,0.5080291628837585,False
862370,2,COMMUNITY_2,0.507605254650116,False
1484730,1,COMMUNITY_1,0.5072228312492371,False
447890,2,COMMUNITY_2,0.5070925354957581,False
561060,1,COMMUNITY_1,0.5070605874061584,False
1155340,2,COMMUNITY_2,0.50687175989151,False
714080,9,COMMUNITY_9,0.506373405456543,False
307030,4,COMMUNITY_4,0.5063549876213074,False
535840,2,COMMUNITY_2,0.5062050223350525,False
440160,1,COMMUNITY_1,0.5060478448867798,False
2113540,6,COMMUNITY_6,0.5059837698936462,False
461880,1,COMMUNITY_1,0.5057054162025452,False
19000,11,COMMUNITY_11,0.5052277445793152,False
1112930,10,COMMUNITY_10,0.5049457550048828,False
502740,10,COMMUNITY_10,0.5048035979270935,False
23380,6,COMMUNITY_6,0.5044662356376648,False
1485900,2,COMMUNITY_2,0.504256546497345,False
298520,11,COMMUNITY_11,0.5038564205169678,False
115220,1,COMMUNITY_1,0.5037322640419006,False
1027830,2,COMMUNITY_2,0.5034786462783813,False
551630,2,COMMUNITY_2,0.5031944513320923,False
1676910,1,COMMUNITY_1,0.501990795135498,False
676570,13,COMMUNITY_13,0.501836359500885,False
233740,1,COMMUNITY_1,0.5014728903770447,False
2262770,4,COMMUNITY_4,0.5013107061386108,False
389050,2,COMMUNITY_2,0.5002679824829102,False
2720290,2,COMMUNITY_2,0.5002058148384094,False
459080,11,COMMUNITY_11,0.5001606941223145,False
2333720,10,COMMUNITY_10,0.49951988458633423,False
1065460,2,COMMUNITY_2,0.49929866194725037,False
1588340,4,COMMUNITY_4,0.4989597797393799,False
370360,1,COMMUNITY_1,0.4984580874443054,False
1281200,13,COMMUNITY_13,0.49826720356941223,False
1895860,0,COMMUNITY_0,0.4976860582828522,False
598730,5,COMMUNITY_5,0.49735864996910095,False
328730,12,COMMUNITY_12,0.49732768535614014,False
391180,5,COMMUNITY_5,0.4971370995044708,False
1931090,2,COMMUNITY_2,0.4970773458480835,False
998790,10,COMMUNITY_10,0.4970715343952179,False
1001850,9,COMMUNITY_9,0.49702051281929016,False
2371130,8,COMMUNITY_8,0.4969441294670105,False
31840,0,COMMUNITY_0,0.4968690574169159,False
741510,11,COMMUNITY_11,0.4966762065887451,False
2001570,8,COMMUNITY_8,0.4962933659553528,False
872990,2,COMMUNITY_2,0.4954583942890167,False
589100,7,COMMUNITY_7,0.495168000459671,False
3413460,2,COMMUNITY_2,0.49476832151412964,False
13500,0,COMMUNITY_0,0.49475735425949097,False
3089700,1,COMMUNITY_1,0.494747132062912,False
552380,10,COMMUNITY_10,0.49457037448883057,False
416310,2,COMMUNITY_2,0.4933643043041229,False
2605980,13,COMMUNITY_13,0.4932120740413666,False
1069390,1,COMMUNITY_1,0.4931792616844177,False
438660,0,COMMUNITY_0,0.4930879771709442,False
38120,5,COMMUNITY_5,0.49306461215019226,False
579940,9,COMMUNITY_9,0.4928176999092102,False
431600,9,COMMUNITY_9,0.4926827847957611,False
3273240,0,COMMUNITY_0,0.492580771446228,False
1536420,9,COMMUNITY_9,0.49223455786705017,False
2296400,1,COMMUNITY_1,0.49215254187583923,False
2643980,10,COMMUNITY_10,0.49194225668907166,False
395200,3,COMMUNITY_3,0.4915192127227783,False
2111870,4,COMMUNITY_4,0.49102547764778137,False
658890,10,COMMUNITY_10,0.49064916372299194,False
2710,0,COMMUNITY_0,0.490632563829422,False
500810,0,COMMUNITY_0,0.49062663316726685,False
398710,1,COMMUNITY_1,0.49003931879997253,False
2934190,4,COMMUNITY_4,0.489994078874588,False
728830,2,COMMUNITY_2,0.4898664951324463,False
1076880,1,COMMUNITY_1,0.489846408367157,False
370570,2,COMMUNITY_2,0.48966896533966064,False
340360,1,COMMUNITY_1,0.48954448103904724,False
826000,2,COMMUNITY_2,0.48900315165519714,False
734580,9,COMMUNITY_9,0.4889031946659088,False
262230,2,COMMUNITY_2,0.4886339604854584,False
421630,1,COMMUNITY_1,0.4885272979736328,False
3040560,7,COMMUNITY_7,0.48852381110191345,False
3161620,1,COMMUNITY_1,0.4884497821331024,False
1797930,2,COMMUNITY_2,0.4883784353733063,False
1414000,10,COMMUNITY_10,0.48816558718681335,False
797400,9,COMMUNITY_9,0.4881086051464081,False
929270,3,COMMUNITY_3,0.4880143702030182,False
440240,1,COMMUNITY_1,0.4878953993320465,False
382700,1,COMMUNITY_1,0.4878953993320465,False
876140,8,COMMUNITY_8,0.487275630235672,False
240970,8,COMMUNITY_8,0.4867969751358032,False
601780,8,COMMUNITY_8,0.48675957322120667,False
451900,2,COMMUNITY_2,0.485939085483551,False
3113870,10,COMMUNITY_10,0.4858209788799286,False
500260,3,COMMUNITY_3,0.48575732111930847,False
1053560,10,COMMUNITY_10,0.48558861017227173,False
2837870,2,COMMUNITY_2,0.48481109738349915,False
2903160,4,COMMUNITY_4,0.4845696687698364,False
314330,9,COMMUNITY_9,0.48401251435279846,False
31880,0,COMMUNITY_0,0.48401084542274475,False
1074610,5,COMMUNITY_5,0.48391878604888916,False
252370,1,COMMUNITY_1,0.48347511887550354,False
1416000,2,COMMUNITY_2,0.4833209216594696,False
1693000,2,COMMUNITY_2,0.4831819534301758,False
1008610,3,COMMUNITY_3,0.48237404227256775,False
1015140,4,COMMUNITY_4,0.4821939468383789,False
669310,1,COMMUNITY_1,0.48181450366973877,False
107310,10,COMMUNITY_10,0.4815632402896881,False
275390,0,COMMUNITY_0,0.48155471682548523,False
386050,10,COMMUNITY_10,0.48151832818984985,False
2497210,4,COMMUNITY_4,0.4809553325176239,False
974600,3,COMMUNITY_3,0.4808559715747833,False
1366510,6,COMMUNITY_6,0.48062512278556824,False
2231770,0,COMMUNITY_0,0.48025625944137573,False
115200,1,COMMUNITY_1,0.4801390767097473,False
825730,10,COMMUNITY_10,0.48011428117752075,False
268130,5,COMMUNITY_5,0.4800650179386139,False
347400,9,COMMUNITY_9,0.48003867268562317,False
556860,13,COMMUNITY_13,0.47969743609428406,False
791180,3,COMMUNITY_3,0.4796084761619568,False
2354000,3,COMMUNITY_3,0.47938910126686096,False
450850,2,COMMUNITY_2,0.47931769490242004,False
336730,1,COMMUNITY_1,0.4792642891407013,False
325260,2,COMMUNITY_2,0.4789659380912781,False
654600,10,COMMUNITY_10,0.4787403345108032,False
578890,2,COMMUNITY_2,0.4785444438457489,False
1097870,4,COMMUNITY_4,0.47839629650115967,False
415900,2,COMMUNITY_2,0.4782263934612274,False
2690700,2,COMMUNITY_2,0.47800442576408386,False
433020,1,COMMUNITY_1,0.47789517045021057,False
396060,2,COMMUNITY_2,0.4778691828250885,False
1882140,7,COMMUNITY_7,0.47771570086479187,False
435130,1,COMMUNITY_1,0.4774414896965027,False
438640,9,COMMUNITY_9,0.47743505239486694,False
3508710,4,COMMUNITY_4,0.47740092873573303,False
436670,0,COMMUNITY_0,0.4773847162723541,False
1075370,2,COMMUNITY_2,0.4769478440284729,False
1058980,2,COMMUNITY_2,0.47694528102874756,False
1907000,2,COMMUNITY_2,0.47669389843940735,False
512250,1,COMMUNITY_1,0.47666633129119873,False
6030,0,COMMUNITY_0,0.4764063060283661,False
694160,10,COMMUNITY_10,0.47636398673057556,False
219070,7,COMMUNITY_7,0.4762818515300751,False
1419870,1,COMMUNITY_1,0.4761466979980469,False
1234520,8,COMMUNITY_8,0.47606581449508667,False
502150,1,COMMUNITY_1,0.4759664833545685,False
377880,9,COMMUNITY_9,0.4755091071128845,False
1850960,1,COMMUNITY_1,0.47550851106643677,False
1116290,2,COMMUNITY_2,0.4754103720188141,False
1754840,10,COMMUNITY_10,0.47520318627357483,False
780490,1,COMMUNITY_1,0.4750729501247406,False
2019920,3,COMMUNITY_3,0.4748147428035736,False
2083070,1,COMMUNITY_1,0.4747051000595093,False
2169120,1,COMMUNITY_1,0.47465193271636963,False
480640,9,COMMUNITY_9,0.4746239185333252,False
849970,1,COMMUNITY_1,0.47446104884147644,False
38170,5,COMMUNITY_5,0.4743291437625885,False
1797680,1,COMMUNITY_1,0.47428658604621887,False
930280,1,COMMUNITY_1,0.4742092490196228,False
2636420,2,COMMUNITY_2,0.47401556372642517,False
1236240,7,COMMUNITY_7,0.4739999771118164,False
844750,2,COMMUNITY_2,0.4738682210445404,False
654850,3,COMMUNITY_3,0.4737160801887512,False
1552350,1,COMMUNITY_1,0.4736865162849426,False
456030,2,COMMUNITY_2,0.47366613149642944,False
545750,2,COMMUNITY_2,0.47363829612731934,False
264840,1,COMMUNITY_1,0.4733787477016449,False
3618770,2,COMMUNITY_2,0.4733486771583557,False
2776020,3,COMMUNITY_3,0.4733046293258667,False
613420,1,COMMUNITY_1,0.4732433557510376,False
1095750,2,COMMUNITY_2,0.472812682390213,False
3494500,13,COMMUNITY_13,0.4727724492549896,False
270760,1,COMMUNITY_1,0.47269129753112793,False
550360,7,COMMUNITY_7,0.47266969084739685,False
354140,11,COMMUNITY_11,0.47260692715644836,False
2246880,2,COMMUNITY_2,0.47225913405418396,False
867590,5,COMMUNITY_5,0.47170886397361755,False
2179290,10,COMMUNITY_10,0.47156041860580444,False
200190,12,COMMUNITY_12,0.47149166464805603,False
1621070,10,COMMUNITY_10,0.4712715148925781,False
328790,1,COMMUNITY_1,0.4712713360786438,False
740500,8,COMMUNITY_8,0.47092577815055847,False
908730,10,COMMUNITY_10,0.4707566797733307,False
1093910,2,COMMUNITY_2,0.47027888894081116,False
3200740,9,COMMUNITY_9,0.47001707553863525,False
1052900,2,COMMUNITY_2,0.4695960581302643,False
2299900,10,COMMUNITY_10,0.46941450238227844,False
657590,2,COMMUNITY_2,0.4692854583263397,False
571530,9,COMMUNITY_9,0.4689703583717346,False
776030,1,COMMUNITY_1,0.468966543674469,False
1606300,3,COMMUNITY_3,0.4681910574436188,False
3501610,7,COMMUNITY_7,0.46811825037002563,False
705150,9,COMMUNITY_9,0.4676162004470825,False
540230,2,COMMUNITY_2,0.466937780380249,False
1058060,10,COMMUNITY_10,0.4669293761253357,False
2719190,4,COMMUNITY_4,0.4668908417224884,False
1747670,2,COMMUNITY_2,0.46682387590408325,False
3602770,10,COMMUNITY_10,0.466806024312973,False
546220,1,COMMUNITY_1,0.4667234718799591,False
1028930,13,COMMUNITY_13,0.4666290283203125,False
2900,13,COMMUNITY_13,0.46630725264549255,False
16200,7,COMMUNITY_7,0.4660734534263611,False
2357950,7,COMMUNITY_7,0.46602335572242737,False
758220,2,COMMUNITY_2,0.46579813957214355,False
230070,0,COMMUNITY_0,0.46575966477394104,False
1126470,1,COMMUNITY_1,0.4657362401485443,False
862800,2,COMMUNITY_2,0.46561571955680847,False
3477660,1,COMMUNITY_1,0.4654995799064636,False
776490,9,COMMUNITY_9,0.4654664397239685,False
224760,0,COMMUNITY_0,0.4654451906681061,False
3468150,7,COMMUNITY_7,0.4654306173324585,False
336940,1,COMMUNITY_1,0.46540361642837524,False
449610,0,COMMUNITY_0,0.46531277894973755,False
798610,1,COMMUNITY_1,0.46528762578964233,False
680390,2,COMMUNITY_2,0.4651276171207428,False
1395560,2,COMMUNITY_2,0.4651239812374115,False
2017370,10,COMMUNITY_10,0.46492454409599304,False
1263230,1,COMMUNITY_1,0.46482110023498535,False
766150,13,COMMUNITY_13,0.4644707441329956,False
630460,2,COMMUNITY_2,0.4643726348876953,False
805610,13,COMMUNITY_13,0.46428602933883667,False
1287000,2,COMMUNITY_2,0.4634583294391632,False
2124780,1,COMMUNITY_1,0.463338702917099,False
392000,9,COMMUNITY_9,0.46322327852249146,False
858500,2,COMMUNITY_2,0.4628782868385315,False
675910,1,COMMUNITY_1,0.4627682864665985,False
868550,2,COMMUNITY_2,0.46269482374191284,False
247750,0,COMMUNITY_0,0.46225422620773315,False
395900,5,COMMUNITY_5,0.4620451331138611,False
1730360,1,COMMUNITY_1,0.4618900418281555,False
486380,1,COMMUNITY_1,0.4618452489376068,False
616240,1,COMMUNITY_1,0.46177706122398376,False
578830,1,COMMUNITY_1,0.46157094836235046,False
2347940,2,COMMUNITY_2,0.4614754617214203,False
938380,11,COMMUNITY_11,0.46140608191490173,False
1629530,10,COMMUNITY_10,0.4613373279571533,False
425960,1,COMMUNITY_1,0.4610304832458496,False
241600,8,COMMUNITY_8,0.46101701259613037,False
678520,6,COMMUNITY_6,0.46096786856651306,False
666610,10,COMMUNITY_10,0.46086958050727844,False
681240,10,COMMUNITY_10,0.4608440697193146,False
773870,2,COMMUNITY_2,0.46083417534828186,False
632350,9,COMMUNITY_9,0.4606318175792694,False
828070,10,COMMUNITY_10,0.46048468351364136,False
399520,2,COMMUNITY_2,0.4603652358055115,False
1591420,2,COMMUNITY_2,0.4602709710597992,False
1161640,3,COMMUNITY_3,0.46008771657943726,False
754520,2,COMMUNITY_2,0.4597279131412506,False
1148730,1,COMMUNITY_1,0.4595496952533722,False
422250,1,COMMUNITY_1,0.45950964093208313,False
985590,2,COMMUNITY_2,0.4594876766204834,False
787040,2,COMMUNITY_2,0.4594074785709381,False
638160,11,COMMUNITY_11,0.4593861997127533,False
1108620,2,COMMUNITY_2,0.4592568576335907,False
355640,3,COMMUNITY_3,0.4592231512069702,False
1801860,2,COMMUNITY_2,0.4591410458087921,False
893450,2,COMMUNITY_2,0.4582953155040741,False
1388870,9,COMMUNITY_9,0.45820775628089905,False
3207400,4,COMMUNITY_4,0.45811566710472107,False
1221250,0,COMMUNITY_0,0.45805591344833374,False
1957330,2,COMMUNITY_2,0.4579719007015228,False
846050,2,COMMUNITY_2,0.4577063322067261,False
366320,10,COMMUNITY_10,0.45753350853919983,False
3445580,1,COMMUNITY_1,0.4574681520462036,False
1012560,2,COMMUNITY_2,0.4573333263397217,False
1366150,2,COMMUNITY_2,0.45711106061935425,False
446340,1,COMMUNITY_1,0.45657438039779663,False
491100,7,COMMUNITY_7,0.4564049243927002,False
1074340,2,COMMUNITY_2,0.45637035369873047,False
1328920,10,COMMUNITY_10,0.45635712146759033,False
685990,2,COMMUNITY_2,0.4563112258911133,False
2334170,2,COMMUNITY_2,0.45630812644958496,False
211010,0,COMMUNITY_0,0.45628005266189575,False
2260930,6,COMMUNITY_6,0.45626944303512573,False
2769210,5,COMMUNITY_5,0.4562460780143738,False
415530,2,COMMUNITY_2,0.4561978578567505,False
248970,3,COMMUNITY_3,0.45590120553970337,False
1083760,4,COMMUNITY_4,0.45589011907577515,False
646280,4,COMMUNITY_4,0.45582473278045654,False
46550,1,COMMUNITY_1,0.4556681215763092,False
11050,1,COMMUNITY_1,0.4553464651107788,False
1031910,2,COMMUNITY_2,0.455106645822525,False
1516490,2,COMMUNITY_2,0.45484498143196106,False
57740,11,COMMUNITY_11,0.4548172354698181,False
1060820,2,COMMUNITY_2,0.454661101102829,False
2296430,1,COMMUNITY_1,0.4544132947921753,False
655360,2,COMMUNITY_2,0.4543167054653168,False
628960,2,COMMUNITY_2,0.4542645812034607,False
1240060,0,COMMUNITY_0,0.45404505729675293,False
2819030,8,COMMUNITY_8,0.4539559483528137,False
1077540,2,COMMUNITY_2,0.4530375897884369,False
763090,1,COMMUNITY_1,0.45285797119140625,False
381780,0,COMMUNITY_0,0.4528183043003082,False
2181720,4,COMMUNITY_4,0.4528072774410248,False
575780,2,COMMUNITY_2,0.4527883529663086,False
1373260,13,COMMUNITY_13,0.45267507433891296,False
770100,1,COMMUNITY_1,0.45265498757362366,False
1497440,0,COMMUNITY_0,0.45262783765792847,False
511490,13,COMMUNITY_13,0.45259541273117065,False
1461770,4,COMMUNITY_4,0.45215776562690735,False
315940,2,COMMUNITY_2,0.45208442211151123,False
1067860,3,COMMUNITY_3,0.45207101106643677,False
1639730,2,COMMUNITY_2,0.45170703530311584,False
1043230,2,COMMUNITY_2,0.45154908299446106,False
355490,1,COMMUNITY_1,0.4515075385570526,False
563200,2,COMMUNITY_2,0.4514278471469879,False
849980,1,COMMUNITY_1,0.45139530301094055,False
222500,2,COMMUNITY_2,0.45135608315467834,False
1073770,2,COMMUNITY_2,0.4509221315383911,False
1061150,2,COMMUNITY_2,0.450644850730896,False
2384690,13,COMMUNITY_13,0.45051318407058716,False
31860,0,COMMUNITY_0,0.4501428008079529,False
31940,0,COMMUNITY_0,0.4501428008079529,False
2093010,4,COMMUNITY_4,0.4500792622566223,False
32640,6,COMMUNITY_6,0.4500408470630646,False
418960,2,COMMUNITY_2,0.449830561876297,False
2159670,4,COMMUNITY_4,0.44974127411842346,False
1063790,1,COMMUNITY_1,0.4495428800582886,False
1339310,1,COMMUNITY_1,0.4494960308074951,False
511270,1,COMMUNITY_1,0.449483186006546,False
350700,13,COMMUNITY_13,0.4493141770362854,False
1865010,6,COMMUNITY_6,0.44930246472358704,False
203750,11,COMMUNITY_11,0.44901275634765625,False
697490,10,COMMUNITY_10,0.44883492588996887,False
809950,2,COMMUNITY_2,0.44857293367385864,False
2171280,9,COMMUNITY_9,0.4484201669692993,False
42850,8,COMMUNITY_8,0.4481343626976013,False
2812820,2,COMMUNITY_2,0.4481244683265686,False
429720,10,COMMUNITY_10,0.44808292388916016,False
397160,10,COMMUNITY_10,0.44802990555763245,False
3380,7,COMMUNITY_7,0.4479316473007202,False
950700,1,COMMUNITY_1,0.4476923644542694,False
32630,10,COMMUNITY_10,0.44723302125930786,False
761170,7,COMMUNITY_7,0.4472011625766754,False
2130060,13,COMMUNITY_13,0.44715645909309387,False
671210,6,COMMUNITY_6,0.4471176266670227,False
1269050,8,COMMUNITY_8,0.44706976413726807,False
2109270,1,COMMUNITY_1,0.44683894515037537,False
2836860,2,COMMUNITY_2,0.44656845927238464,False
1283980,10,COMMUNITY_10,0.44644179940223694,False
635390,2,COMMUNITY_2,0.44641417264938354,False
3422700,1,COMMUNITY_1,0.44635239243507385,False
296790,2,COMMUNITY_2,0.4463387429714203,False
796920,2,COMMUNITY_2,0.4462297558784485,False
801070,2,COMMUNITY_2,0.4462297558784485,False
921520,3,COMMUNITY_3,0.4461464285850525,False
570580,2,COMMUNITY_2,0.44604283571243286,False
549760,4,COMMUNITY_4,0.44578301906585693,False
590840,1,COMMUNITY_1,0.4457090198993683,False
542550,8,COMMUNITY_8,0.4454019069671631,False
1116580,8,COMMUNITY_8,0.44538673758506775,False
1512710,3,COMMUNITY_3,0.44536834955215454,False
714160,2,COMMUNITY_2,0.4451337158679962,False
2074910,2,COMMUNITY_2,0.4447479546070099,False
431460,1,COMMUNITY_1,0.44465920329093933,False
1971230,0,COMMUNITY_0,0.4446447789669037,False
1023280,1,COMMUNITY_1,0.4446369409561157,False
2441120,2,COMMUNITY_2,0.4445681869983673,False
308000,5,COMMUNITY_5,0.4444776177406311,False
2420900,2,COMMUNITY_2,0.4444047212600708,False
702670,1,COMMUNITY_1,0.44434869289398193,False
2504380,1,COMMUNITY_1,0.4443298876285553,False
1034060,2,COMMUNITY_2,0.4443155825138092,False
1831980,2,COMMUNITY_2,0.4440813362598419,False
265690,11,COMMUNITY_11,0.4439467489719391,False
654230,2,COMMUNITY_2,0.44390690326690674,False
328900,0,COMMUNITY_0,0.4439067244529724,False
270110,3,COMMUNITY_3,0.4437052607536316,False
1100150,2,COMMUNITY_2,0.44351279735565186,False
1270100,8,COMMUNITY_8,0.44350123405456543,False
701750,2,COMMUNITY_2,0.44340962171554565,False
3160580,10,COMMUNITY_10,0.4433579444885254,False
1123450,0,COMMUNITY_0,0.4431779682636261,False
3002620,2,COMMUNITY_2,0.4431183636188507,False
812960,2,COMMUNITY_2,0.44298258423805237,False
1782330,0,COMMUNITY_0,0.44278594851493835,False
1552310,13,COMMUNITY_13,0.4425989091396332,False
1650860,8,COMMUNITY_8,0.4425453245639801,False
752800,2,COMMUNITY_2,0.44253072142601013,False
1984790,2,COMMUNITY_2,0.44252151250839233,False
887760,2,COMMUNITY_2,0.44251152873039246,False
348950,5,COMMUNITY_5,0.44226962327957153,False
516470,4,COMMUNITY_4,0.4419967234134674,False
504210,1,COMMUNITY_1,0.4418482184410095,False
523940,2,COMMUNITY_2,0.4418295919895172,False
1060810,10,COMMUNITY_10,0.4414637088775635,False
318970,1,COMMUNITY_1,0.4414301812648773,False
578470,3,COMMUNITY_3,0.4413430392742157,False
3334280,3,COMMUNITY_3,0.44132503867149353,False
1100170,2,COMMUNITY_2,0.4412577450275421,False
661970,2,COMMUNITY_2,0.441255658864975,False
721080,2,COMMUNITY_2,0.44115594029426575,False
3176410,2,COMMUNITY_2,0.4411373436450958,False
1370140,9,COMMUNITY_9,0.4409937262535095,False
13140,11,COMMUNITY_11,0.44090041518211365,False
2739980,3,COMMUNITY_3,0.44024381041526794,False
42200,0,COMMUNITY_0,0.44019097089767456,False
237890,9,COMMUNITY_9,0.4399450123310089,False
458770,11,COMMUNITY_11,0.43988722562789917,False
3392420,2,COMMUNITY_2,0.4398099482059479,False
249230,11,COMMUNITY_11,0.4395254850387573,False
3400650,13,COMMUNITY_13,0.43939346075057983,False
872580,2,COMMUNITY_2,0.4393182694911957,False
1684930,2,COMMUNITY_2,0.43916380405426025,False
1164850,7,COMMUNITY_7,0.4387117624282837,False
397040,9,COMMUNITY_9,0.4386635422706604,False
356730,2,COMMUNITY_2,0.4386468827724457,False
2255190,2,COMMUNITY_2,0.43856799602508545,False
310080,12,COMMUNITY_12,0.4383977949619293,False
1842610,2,COMMUNITY_2,0.4383549988269806,False
1755940,10,COMMUNITY_10,0.43832188844680786,False
3475100,2,COMMUNITY_2,0.4382847547531128,False
2269460,6,COMMUNITY_6,0.4381345808506012,False
591990,2,COMMUNITY_2,0.4381156265735626,False
1305730,0,COMMUNITY_0,0.4380038380622864,False
1269640,0,COMMUNITY_0,0.43798908591270447,False
454330,2,COMMUNITY_2,0.4376848638057709,False
1810960,10,COMMUNITY_10,0.4376585781574249,False
374520,11,COMMUNITY_11,0.4376037120819092,False
1934080,8,COMMUNITY_8,0.4372571110725403,False
1995300,4,COMMUNITY_4,0.43721312284469604,False
884080,2,COMMUNITY_2,0.43719878792762756,False
682550,10,COMMUNITY_10,0.4364674985408783,False
262100,1,COMMUNITY_1,0.43620285391807556,False
1601970,9,COMMUNITY_9,0.435725599527359,False
552880,10,COMMUNITY_10,0.4356551468372345,False
3011440,2,COMMUNITY_2,0.4356458783149719,False
504770,10,COMMUNITY_10,0.4354393184185028,False
519160,2,COMMUNITY_2,0.43540865182876587,False
2752040,2,COMMUNITY_2,0.43538302183151245,False
1186740,1,COMMUNITY_1,0.4353576898574829,False
584640,2,COMMUNITY_2,0.4351937174797058,False
1480120,4,COMMUNITY_4,0.4350540339946747,False
447690,2,COMMUNITY_2,0.435043603181839,False
406120,1,COMMUNITY_1,0.43501606583595276,False
3267910,2,COMMUNITY_2,0.43492066860198975,False
617160,10,COMMUNITY_10,0.43466612696647644,False
1191580,13,COMMUNITY_13,0.4346312880516052,False
3360,7,COMMUNITY_7,0.43459078669548035,False
377950,3,COMMUNITY_3,0.43456295132637024,False
1389300,2,COMMUNITY_2,0.4345008432865143,False
2772990,10,COMMUNITY_10,0.4341934621334076,False
1015610,2,COMMUNITY_2,0.4340468645095825,False
343070,6,COMMUNITY_6,0.4340364634990692,False
1814170,2,COMMUNITY_2,0.43403610587120056,False
748830,2,COMMUNITY_2,0.4339331090450287,False
315840,1,COMMUNITY_1,0.43377384543418884,False
3290170,0,COMMUNITY_0,0.4337422251701355,False
2554700,1,COMMUNITY_1,0.4336398243904114,False
448530,2,COMMUNITY_2,0.43362852931022644,False
2441170,3,COMMUNITY_3,0.43361788988113403,False
562210,3,COMMUNITY_3,0.433309406042099,False
2081400,6,COMMUNITY_6,0.4332602918148041,False
1551030,5,COMMUNITY_5,0.4332447946071625,False
2191480,5,COMMUNITY_5,0.4332166016101837,False
1555150,1,COMMUNITY_1,0.43317341804504395,False
525210,2,COMMUNITY_2,0.43306559324264526,False
711600,2,COMMUNITY_2,0.43277016282081604,False
338040,6,COMMUNITY_6,0.43262070417404175,False
2907190,1,COMMUNITY_1,0.43261852860450745,False
1087720,2,COMMUNITY_2,0.432376503944397,False
2283300,0,COMMUNITY_0,0.4319928288459778,False
330950,2,COMMUNITY_2,0.43196073174476624,False
569150,10,COMMUNITY_10,0.4318484663963318,False
1140890,13,COMMUNITY_13,0.4318368434906006,False
37980,5,COMMUNITY_5,0.4315800070762634,False
3454530,13,COMMUNITY_13,0.431527316570282,False
325470,2,COMMUNITY_2,0.431493878364563,False
2522270,2,COMMUNITY_2,0.4313804507255554,False
2232840,4,COMMUNITY_4,0.4310202896595001,False
1058710,2,COMMUNITY_2,0.4307531714439392,False
598600,5,COMMUNITY_5,0.4306432902812958,False
2914470,10,COMMUNITY_10,0.4305831789970398,False
853650,9,COMMUNITY_9,0.4303779602050781,False
1059900,11,COMMUNITY_11,0.43027058243751526,False
617830,0,COMMUNITY_0,0.43019577860832214,False
822550,2,COMMUNITY_2,0.43013426661491394,False
603320,7,COMMUNITY_7,0.43010807037353516,False
3053820,6,COMMUNITY_6,0.4295889437198639,False
24430,9,COMMUNITY_9,0.42940932512283325,False
966320,1,COMMUNITY_1,0.4290955066680908,False
1981250,4,COMMUNITY_4,0.4290271997451782,False
1733500,2,COMMUNITY_2,0.4287797510623932,False
353850,1,COMMUNITY_1,0.42871028184890747,False
3643400,10,COMMUNITY_10,0.4285741150379181,False
1069360,10,COMMUNITY_10,0.42850086092948914,False
1271090,13,COMMUNITY_13,0.42848002910614014,False
2998750,13,COMMUNITY_13,0.4280426800251007,False
296710,1,COMMUNITY_1,0.4277985095977783,False
713070,1,COMMUNITY_1,0.4277215600013733,False
2328740,1,COMMUNITY_1,0.4277186691761017,False
1232060,2,COMMUNITY_2,0.42771366238594055,False
1961300,2,COMMUNITY_2,0.427707314491272,False
294370,1,COMMUNITY_1,0.4276719093322754,False
1700270,7,COMMUNITY_7,0.4274778366088867,False
2579840,10,COMMUNITY_10,0.42706534266471863,False
432780,6,COMMUNITY_6,0.42705097794532776,False
1126270,2,COMMUNITY_2,0.42689260840415955,False
556260,13,COMMUNITY_13,0.42666923999786377,False
1305080,2,COMMUNITY_2,0.42664089798927307,False
2981530,8,COMMUNITY_8,0.4264689087867737,False
794230,2,COMMUNITY_2,0.4261960983276367,False
775900,8,COMMUNITY_8,0.42572033405303955,False
2516820,13,COMMUNITY_13,0.4254443347454071,False
2844500,8,COMMUNITY_8,0.42528238892555237,False
227020,11,COMMUNITY_11,0.4250861406326294,False
2637990,1,COMMUNITY_1,0.4250461459159851,False
1762270,10,COMMUNITY_10,0.4247775971889496,False
1098940,13,COMMUNITY_13,0.42470690608024597,False
3496450,13,COMMUNITY_13,0.4245697855949402,False
509220,10,COMMUNITY_10,0.42442578077316284,False
3224960,2,COMMUNITY_2,0.4239102005958557,False
2198800,2,COMMUNITY_2,0.4237779974937439,False
1999170,4,COMMUNITY_4,0.4237467050552368,False
463130,13,COMMUNITY_13,0.42372381687164307,False
245280,11,COMMUNITY_11,0.42358633875846863,False
373610,2,COMMUNITY_2,0.4235190749168396,False
1239050,10,COMMUNITY_10,0.4234932065010071,False
1024630,2,COMMUNITY_2,0.4233994781970978,False
209230,1,COMMUNITY_1,0.42330023646354675,False
3175860,13,COMMUNITY_13,0.4232969582080841,False
1120320,3,COMMUNITY_3,0.4230465888977051,False
359220,11,COMMUNITY_11,0.42302611470222473,False
2304030,6,COMMUNITY_6,0.4230071008205414,False
2137470,2,COMMUNITY_2,0.42298033833503723,False
2328540,3,COMMUNITY_3,0.4227759540081024,False
2400290,6,COMMUNITY_6,0.4227421283721924,False
364200,1,COMMUNITY_1,0.4226461350917816,False
1235100,2,COMMUNITY_2,0.42219316959381104,False
1799850,6,COMMUNITY_6,0.4221790134906769,False
827050,10,COMMUNITY_10,0.4221537113189697,False
876290,2,COMMUNITY_2,0.4221368432044983,False
3175720,13,COMMUNITY_13,0.42210128903388977,False
3508630,0,COMMUNITY_0,0.4220789074897766,False
748300,1,COMMUNITY_1,0.4220157861709595,False
993400,2,COMMUNITY_2,0.4220117926597595,False
243780,1,COMMUNITY_1,0.4219619333744049,False
1059880,2,COMMUNITY_2,0.4216795861721039,False
1844130,2,COMMUNITY_2,0.4216507077217102,False
684430,2,COMMUNITY_2,0.42152106761932373,False
534480,2,COMMUNITY_2,0.42122164368629456,False
804490,2,COMMUNITY_2,0.4212214946746826,False
3103820,7,COMMUNITY_7,0.421114444732666,False
525300,1,COMMUNITY_1,0.4207041263580322,False
1036740,9,COMMUNITY_9,0.4206926226615906,False
929320,8,COMMUNITY_8,0.4206877648830414,False
2131010,10,COMMUNITY_10,0.4206208884716034,False
556640,13,COMMUNITY_13,0.42056921124458313,False
63940,11,COMMUNITY_11,0.4202943444252014,False
2891310,4,COMMUNITY_4,0.4200100600719452,False
1086160,1,COMMUNITY_1,0.41996923089027405,False
908790,2,COMMUNITY_2,0.4199370741844177,False
1973580,6,COMMUNITY_6,0.4198891520500183,False
2775370,2,COMMUNITY_2,0.4198632836341858,False
1711400,2,COMMUNITY_2,0.4197995662689209,False
340460,1,COMMUNITY_1,0.4197878837585449,False
1235360,10,COMMUNITY_10,0.4197157919406891,False
415950,5,COMMUNITY_5,0.41961753368377686,False
1239690,6,COMMUNITY_6,0.41941654682159424,False
2761610,10,COMMUNITY_10,0.4191063940525055,False
650500,0,COMMUNITY_0,0.4189041256904602,False
365770,0,COMMUNITY_0,0.4188176989555359,False
65700,2,COMMUNITY_2,0.41880354285240173,False
2142260,2,COMMUNITY_2,0.4186001121997833,False
955870,4,COMMUNITY_4,0.4184766709804535,False
677280,8,COMMUNITY_8,0.41845300793647766,False
795020,3,COMMUNITY_3,0.41832900047302246,False
777760,3,COMMUNITY_3,0.41832900047302246,False
1290750,1,COMMUNITY_1,0.4182692766189575,False
33530,13,COMMUNITY_13,0.41788455843925476,False
1151130,1,COMMUNITY_1,0.4177826941013336,False
1002000,1,COMMUNITY_1,0.4177045524120331,False
2389570,2,COMMUNITY_2,0.41764599084854126,False
923500,13,COMMUNITY_13,0.4173597991466522,False
684270,1,COMMUNITY_1,0.41718190908432007,False
355630,6,COMMUNITY_6,0.4170621931552887,False
261110,6,COMMUNITY_6,0.41704073548316956,False
1440440,0,COMMUNITY_0,0.4170282483100891,False
1045110,7,COMMUNITY_7,0.41698968410491943,False
372480,0,COMMUNITY_0,0.41694560647010803,False
7830,0,COMMUNITY_0,0.41675060987472534,False
880580,1,COMMUNITY_1,0.41668832302093506,False
41510,0,COMMUNITY_0,0.4166683256626129,False
977210,2,COMMUNITY_2,0.41651326417922974,False
561610,8,COMMUNITY_8,0.41650304198265076,False
699850,2,COMMUNITY_2,0.4161839485168457,False
1025550,2,COMMUNITY_2,0.416106253862381,False
2582730,5,COMMUNITY_5,0.41588446497917175,False
518920,4,COMMUNITY_4,0.41583794355392456,False
1177000,9,COMMUNITY_9,0.4158112406730652,False
805420,1,COMMUNITY_1,0.41554874181747437,False
1273220,1,COMMUNITY_1,0.4152165949344635,False
1569700,3,COMMUNITY_3,0.4150325059890747,False
652980,6,COMMUNITY_6,0.41455498337745667,False
2538370,1,COMMUNITY_1,0.41452306509017944,False
3158480,7,COMMUNITY_7,0.41442805528640747,False
94200,0,COMMUNITY_0,0.414290189743042,False
1222370,9,COMMUNITY_9,0.41426175832748413,False
3334660,7,COMMUNITY_7,0.414179265499115,False
215020,0,COMMUNITY_0,0.41392984986305237,False
2051430,0,COMMUNITY_0,0.41387853026390076,False
1506850,3,COMMUNITY_3,0.4138502776622772,False
668630,9,COMMUNITY_9,0.41368696093559265,False
1490060,13,COMMUNITY_13,0.413648396730423,False
2372330,8,COMMUNITY_8,0.41362258791923523,False
102600,0,COMMUNITY_0,0.41340017318725586,False
1321590,6,COMMUNITY_6,0.41337722539901733,False
1561960,1,COMMUNITY_1,0.41335681080818176,False
3494930,2,COMMUNITY_2,0.41326865553855896,False
214870,11,COMMUNITY_11,0.4129263162612915,False
426790,12,COMMUNITY_12,0.4128442704677582,False
595430,10,COMMUNITY_10,0.4128044545650482,False
1640300,4,COMMUNITY_4,0.4126923084259033,False
2571520,8,COMMUNITY_8,0.4125262498855591,False
3060630,0,COMMUNITY_0,0.412519246339798,False
449710,10,COMMUNITY_10,0.4123004972934723,False
690260,2,COMMUNITY_2,0.4121299386024475,False
640120,0,COMMUNITY_0,0.41197270154953003,False
875240,8,COMMUNITY_8,0.41184958815574646,False
1849890,2,COMMUNITY_2,0.4117851257324219,False
46500,0,COMMUNITY_0,0.41170352697372437,False
2730530,2,COMMUNITY_2,0.4115683138370514,False
363060,1,COMMUNITY_1,0.4115399718284607,False
447780,1,COMMUNITY_1,0.4115029275417328,False
2111020,7,COMMUNITY_7,0.4112873375415802,False
1533680,4,COMMUNITY_4,0.4111165702342987,False
353890,2,COMMUNITY_2,0.41072577238082886,False
1892700,4,COMMUNITY_4,0.4105711579322815,False
528250,1,COMMUNITY_1,0.4103924632072449,False
385270,1,COMMUNITY_1,0.41038525104522705,False
3443890,6,COMMUNITY_6,0.41028934717178345,False
601810,10,COMMUNITY_10,0.4102264940738678,False
1373350,6,COMMUNITY_6,0.41013944149017334,False
33980,2,COMMUNITY_2,0.4101294279098511,False
1400860,0,COMMUNITY_0,0.4101281464099884,False
327900,1,COMMUNITY_1,0.40997397899627686,False
20530,6,COMMUNITY_6,0.4097004532814026,False
664800,1,COMMUNITY_1,0.4093148708343506,False
1065970,10,COMMUNITY_10,0.4092899560928345,False
1748750,2,COMMUNITY_2,0.40917453169822693,False
513330,10,COMMUNITY_10,0.40909528732299805,False
3555700,2,COMMUNITY_2,0.40902388095855713,False
898340,2,COMMUNITY_2,0.408650279045105,False
57600,0,COMMUNITY_0,0.408611923456192,False
2055410,2,COMMUNITY_2,0.40836429595947266,False
878970,2,COMMUNITY_2,0.40835830569267273,False
223000,2,COMMUNITY_2,0.4081210196018219,False
615120,5,COMMUNITY_5,0.408110648393631,False
1229420,11,COMMUNITY_11,0.4080451726913452,False
2337460,3,COMMUNITY_3,0.40798598527908325,False
1107230,1,COMMUNITY_1,0.40797969698905945,False
1136330,13,COMMUNITY_13,0.40794581174850464,False
3282670,1,COMMUNITY_1,0.4077666997909546,False
1768280,9,COMMUNITY_9,0.407719224691391,False
542400,1,COMMUNITY_1,0.4076509177684784,False
2316580,13,COMMUNITY_13,0.40748628973960876,False
1848520,1,COMMUNITY_1,0.4073919355869293,False
3078920,8,COMMUNITY_8,0.4073871076107025,False
347600,10,COMMUNITY_10,0.40699079632759094,False
461180,13,COMMUNITY_13,0.40697699785232544,False
2855500,2,COMMUNITY_2,0.4069535732269287,False
1921980,0,COMMUNITY_0,0.40694135427474976,False
1137300,9,COMMUNITY_9,0.40687325596809387,False
2306880,13,COMMUNITY_13,0.40666282176971436,False
2191490,5,COMMUNITY_5,0.4062500298023224,False
390470,1,COMMUNITY_1,0.40624064207077026,False
1718160,4,COMMUNITY_4,0.40623727440834045,False
222980,8,COMMUNITY_8,0.40616220235824585,False
554000,1,COMMUNITY_1,0.4061117470264435,False
2090150,6,COMMUNITY_6,0.4060584604740143,False
298280,2,COMMUNITY_2,0.4060528576374054,False
2234660,2,COMMUNITY_2,0.4060187339782715,False
857480,7,COMMUNITY_7,0.4059683680534363,False
22000,0,COMMUNITY_0,0.4059291481971741,False
665370,5,COMMUNITY_5,0.4056819677352905,False
2673820,6,COMMUNITY_6,0.40556615591049194,False
3612390,2,COMMUNITY_2,0.4051320254802704,False
1372320,6,COMMUNITY_6,0.40510621666908264,False
463150,10,COMMUNITY_10,0.40506625175476074,False
3116360,6,COMMUNITY_6,0.4046555459499359,False
422910,10,COMMUNITY_10,0.4045872390270233,False
877180,13,COMMUNITY_13,0.4045799970626831,False
207790,3,COMMUNITY_3,0.4042121469974518,False
292410,2,COMMUNITY_2,0.4040313959121704,False
1364960,5,COMMUNITY_5,0.4040062129497528,False
2903660,8,COMMUNITY_8,0.40385428071022034,False
1726310,2,COMMUNITY_2,0.4038534164428711,False
928390,7,COMMUNITY_7,0.4037743806838989,False
130,1,COMMUNITY_1,0.4035957157611847,False
3130500,2,COMMUNITY_2,0.40358632802963257,False
820040,4,COMMUNITY_4,0.40350303053855896,False
2414340,1,COMMUNITY_1,0.40342238545417786,False
1061880,12,COMMUNITY_12,0.40323132276535034,False
1074190,3,COMMUNITY_3,0.40318742394447327,False
1136440,13,COMMUNITY_13,0.4030125141143799,False
2102490,5,COMMUNITY_5,0.4028816819190979,False
356570,11,COMMUNITY_11,0.40278688073158264,False
5280,11,COMMUNITY_11,0.4027085304260254,False
2333030,2,COMMUNITY_2,0.4026045799255371,False
227600,13,COMMUNITY_13,0.4025891125202179,False
1393820,6,COMMUNITY_6,0.40251991152763367,False
1766720,9,COMMUNITY_9,0.40242713689804077,False
1271280,10,COMMUNITY_10,0.4024246335029602,False
1098130,3,COMMUNITY_3,0.4022751450538635,False
1507190,10,COMMUNITY_10,0.40213334560394287,False
1933980,5,COMMUNITY_5,0.402002215385437,False
3132250,5,COMMUNITY_5,0.4019647538661957,False
204120,1,COMMUNITY_1,0.4018601179122925,False
2917350,2,COMMUNITY_2,0.4017620086669922,False
535490,2,COMMUNITY_2,0.4016549587249756,False
574820,10,COMMUNITY_10,0.4016212522983551,False
328310,4,COMMUNITY_4,0.40129777789115906,False
320300,9,COMMUNITY_9,0.40126335620880127,False
1179210,11,COMMUNITY_11,0.4012379050254822,False
2343710,7,COMMUNITY_7,0.40122750401496887,False
1894080,4,COMMUNITY_4,0.4011872708797455,False
597730,6,COMMUNITY_6,0.4011772871017456,False
1020470,1,COMMUNITY_1,0.4010957181453705,False
402970,2,COMMUNITY_2,0.4009286165237427,False
673600,2,COMMUNITY_2,0.40091273188591003,False
333770,1,COMMUNITY_1,0.40081560611724854,False
785940,7,COMMUNITY_7,0.40065276622772217,False
3051380,2,COMMUNITY_2,0.4000076949596405,False
609150,6,COMMUNITY_6,0.3996009826660156,False
1344740,1,COMMUNITY_1,0.3995335102081299,False
431940,0,COMMUNITY_0,0.399413138628006,False
915330,13,COMMUNITY_13,0.39925453066825867,False
502470,1,COMMUNITY_1,0.3991800844669342,False
2088670,10,COMMUNITY_10,0.3989916741847992,False
22230,1,COMMUNITY_1,0.3989276885986328,False
34640,2,COMMUNITY_2,0.39890387654304504,False
954170,10,COMMUNITY_10,0.39888110756874084,False
988240,1,COMMUNITY_1,0.3986099660396576,False
2248430,5,COMMUNITY_5,0.3985917270183563,False
375840,1,COMMUNITY_1,0.3985283374786377,False
2351970,4,COMMUNITY_4,0.398440420627594,False
1519090,9,COMMUNITY_9,0.3984253704547882,False
764670,3,COMMUNITY_3,0.39833417534828186,False
1454160,1,COMMUNITY_1,0.39822572469711304,False
1479390,2,COMMUNITY_2,0.39815279841423035,False
2150330,2,COMMUNITY_2,0.39805182814598083,False
1437850,13,COMMUNITY_13,0.39801812171936035,False
2505120,9,COMMUNITY_9,0.39797982573509216,False
275670,1,COMMUNITY_1,0.3979659378528595,False
2119650,5,COMMUNITY_5,0.3979140520095825,False
2961530,2,COMMUNITY_2,0.3979041278362274,False
2413400,1,COMMUNITY_1,0.3978188931941986,False
997270,2,COMMUNITY_2,0.39773106575012207,False
346750,9,COMMUNITY_9,0.39769887924194336,False
612720,1,COMMUNITY_1,0.3974969685077667,False
453670,1,COMMUNITY_1,0.39743345975875854,False
1952170,5,COMMUNITY_5,0.3973892033100128,False
1478970,2,COMMUNITY_2,0.397222101688385,False
557340,0,COMMUNITY_0,0.3969863951206207,False
718030,2,COMMUNITY_2,0.3969142436981201,False
2210,0,COMMUNITY_0,0.3968542516231537,False
279460,2,COMMUNITY_2,0.3966037631034851,False
283270,1,COMMUNITY_1,0.3964119553565979,False
736570,10,COMMUNITY_10,0.3962796628475189,False
734730,5,COMMUNITY_5,0.3962381184101105,False
1099220,1,COMMUNITY_1,0.3961074948310852,False
2789810,10,COMMUNITY_10,0.39606234431266785,False
25600,1,COMMUNITY_1,0.39601561427116394,False
1571280,3,COMMUNITY_3,0.3960045576095581,False
648780,2,COMMUNITY_2,0.395757257938385,False
555950,1,COMMUNITY_1,0.3956466317176819,False
1120210,10,COMMUNITY_10,0.39544153213500977,False
2862520,3,COMMUNITY_3,0.39525094628334045,False
624270,1,COMMUNITY_1,0.3951701521873474,False
1291790,3,COMMUNITY_3,0.39495113492012024,False
2479320,10,COMMUNITY_10,0.3948926031589508,False
476650,11,COMMUNITY_11,0.3948407471179962,False
502600,2,COMMUNITY_2,0.3947305679321289,False
1322290,8,COMMUNITY_8,0.39463597536087036,False
494740,2,COMMUNITY_2,0.3944471478462219,False
1804010,7,COMMUNITY_7,0.3943687677383423,False
1356670,0,COMMUNITY_0,0.39415788650512695,False
1494500,2,COMMUNITY_2,0.3941246271133423,False
946790,2,COMMUNITY_2,0.39379405975341797,False
2613060,5,COMMUNITY_5,0.3937641680240631,False
2800900,1,COMMUNITY_1,0.39343908429145813,False
2324110,2,COMMUNITY_2,0.3933781385421753,False
1831320,2,COMMUNITY_2,0.39330223202705383,False
355150,1,COMMUNITY_1,0.39328786730766296,False
493180,11,COMMUNITY_11,0.3931943476200104,False
709470,1,COMMUNITY_1,0.39314088225364685,False
65300,0,COMMUNITY_0,0.39290347695350647,False
3461920,8,COMMUNITY_8,0.3928903639316559,False
393430,1,COMMUNITY_1,0.39280787110328674,False
513590,6,COMMUNITY_6,0.392741322517395,False
3018410,2,COMMUNITY_2,0.3927278220653534,False
866400,10,COMMUNITY_10,0.39269647002220154,False
2374190,0,COMMUNITY_0,0.3926784098148346,False
485670,1,COMMUNITY_1,0.3925950527191162,False
761910,0,COMMUNITY_0,0.3924587368965149,False
435300,7,COMMUNITY_7,0.3924352526664734,False
3222970,8,COMMUNITY_8,0.3923070728778839,False
1608640,0,COMMUNITY_0,0.39230096340179443,False
3089130,3,COMMUNITY_3,0.3922449052333832,False
965890,8,COMMUNITY_8,0.39211374521255493,False
637110,2,COMMUNITY_2,0.3920819163322449,False
2653940,1,COMMUNITY_1,0.39204904437065125,False
1664060,4,COMMUNITY_4,0.39204850792884827,False
650940,1,COMMUNITY_1,0.3918731212615967,False
928690,4,COMMUNITY_4,0.3918708860874176,False
487430,5,COMMUNITY_5,0.39185473322868347,False
1213700,2,COMMUNITY_2,0.39181336760520935,False
218090,0,COMMUNITY_0,0.3917829096317291,False
521670,6,COMMUNITY_6,0.3915957808494568,False
598700,2,COMMUNITY_2,0.3915908932685852,False
696920,2,COMMUNITY_2,0.39142900705337524,False
932850,5,COMMUNITY_5,0.39132750034332275,False
521660,6,COMMUNITY_6,0.39129963517189026,False
773490,2,COMMUNITY_2,0.39129313826560974,False
1141550,6,COMMUNITY_6,0.3911362290382385,False
658700,1,COMMUNITY_1,0.39110270142555237,False
1933490,9,COMMUNITY_9,0.39096567034721375,False
702110,1,COMMUNITY_1,0.3908065855503082,False
626680,5,COMMUNITY_5,0.390746146440506,False
33610,0,COMMUNITY_0,0.3906750977039337,False
1878970,2,COMMUNITY_2,0.39064109325408936,False
312720,1,COMMUNITY_1,0.39055466651916504,False
1354760,3,COMMUNITY_3,0.3905484676361084,False
741670,1,COMMUNITY_1,0.3905310034751892,False
449540,4,COMMUNITY_4,0.3904823362827301,False
270630,2,COMMUNITY_2,0.3904482126235962,False
1418020,10,COMMUNITY_10,0.39032071828842163,False
3031150,13,COMMUNITY_13,0.39030206203460693,False
2832320,1,COMMUNITY_1,0.3902834355831146,False
410120,6,COMMUNITY_6,0.39020997285842896,False
823310,13,COMMUNITY_13,0.39014214277267456,False
1310330,4,COMMUNITY_4,0.3900185525417328,False
1268420,2,COMMUNITY_2,0.38998720049858093,False
784050,13,COMMUNITY_13,0.3899429738521576,False
2224640,2,COMMUNITY_2,0.38932177424430847,False
294440,11,COMMUNITY_11,0.38925454020500183,False
1455070,4,COMMUNITY_4,0.3892088234424591,False
628100,6,COMMUNITY_6,0.3891405165195465,False
2956400,8,COMMUNITY_8,0.3890273869037628,False
3233670,1,COMMUNITY_1,0.38883644342422485,False
1872680,0,COMMUNITY_0,0.3888140022754669,False
645790,10,COMMUNITY_10,0.38854849338531494,False
345900,8,COMMUNITY_8,0.3885284662246704,False
538100,2,COMMUNITY_2,0.3884086608886719,False
391820,1,COMMUNITY_1,0.388353556394577,False
1265970,8,COMMUNITY_8,0.3881779909133911,False
50620,0,COMMUNITY_0,0.38799360394477844,False
1473060,3,COMMUNITY_3,0.3879932463169098,False
452060,5,COMMUNITY_5,0.3879922330379486,False
234670,0,COMMUNITY_0,0.38798126578330994,False
425940,2,COMMUNITY_2,0.3878408670425415,False
1883000,2,COMMUNITY_2,0.3877379894256592,False
11550,11,COMMUNITY_11,0.38770782947540283,False
523970,1,COMMUNITY_1,0.38770270347595215,False
769420,7,COMMUNITY_7,0.3876326382160187,False
516430,10,COMMUNITY_10,0.3876139521598816,False
549080,9,COMMUNITY_9,0.38756364583969116,False
1420290,4,COMMUNITY_4,0.38746580481529236,False
360380,2,COMMUNITY_2,0.3873109817504883,False
1367510,10,COMMUNITY_10,0.3871573507785797,False
1759350,10,COMMUNITY_10,0.387115478515625,False
2078040,10,COMMUNITY_10,0.3870433270931244,False
2261050,3,COMMUNITY_3,0.3869304656982422,False
587100,0,COMMUNITY_0,0.3867623507976532,False
382560,2,COMMUNITY_2,0.38662976026535034,False
854570,9,COMMUNITY_9,0.3865951895713806,False
2308630,1,COMMUNITY_1,0.38648998737335205,False
1647190,3,COMMUNITY_3,0.38626617193222046,False
2061430,5,COMMUNITY_5,0.38608407974243164,False
362110,2,COMMUNITY_2,0.38583141565322876,False
2492380,2,COMMUNITY_2,0.3856964409351349,False
2654680,1,COMMUNITY_1,0.38560807704925537,False
1130620,2,COMMUNITY_2,0.3853989839553833,False
726710,1,COMMUNITY_1,0.38523736596107483,False
2383860,10,COMMUNITY_10,0.38492172956466675,False
513210,3,COMMUNITY_3,0.3849060833454132,False
250740,5,COMMUNITY_5,0.38475462794303894,False
1510070,10,COMMUNITY_10,0.38473010063171387,False
2951770,2,COMMUNITY_2,0.38467925786972046,False
1163460,13,COMMUNITY_13,0.3846629559993744,False
437100,1,COMMUNITY_1,0.38450002670288086,False
945590,2,COMMUNITY_2,0.3841841518878937,False
1178150,13,COMMUNITY_13,0.38415324687957764,False
1485350,7,COMMUNITY_7,0.38404908776283264,False
801480,4,COMMUNITY_4,0.3840247094631195,False
296220,1,COMMUNITY_1,0.3840084969997406,False
2435900,2,COMMUNITY_2,0.38384315371513367,False
2650630,13,COMMUNITY_13,0.38383153080940247,False
2398180,2,COMMUNITY_2,0.38381433486938477,False
2196980,10,COMMUNITY_10,0.38360396027565,False
1224290,2,COMMUNITY_2,0.38358232378959656,False
1948100,1,COMMUNITY_1,0.3834834098815918,False
2384600,1,COMMUNITY_1,0.38341429829597473,False
3399040,10,COMMUNITY_10,0.38330960273742676,False
501990,10,COMMUNITY_10,0.38329413533210754,False
234350,2,COMMUNITY_2,0.3831717073917389,False
259060,1,COMMUNITY_1,0.3830426037311554,False
605230,1,COMMUNITY_1,0.3829082250595093,False
1098270,4,COMMUNITY_4,0.382882297039032,False
946880,2,COMMUNITY_2,0.3828766644001007,False
333320,2,COMMUNITY_2,0.3828411102294922,False
624070,1,COMMUNITY_1,0.3827612102031708,False
298560,1,COMMUNITY_1,0.38267195224761963,False
356650,0,COMMUNITY_0,0.3825867176055908,False
743900,9,COMMUNITY_9,0.38255035877227783,False
764570,1,COMMUNITY_1,0.38241904973983765,False
275170,2,COMMUNITY_2,0.3823060095310211,False
1160790,1,COMMUNITY_1,0.38215386867523193,False
285480,2,COMMUNITY_2,0.382059246301651,False
1286330,3,COMMUNITY_3,0.381997287273407,False
3080880,2,COMMUNITY_2,0.3817862272262573,False
2708450,2,COMMUNITY_2,0.38153550028800964,False
2283200,1,COMMUNITY_1,0.38150864839553833,False
1241910,2,COMMUNITY_2,0.38138097524642944,False
1909020,5,COMMUNITY_5,0.38136473298072815,False
3479710,2,COMMUNITY_2,0.3812573552131653,False
2461710,2,COMMUNITY_2,0.3812503218650818,False
257750,10,COMMUNITY_10,0.38124969601631165,False
115800,0,COMMUNITY_0,0.38113313913345337,False
949800,1,COMMUNITY_1,0.38102176785469055,False
233270,0,COMMUNITY_0,0.38087207078933716,False
588220,9,COMMUNITY_9,0.3807190954685211,False
504130,1,COMMUNITY_1,0.38070204854011536,False
2171630,2,COMMUNITY_2,0.3806278705596924,False
1247640,2,COMMUNITY_2,0.380623459815979,False
1270210,1,COMMUNITY_1,0.38062191009521484,False
2583430,6,COMMUNITY_6,0.38061514496803284,False
1997180,1,COMMUNITY_1,0.3805272877216339,False
912810,4,COMMUNITY_4,0.3803100883960724,False
221180,1,COMMUNITY_1,0.37998607754707336,False
292240,1,COMMUNITY_1,0.3799860179424286,False
1368130,9,COMMUNITY_9,0.3798997402191162,False
463020,1,COMMUNITY_1,0.379684716463089,False
370550,2,COMMUNITY_2,0.37953153252601624,False
294660,1,COMMUNITY_1,0.3795269727706909,False
3384870,1,COMMUNITY_1,0.3795252740383148,False
674550,2,COMMUNITY_2,0.37944498658180237,False
2612700,4,COMMUNITY_4,0.3793318271636963,False
472870,1,COMMUNITY_1,0.37929537892341614,False
582980,9,COMMUNITY_9,0.3792867958545685,False
1707900,2,COMMUNITY_2,0.3792359232902527,False
1133760,6,COMMUNITY_6,0.3791152238845825,False
977720,13,COMMUNITY_13,0.3790479004383087,False
764500,13,COMMUNITY_13,0.37903648614883423,False
294670,1,COMMUNITY_1,0.379010409116745,False
1324270,2,COMMUNITY_2,0.3789317309856415,False
1816950,1,COMMUNITY_1,0.3788486123085022,False
3453570,6,COMMUNITY_6,0.3788221478462219,False
716710,13,COMMUNITY_13,0.3787696659564972,False
365160,1,COMMUNITY_1,0.3787122070789337,False
1268870,8,COMMUNITY_8,0.378691703081131,False
461950,1,COMMUNITY_1,0.3786686956882477,False
1781260,2,COMMUNITY_2,0.378606379032135,False
1996770,11,COMMUNITY_11,0.3785865902900696,False
2197890,4,COMMUNITY_4,0.3785439729690552,False
301670,8,COMMUNITY_8,0.37844201922416687,False
2084720,5,COMMUNITY_5,0.3784191906452179,False
3095380,3,COMMUNITY_3,0.3784158229827881,False
1262060,1,COMMUNITY_1,0.37834057211875916,False
2213190,9,COMMUNITY_9,0.3783291280269623,False
295430,13,COMMUNITY_13,0.3783157169818878,False
994140,10,COMMUNITY_10,0.3779589533805847,False
1540150,6,COMMUNITY_6,0.37785741686820984,False
628040,6,COMMUNITY_6,0.3778265714645386,False
385960,2,COMMUNITY_2,0.3777836561203003,False
836420,9,COMMUNITY_9,0.3776805102825165,False
674750,4,COMMUNITY_4,0.3774910271167755,False
1696670,4,COMMUNITY_4,0.3774195611476898,False
1654660,7,COMMUNITY_7,0.3773445188999176,False
534600,1,COMMUNITY_1,0.37731409072875977,False
2609060,2,COMMUNITY_2,0.37730032205581665,False
946350,1,COMMUNITY_1,0.37724292278289795,False
1005120,3,COMMUNITY_3,0.3772065341472626,False
920450,1,COMMUNITY_1,0.37704339623451233,False
2024390,9,COMMUNITY_9,0.37699583172798157,False
2130000,13,COMMUNITY_13,0.3767785429954529,False
2827610,3,COMMUNITY_3,0.37677687406539917,False
1399700,11,COMMUNITY_11,0.37672969698905945,False
406220,1,COMMUNITY_1,0.3765101730823517,False
2000330,9,COMMUNITY_9,0.3762902319431305,False
527450,1,COMMUNITY_1,0.3762529194355011,False
612380,2,COMMUNITY_2,0.37617960572242737,False
406110,2,COMMUNITY_2,0.3761691451072693,False
1495860,3,COMMUNITY_3,0.37610650062561035,False
1034810,2,COMMUNITY_2,0.3760986626148224,False
1189230,2,COMMUNITY_2,0.37603262066841125,False
655290,0,COMMUNITY_0,0.375975102186203,False
1078760,1,COMMUNITY_1,0.37586864829063416,False
273280,8,COMMUNITY_8,0.37536847591400146,False
940580,1,COMMUNITY_1,0.3750331997871399,False
606890,11,COMMUNITY_11,0.3750307261943817,False
1348390,9,COMMUNITY_9,0.37501755356788635,False
912910,2,COMMUNITY_2,0.37491655349731445,False
1861000,8,COMMUNITY_8,0.3748553991317749,False
423950,6,COMMUNITY_6,0.37476107478141785,False
2147950,1,COMMUNITY_1,0.3745063245296478,False
1248220,6,COMMUNITY_6,0.374409556388855,False
1741880,1,COMMUNITY_1,0.37436771392822266,False
1422430,10,COMMUNITY_10,0.3743249475955963,False
2174320,1,COMMUNITY_1,0.373881995677948,False
1708480,9,COMMUNITY_9,0.3738669157028198,False
3232040,1,COMMUNITY_1,0.3738572299480438,False
2898460,2,COMMUNITY_2,0.3738555908203125,False
592330,2,COMMUNITY_2,0.3736821413040161,False
2359170,2,COMMUNITY_2,0.3735177218914032,False
519540,2,COMMUNITY_2,0.37351658940315247,False
2295610,5,COMMUNITY_5,0.3734973669052124,False
477730,10,COMMUNITY_10,0.3734111785888672,False
576960,1,COMMUNITY_1,0.37332063913345337,False
1356480,2,COMMUNITY_2,0.3731851875782013,False
2341070,2,COMMUNITY_2,0.3731365203857422,False
262150,9,COMMUNITY_9,0.37308159470558167,False
218510,5,COMMUNITY_5,0.3730575442314148,False
1843940,2,COMMUNITY_2,0.3730369806289673,False
1080060,2,COMMUNITY_2,0.372940331697464,False
1057700,2,COMMUNITY_2,0.3729323148727417,False
1325270,2,COMMUNITY_2,0.37291669845581055,False
508540,0,COMMUNITY_0,0.37282559275627136,False
3229480,2,COMMUNITY_2,0.37278151512145996,False
346830,6,COMMUNITY_6,0.3726598918437958,False
2648050,3,COMMUNITY_3,0.3724118769168854,False
2595130,5,COMMUNITY_5,0.37231242656707764,False
1020540,9,COMMUNITY_9,0.37228184938430786,False
1897650,7,COMMUNITY_7,0.37227797508239746,False
3279100,5,COMMUNITY_5,0.3722084164619446,False
3356790,0,COMMUNITY_0,0.37213748693466187,False
1865370,1,COMMUNITY_1,0.3720870614051819,False
1411030,2,COMMUNITY_2,0.3720708191394806,False
2616450,13,COMMUNITY_13,0.3718659281730652,False
1769780,2,COMMUNITY_2,0.37158888578414917,False
967370,2,COMMUNITY_2,0.3714713156223297,False
1160020,8,COMMUNITY_8,0.37139999866485596,False
336670,10,COMMUNITY_10,0.3713569641113281,False
1207590,12,COMMUNITY_12,0.37098774313926697,False
573550,0,COMMUNITY_0,0.3708636164665222,False
1161870,10,COMMUNITY_10,0.37073057889938354,False
2063680,0,COMMUNITY_0,0.37072816491127014,False
426630,2,COMMUNITY_2,0.3707183301448822,False
2637070,2,COMMUNITY_2,0.37058964371681213,False
1428900,13,COMMUNITY_13,0.3705337941646576,False
457580,2,COMMUNITY_2,0.37052881717681885,False
514460,2,COMMUNITY_2,0.3704569339752197,False
628770,1,COMMUNITY_1,0.37036436796188354,False
2575060,10,COMMUNITY_10,0.3702320158481598,False
1630650,2,COMMUNITY_2,0.3701817989349365,False
419480,9,COMMUNITY_9,0.3701249063014984,False
502770,8,COMMUNITY_8,0.3700137436389923,False
746420,1,COMMUNITY_1,0.3700132369995117,False
289340,10,COMMUNITY_10,0.3698824346065521,False
1609230,0,COMMUNITY_0,0.3697998523712158,False
1092710,5,COMMUNITY_5,0.3697914779186249,False
454140,10,COMMUNITY_10,0.36972150206565857,False
2180700,10,COMMUNITY_10,0.3695697784423828,False
1220150,7,COMMUNITY_7,0.36954715847969055,False
3694360,2,COMMUNITY_2,0.36946165561676025,False
1634080,0,COMMUNITY_0,0.3694402873516083,False
3125250,2,COMMUNITY_2,0.36925557255744934,False
2141520,3,COMMUNITY_3,0.3691905438899994,False
568830,13,COMMUNITY_13,0.3691292405128479,False
336060,10,COMMUNITY_10,0.36909475922584534,False
917870,13,COMMUNITY_13,0.36885711550712585,False
788270,1,COMMUNITY_1,0.36880555748939514,False
428430,2,COMMUNITY_2,0.36870497465133667,False
342350,2,COMMUNITY_2,0.3686702847480774,False
705100,2,COMMUNITY_2,0.36854004859924316,False
1124080,2,COMMUNITY_2,0.368499219417572,False
844900,2,COMMUNITY_2,0.36849379539489746,False
809850,1,COMMUNITY_1,0.36847466230392456,False
17140,11,COMMUNITY_11,0.36847275495529175,False
467210,1,COMMUNITY_1,0.36838966608047485,False
3136020,1,COMMUNITY_1,0.3683869540691376,False
234390,1,COMMUNITY_1,0.3683721125125885,False
739970,2,COMMUNITY_2,0.36834895610809326,False
2218970,8,COMMUNITY_8,0.3681284189224243,False
3233950,2,COMMUNITY_2,0.3680603504180908,False
947600,10,COMMUNITY_10,0.36790913343429565,False
3269960,0,COMMUNITY_0,0.3678015470504761,False
1875530,2,COMMUNITY_2,0.3677966892719269,False
2901520,1,COMMUNITY_1,0.3677369952201843,False
2324940,1,COMMUNITY_1,0.3675743639469147,False
35000,6,COMMUNITY_6,0.3675178587436676,False
976920,2,COMMUNITY_2,0.3674016296863556,False
1363690,2,COMMUNITY_2,0.3670516312122345,False
2298690,1,COMMUNITY_1,0.366713285446167,False
1717570,1,COMMUNITY_1,0.3664802014827728,False
2348170,2,COMMUNITY_2,0.3664550185203552,False
2793960,6,COMMUNITY_6,0.36645257472991943,False
325090,4,COMMUNITY_4,0.36640775203704834,False
23490,0,COMMUNITY_0,0.3663461208343506,False
1290280,1,COMMUNITY_1,0.36631137132644653,False
2822370,7,COMMUNITY_7,0.36624711751937866,False
1417770,13,COMMUNITY_13,0.36597728729248047,False
849100,9,COMMUNITY_9,0.3659355044364929,False
1255650,4,COMMUNITY_4,0.36590367555618286,False
2756380,13,COMMUNITY_13,0.36587321758270264,False
989770,9,COMMUNITY_9,0.3657197058200836,False
2429210,1,COMMUNITY_1,0.36558616161346436,False
2161620,10,COMMUNITY_10,0.3654858469963074,False
490280,1,COMMUNITY_1,0.3654494285583496,False
1074180,10,COMMUNITY_10,0.3654400706291199,False
2256280,2,COMMUNITY_2,0.365331768989563,False
1816390,9,COMMUNITY_9,0.36519289016723633,False
990900,1,COMMUNITY_1,0.3650529086589813,False
818320,1,COMMUNITY_1,0.36499521136283875,False
1249040,7,COMMUNITY_7,0.364851176738739,False
3500070,2,COMMUNITY_2,0.3647909462451935,False
2228280,2,COMMUNITY_2,0.36463215947151184,False
579980,1,COMMUNITY_1,0.3645980954170227,False
1851000,1,COMMUNITY_1,0.36458301544189453,False
1603640,1,COMMUNITY_1,0.36440518498420715,False
1457620,13,COMMUNITY_13,0.3643808960914612,False
345650,1,COMMUNITY_1,0.3643788993358612,False
405640,0,COMMUNITY_0,0.3642525374889374,False
3028150,2,COMMUNITY_2,0.3641395568847656,False
1120890,2,COMMUNITY_2,0.3640259802341461,False
1737070,10,COMMUNITY_10,0.3640180826187134,False
2155480,2,COMMUNITY_2,0.3639124631881714,False
6810,10,COMMUNITY_10,0.3638889491558075,False
389440,1,COMMUNITY_1,0.363837867975235,False
2916210,7,COMMUNITY_7,0.36373576521873474,False
2360210,4,COMMUNITY_4,0.36348211765289307,False
2235150,1,COMMUNITY_1,0.36339861154556274,False
40350,5,COMMUNITY_5,0.3629648685455322,False
434530,2,COMMUNITY_2,0.36290043592453003,False
284910,6,COMMUNITY_6,0.3627917170524597,False
2394650,0,COMMUNITY_0,0.36270204186439514,False
1640630,7,COMMUNITY_7,0.36264923214912415,False
225000,5,COMMUNITY_5,0.3626044690608978,False
686870,2,COMMUNITY_2,0.3625245690345764,False
1951230,8,COMMUNITY_8,0.36234790086746216,False
3498580,2,COMMUNITY_2,0.3620469570159912,False
726830,8,COMMUNITY_8,0.3620063066482544,False
839630,2,COMMUNITY_2,0.36197543144226074,False
6000,4,COMMUNITY_4,0.3616815209388733,False
1457630,13,COMMUNITY_13,0.3615674376487732,False
2794610,13,COMMUNITY_13,0.3615323603153229,False
231060,5,COMMUNITY_5,0.3615230917930603,False
1239020,13,COMMUNITY_13,0.3615023195743561,False
2353760,10,COMMUNITY_10,0.3611445128917694,False
2510130,2,COMMUNITY_2,0.36108511686325073,False
499110,0,COMMUNITY_0,0.3610408306121826,False
688630,2,COMMUNITY_2,0.360990434885025,False
2550090,5,COMMUNITY_5,0.3608563542366028,False
31180,2,COMMUNITY_2,0.3608011305332184,False
2138700,8,COMMUNITY_8,0.36076274514198303,False
927250,6,COMMUNITY_6,0.3607490062713623,False
1159420,7,COMMUNITY_7,0.3605974018573761,False
2868430,10,COMMUNITY_10,0.3605530560016632,False
1159290,2,COMMUNITY_2,0.3604581654071808,False
595080,2,COMMUNITY_2,0.36035671830177307,False
622200,0,COMMUNITY_0,0.3603082299232483,False
496730,3,COMMUNITY_3,0.3602602779865265,False
1220260,2,COMMUNITY_2,0.3601432144641876,False
1035990,2,COMMUNITY_2,0.3601432144641876,False
711540,9,COMMUNITY_9,0.3601072430610657,False
1374930,1,COMMUNITY_1,0.36010587215423584,False
273570,1,COMMUNITY_1,0.35987627506256104,False
255070,11,COMMUNITY_11,0.3597225248813629,False
1354910,1,COMMUNITY_1,0.35949063301086426,False
691730,8,COMMUNITY_8,0.3594823181629181,False
1509040,1,COMMUNITY_1,0.3594721257686615,False
1144020,10,COMMUNITY_10,0.35935842990875244,False
1224690,13,COMMUNITY_13,0.3593246042728424,False
1926620,2,COMMUNITY_2,0.35932275652885437,False
402040,11,COMMUNITY_11,0.3590642213821411,False
732370,3,COMMUNITY_3,0.35903796553611755,False
1298140,4,COMMUNITY_4,0.3589553236961365,False
1901200,10,COMMUNITY_10,0.3587271571159363,False
3289090,13,COMMUNITY_13,0.3586460053920746,False
532170,6,COMMUNITY_6,0.3585846424102783,False
1000010,0,COMMUNITY_0,0.3585674464702606,False
2297010,9,COMMUNITY_9,0.35842224955558777,False
2412890,9,COMMUNITY_9,0.35842016339302063,False
2572560,8,COMMUNITY_8,0.3584134578704834,False
215510,1,COMMUNITY_1,0.35837194323539734,False
370280,1,COMMUNITY_1,0.3581984043121338,False
544920,6,COMMUNITY_6,0.35804033279418945,False
1133690,1,COMMUNITY_1,0.35796043276786804,False
832360,1,COMMUNITY_1,0.3576738238334656,False
1053390,8,COMMUNITY_8,0.35766303539276123,False
1163870,2,COMMUNITY_2,0.35760852694511414,False
1429850,0,COMMUNITY_0,0.35757729411125183,False
400360,8,COMMUNITY_8,0.3574298620223999,False
514830,10,COMMUNITY_10,0.35742923617362976,False
1221230,4,COMMUNITY_4,0.3574261963367462,False
282760,1,COMMUNITY_1,0.35729676485061646,False
317280,6,COMMUNITY_6,0.35724130272865295,False
2671210,2,COMMUNITY_2,0.35712236166000366,False
529640,7,COMMUNITY_7,0.3570735454559326,False
3219650,10,COMMUNITY_10,0.35692334175109863,False
1607200,9,COMMUNITY_9,0.3568271994590759,False
205610,9,COMMUNITY_9,0.35678619146347046,False
2185030,2,COMMUNITY_2,0.35672426223754883,False
2206270,4,COMMUNITY_4,0.35662931203842163,False
1770210,1,COMMUNITY_1,0.35653799772262573,False
2427100,5,COMMUNITY_5,0.3564625084400177,False
210470,11,COMMUNITY_11,0.3561875820159912,False
2094600,13,COMMUNITY_13,0.35615864396095276,False
484920,1,COMMUNITY_1,0.3561477065086365,False
667720,1,COMMUNITY_1,0.3561253845691681,False
496030,2,COMMUNITY_2,0.3560742735862732,False
325430,3,COMMUNITY_3,0.3559837341308594,False
1547860,0,COMMUNITY_0,0.3559795022010803,False
995900,2,COMMUNITY_2,0.3559677302837372,False
1461800,2,COMMUNITY_2,0.35593849420547485,False
863940,2,COMMUNITY_2,0.3559317886829376,False
1119840,1,COMMUNITY_1,0.3559218943119049,False
2379810,2,COMMUNITY_2,0.35590487718582153,False
1183470,9,COMMUNITY_9,0.3559012711048126,False
3306030,2,COMMUNITY_2,0.35580557584762573,False
2192900,7,COMMUNITY_7,0.3557916581630707,False
2720270,2,COMMUNITY_2,0.35575613379478455,False
554560,2,COMMUNITY_2,0.3557528257369995,False
1196390,2,COMMUNITY_2,0.3557528257369995,False
630870,2,COMMUNITY_2,0.3556760251522064,False
3334550,2,COMMUNITY_2,0.3556046783924103,False
755500,9,COMMUNITY_9,0.35540255904197693,False
1871580,10,COMMUNITY_10,0.3553714454174042,False
673850,3,COMMUNITY_3,0.3553647994995117,False
664830,5,COMMUNITY_5,0.3552171289920807,False
813540,10,COMMUNITY_10,0.3552092909812927,False
577670,10,COMMUNITY_10,0.35520023107528687,False
327670,1,COMMUNITY_1,0.35512956976890564,False
505070,1,COMMUNITY_1,0.3550358712673187,False
1171320,0,COMMUNITY_0,0.35501769185066223,False
697960,2,COMMUNITY_2,0.35500040650367737,False
3290040,2,COMMUNITY_2,0.35474714636802673,False
2549090,10,COMMUNITY_10,0.35469529032707214,False
1834500,0,COMMUNITY_0,0.3546152710914612,False
1115780,11,COMMUNITY_11,0.3545753061771393,False
440430,1,COMMUNITY_1,0.35450753569602966,False
1932160,2,COMMUNITY_2,0.3543687164783478,False
2191080,4,COMMUNITY_4,0.3543607294559479,False
700160,10,COMMUNITY_10,0.354314386844635,False
2456940,3,COMMUNITY_3,0.35417619347572327,False
1293230,1,COMMUNITY_1,0.3541593849658966,False
399810,7,COMMUNITY_7,0.35414671897888184,False
598060,4,COMMUNITY_4,0.35414576530456543,False
683600,7,COMMUNITY_7,0.3540418744087219,False
1076640,3,COMMUNITY_3,0.3539721369743347,False
248370,2,COMMUNITY_2,0.3539063036441803,False
1344840,1,COMMUNITY_1,0.353823721408844,False
1456820,2,COMMUNITY_2,0.35371488332748413,False
349250,4,COMMUNITY_4,0.3535406291484833,False
496980,7,COMMUNITY_7,0.3535124361515045,False
488580,2,COMMUNITY_2,0.35345274209976196,False
31800,11,COMMUNITY_11,0.3533564507961273,False
9180,5,COMMUNITY_5,0.3533194363117218,False
889530,3,COMMUNITY_3,0.3533152937889099,False
2085040,2,COMMUNITY_2,0.3532295227050781,False
2553050,6,COMMUNITY_6,0.35322052240371704,False
1490410,4,COMMUNITY_4,0.35320743918418884,False
422900,1,COMMUNITY_1,0.3531840145587921,False
1511090,7,COMMUNITY_7,0.3529307246208191,False
1114650,3,COMMUNITY_3,0.35290849208831787,False
1570830,2,COMMUNITY_2,0.3528711497783661,False
1444650,2,COMMUNITY_2,0.3528295159339905,False
2693710,1,COMMUNITY_1,0.35280129313468933,False
2325060,4,COMMUNITY_4,0.35265639424324036,False
1634100,6,COMMUNITY_6,0.3525531589984894,False
356430,10,COMMUNITY_10,0.3525090515613556,False
3125890,10,COMMUNITY_10,0.35245588421821594,False
1702180,6,COMMUNITY_6,0.35239383578300476,False
2776940,2,COMMUNITY_2,0.3522456884384155,False
530620,0,COMMUNITY_0,0.3522327244281769,False
2725200,1,COMMUNITY_1,0.3518970310688019,False
420930,1,COMMUNITY_1,0.3518940210342407,False
457860,10,COMMUNITY_10,0.3517656624317169,False
2610690,2,COMMUNITY_2,0.3517645001411438,False
525680,10,COMMUNITY_10,0.3517186939716339,False
539270,2,COMMUNITY_2,0.3516177535057068,False
322850,7,COMMUNITY_7,0.3516029715538025,False
1649010,11,COMMUNITY_11,0.3515733778476715,False
2128140,10,COMMUNITY_10,0.3515596091747284,False
878670,11,COMMUNITY_11,0.3515569865703583,False
783130,1,COMMUNITY_1,0.35145267844200134,False
946720,1,COMMUNITY_1,0.3513564467430115,False
1608450,10,COMMUNITY_10,0.35122916102409363,False
46260,0,COMMUNITY_0,0.35100844502449036,False
2108950,1,COMMUNITY_1,0.3509640395641327,False
485980,3,COMMUNITY_3,0.3509106934070587,False
2067790,2,COMMUNITY_2,0.3508881628513336,False
283980,1,COMMUNITY_1,0.35088518261909485,False
1012840,11,COMMUNITY_11,0.3507232666015625,False
203630,11,COMMUNITY_11,0.3507223427295685,False
2415240,1,COMMUNITY_1,0.3506404161453247,False
3114330,9,COMMUNITY_9,0.3505387604236603,False
2561360,9,COMMUNITY_9,0.3504396677017212,False
422920,10,COMMUNITY_10,0.35038888454437256,False
1732060,7,COMMUNITY_7,0.35022786259651184,False
1061610,1,COMMUNITY_1,0.35017719864845276,False
1337280,4,COMMUNITY_4,0.35015159845352173,False
793350,4,COMMUNITY_4,0.3499700725078583,False
271850,10,COMMUNITY_10,0.3499658405780792,False
783050,1,COMMUNITY_1,0.34991493821144104,False
324680,11,COMMUNITY_11,0.3499036431312561,False
691960,1,COMMUNITY_1,0.34978151321411133,False
762440,1,COMMUNITY_1,0.34978151321411133,False
2747040,2,COMMUNITY_2,0.34974032640457153,False
566190,1,COMMUNITY_1,0.34960687160491943,False
674560,2,COMMUNITY_2,0.3495917022228241,False
2318430,1,COMMUNITY_1,0.3495587408542633,False
1937570,2,COMMUNITY_2,0.3494987189769745,False
486310,9,COMMUNITY_9,0.34948888421058655,False
2626620,13,COMMUNITY_13,0.3493570387363434,False
2814610,1,COMMUNITY_1,0.3493139147758484,False
618950,1,COMMUNITY_1,0.34898263216018677,False
1984020,8,COMMUNITY_8,0.3489765524864197,False
1588910,1,COMMUNITY_1,0.34886106848716736,False
1660910,1,COMMUNITY_1,0.34882083535194397,False
2378710,2,COMMUNITY_2,0.3487503230571747,False
635850,8,COMMUNITY_8,0.34872230887413025,False
365620,13,COMMUNITY_13,0.3486606776714325,False
1669490,10,COMMUNITY_10,0.34824997186660767,False
1514930,1,COMMUNITY_1,0.34814485907554626,False
605180,13,COMMUNITY_13,0.348137766122818,False
460470,4,COMMUNITY_4,0.34809646010398865,False
1105040,10,COMMUNITY_10,0.3480580747127533,False
669440,2,COMMUNITY_2,0.3480244278907776,False
1433570,7,COMMUNITY_7,0.3479492664337158,False
1550730,9,COMMUNITY_9,0.3478325605392456,False
1686290,10,COMMUNITY_10,0.3477877378463745,False
506500,1,COMMUNITY_1,0.34778401255607605,False
1051200,5,COMMUNITY_5,0.34771060943603516,False
337760,7,COMMUNITY_7,0.34770867228507996,False
1962430,10,COMMUNITY_10,0.34748414158821106,False
1173240,2,COMMUNITY_2,0.3474177420139313,False
2304180,1,COMMUNITY_1,0.3472106456756592,False
1392820,1,COMMUNITY_1,0.34718599915504456,False
999220,1,COMMUNITY_1,0.3471195697784424,False
1574700,7,COMMUNITY_7,0.34704115986824036,False
2503710,3,COMMUNITY_3,0.3470318615436554,False
215530,12,COMMUNITY_12,0.3469879925251007,False
207320,12,COMMUNITY_12,0.3466581702232361,False
1071680,10,COMMUNITY_10,0.3466565012931824,False
283960,1,COMMUNITY_1,0.3466013967990875,False
493770,2,COMMUNITY_2,0.34654977917671204,False
724580,1,COMMUNITY_1,0.34647443890571594,False
611120,2,COMMUNITY_2,0.3463931381702423,False
2856370,6,COMMUNITY_6,0.3463844954967499,False
1823390,4,COMMUNITY_4,0.3463192582130432,False
271500,4,COMMUNITY_4,0.34612351655960083,False
1562860,4,COMMUNITY_4,0.3460440933704376,False
2507640,0,COMMUNITY_0,0.34596729278564453,False
1730590,1,COMMUNITY_1,0.34596186876296997,False
344500,1,COMMUNITY_1,0.34589239954948425,False
1990050,1,COMMUNITY_1,0.34565502405166626,False
1402020,2,COMMUNITY_2,0.34565404057502747,False
539290,2,COMMUNITY_2,0.34551239013671875,False
1081260,2,COMMUNITY_2,0.34549960494041443,False
1019550,7,COMMUNITY_7,0.3454945385456085,False
2301370,2,COMMUNITY_2,0.345492422580719,False
1372910,2,COMMUNITY_2,0.34546586871147156,False
1049890,9,COMMUNITY_9,0.34545356035232544,False
562500,1,COMMUNITY_1,0.34543025493621826,False
1546400,9,COMMUNITY_9,0.3453652858734131,False
1567860,13,COMMUNITY_13,0.3453637659549713,False
33540,0,COMMUNITY_0,0.3453453481197357,False
1664200,1,COMMUNITY_1,0.3452938199043274,False
1573590,5,COMMUNITY_5,0.345293253660202,False
671970,7,COMMUNITY_7,0.34526339173316956,False
355680,1,COMMUNITY_1,0.3452516496181488,False
1449200,9,COMMUNITY_9,0.34519046545028687,False
458490,2,COMMUNITY_2,0.34511828422546387,False
686110,2,COMMUNITY_2,0.3450257182121277,False
801600,13,COMMUNITY_13,0.3449369966983795,False
1350840,2,COMMUNITY_2,0.3448999226093292,False
615770,0,COMMUNITY_0,0.34483763575553894,False
354380,4,COMMUNITY_4,0.3448229432106018,False
2178990,1,COMMUNITY_1,0.3448181450366974,False
2941730,4,COMMUNITY_4,0.34481436014175415,False
357780,7,COMMUNITY_7,0.3447972238063812,False
496760,2,COMMUNITY_2,0.3446936309337616,False
2232600,2,COMMUNITY_2,0.3446677625179291,False
1446850,4,COMMUNITY_4,0.34454432129859924,False
1683380,7,COMMUNITY_7,0.3444960415363312,False
2599950,10,COMMUNITY_10,0.3444632291793823,False
1325030,2,COMMUNITY_2,0.3443964123725891,False
2984660,3,COMMUNITY_3,0.3443394899368286,False
2424660,5,COMMUNITY_5,0.3442208468914032,False
1171270,4,COMMUNITY_4,0.34421271085739136,False
949480,1,COMMUNITY_1,0.3440604507923126,False
1532650,1,COMMUNITY_1,0.3440041244029999,False
2831550,2,COMMUNITY_2,0.343953013420105,False
1550510,1,COMMUNITY_1,0.3438510596752167,False
1122100,3,COMMUNITY_3,0.3437732458114624,False
1492230,5,COMMUNITY_5,0.34376782178878784,False
897610,5,COMMUNITY_5,0.34374406933784485,False
853550,1,COMMUNITY_1,0.34365326166152954,False
464400,8,COMMUNITY_8,0.34360846877098083,False
1511670,10,COMMUNITY_10,0.34359341859817505,False
1739000,4,COMMUNITY_4,0.3435671925544739,False
1430760,7,COMMUNITY_7,0.3434087932109833,False
1907720,10,COMMUNITY_10,0.34329167008399963,False
427190,2,COMMUNITY_2,0.34313085675239563,False
1160950,1,COMMUNITY_1,0.3428798019886017,False
1884960,1,COMMUNITY_1,0.3428696095943451,False
2113770,2,COMMUNITY_2,0.3428453803062439,False
910830,5,COMMUNITY_5,0.3427848219871521,False
3168920,2,COMMUNITY_2,0.34266504645347595,False
885150,3,COMMUNITY_3,0.3425782322883606,False
329000,3,COMMUNITY_3,0.34236860275268555,False
2383690,9,COMMUNITY_9,0.34230324625968933,False
339120,7,COMMUNITY_7,0.34203386306762695,False
1548680,8,COMMUNITY_8,0.3419714868068695,False
2154230,5,COMMUNITY_5,0.3419537842273712,False
397270,1,COMMUNITY_1,0.34171241521835327,False
1354990,2,COMMUNITY_2,0.34161072969436646,False
673900,2,COMMUNITY_2,0.34138819575309753,False
629390,2,COMMUNITY_2,0.341376930475235,False
689980,3,COMMUNITY_3,0.3413636386394501,False
946030,2,COMMUNITY_2,0.34127432107925415,False
2802110,1,COMMUNITY_1,0.34112927317619324,False
2654470,4,COMMUNITY_4,0.3411179184913635,False
2529080,10,COMMUNITY_10,0.3409823775291443,False
879050,2,COMMUNITY_2,0.34094205498695374,False
1226310,2,COMMUNITY_2,0.34092581272125244,False
1892370,9,COMMUNITY_9,0.34079432487487793,False
2412490,1,COMMUNITY_1,0.3407619297504425,False
1335530,1,COMMUNITY_1,0.3406763970851898,False
1565660,2,COMMUNITY_2,0.34057796001434326,False
1337890,1,COMMUNITY_1,0.34055572748184204,False
875740,10,COMMUNITY_10,0.34055447578430176,False
2138150,13,COMMUNITY_13,0.3404250741004944,False
864060,1,COMMUNITY_1,0.34033089876174927,False
1008710,10,COMMUNITY_10,0.34031546115875244,False
2143170,8,COMMUNITY_8,0.3402418792247772,False
1155330,9,COMMUNITY_9,0.34022438526153564,False
1497360,3,COMMUNITY_3,0.3401748538017273,False
6220,13,COMMUNITY_13,0.34015554189682007,False
3172450,4,COMMUNITY_4,0.34008321166038513,False
1236780,4,COMMUNITY_4,0.3400127589702606,False
3171460,2,COMMUNITY_2,0.3399984836578369,False
2234150,7,COMMUNITY_7,0.33994820713996887,False
2806230,3,COMMUNITY_3,0.33992448449134827,False
521200,13,COMMUNITY_13,0.3399243950843811,False
1445440,7,COMMUNITY_7,0.33989712595939636,False
2027770,2,COMMUNITY_2,0.33987563848495483,False
312840,1,COMMUNITY_1,0.3396143913269043,False
1949960,2,COMMUNITY_2,0.33957114815711975,False
1976980,13,COMMUNITY_13,0.3394720256328583,False
260570,12,COMMUNITY_12,0.33933916687965393,False
2772670,13,COMMUNITY_13,0.33929309248924255,False
212630,6,COMMUNITY_6,0.33925971388816833,False
1274600,2,COMMUNITY_2,0.3391588032245636,False
1272030,2,COMMUNITY_2,0.3390662968158722,False
1282890,2,COMMUNITY_2,0.3390623927116394,False
377520,7,COMMUNITY_7,0.33878999948501587,False
831660,1,COMMUNITY_1,0.33877795934677124,False
939330,9,COMMUNITY_9,0.3385366201400757,False
344810,2,COMMUNITY_2,0.3384762704372406,False
2516590,13,COMMUNITY_13,0.338386207818985,False
1867510,3,COMMUNITY_3,0.3383403420448303,False
293160,2,COMMUNITY_2,0.3381898105144501,False
385800,5,COMMUNITY_5,0.33788663148880005,False
2276980,1,COMMUNITY_1,0.3378647267818451,False
3069040,10,COMMUNITY_10,0.33772048354148865,False
416210,1,COMMUNITY_1,0.3376726806163788,False
319910,1,COMMUNITY_1,0.3375709354877472,False
1428470,10,COMMUNITY_10,0.3375215232372284,False
3135930,1,COMMUNITY_1,0.3374375104904175,False
1018800,0,COMMUNITY_0,0.33742639422416687,False
1930,11,COMMUNITY_11,0.3373090922832489,False
1743080,1,COMMUNITY_1,0.3369971811771393,False
3250970,13,COMMUNITY_13,0.3369922637939453,False
909660,9,COMMUNITY_9,0.3369866609573364,False
10100,10,COMMUNITY_10,0.3369731903076172,False
1072450,6,COMMUNITY_6,0.33674633502960205,False
1021210,1,COMMUNITY_1,0.33647313714027405,False
351800,5,COMMUNITY_5,0.33640173077583313,False
9760,11,COMMUNITY_11,0.33635854721069336,False
1161490,8,COMMUNITY_8,0.33634084463119507,False
272990,13,COMMUNITY_13,0.3363233506679535,False
338000,10,COMMUNITY_10,0.33589884638786316,False
2825300,2,COMMUNITY_2,0.33583754301071167,False
3536130,1,COMMUNITY_1,0.3358301520347595,False
1026420,7,COMMUNITY_7,0.3358169496059418,False
311860,3,COMMUNITY_3,0.33579370379447937,False
745010,3,COMMUNITY_3,0.33572763204574585,False
3052520,2,COMMUNITY_2,0.3356814980506897,False
1265780,1,COMMUNITY_1,0.33543306589126587,False
3376080,9,COMMUNITY_9,0.33542197942733765,False
1262890,9,COMMUNITY_9,0.33530038595199585,False
345220,13,COMMUNITY_13,0.33521145582199097,False
282400,10,COMMUNITY_10,0.33517852425575256,False
491790,2,COMMUNITY_2,0.3351629972457886,False
1736400,10,COMMUNITY_10,0.33511877059936523,False
1038810,9,COMMUNITY_9,0.3350970447063446,False
1024330,2,COMMUNITY_2,0.33502933382987976,False
791330,10,COMMUNITY_10,0.3350287079811096,False
1917920,10,COMMUNITY_10,0.3348097801208496,False
1986840,2,COMMUNITY_2,0.33471232652664185,False
1948450,1,COMMUNITY_1,0.33467310667037964,False
6370,0,COMMUNITY_0,0.33464697003364563,False
1491440,10,COMMUNITY_10,0.33450329303741455,False
1803960,2,COMMUNITY_2,0.3344925343990326,False
2986370,2,COMMUNITY_2,0.3342643082141876,False
1750030,10,COMMUNITY_10,0.33419641852378845,False
501280,2,COMMUNITY_2,0.33412429690361023,False
1686870,2,COMMUNITY_2,0.3340282142162323,False
2737980,2,COMMUNITY_2,0.33393943309783936,False
866510,9,COMMUNITY_9,0.333922415971756,False
508300,1,COMMUNITY_1,0.3338048458099365,False
499930,2,COMMUNITY_2,0.3337036073207855,False
1265570,0,COMMUNITY_0,0.33369651436805725,False
2891870,2,COMMUNITY_2,0.33361852169036865,False
847110,9,COMMUNITY_9,0.3336130976676941,False
1462470,1,COMMUNITY_1,0.33356863260269165,False
593960,4,COMMUNITY_4,0.33348554372787476,False
734910,1,COMMUNITY_1,0.33341553807258606,False
263760,2,COMMUNITY_2,0.33338162302970886,False
307110,9,COMMUNITY_9,0.3332393765449524,False
2353340,2,COMMUNITY_2,0.33323562145233154,False
574740,6,COMMUNITY_6,0.33304744958877563,False
1096550,10,COMMUNITY_10,0.3329218924045563,False
2124470,2,COMMUNITY_2,0.33279699087142944,False
1840660,10,COMMUNITY_10,0.3327811360359192,False
555970,7,COMMUNITY_7,0.33274680376052856,False
1118240,12,COMMUNITY_12,0.33267930150032043,False
1341170,7,COMMUNITY_7,0.332488089799881,False
1938050,2,COMMUNITY_2,0.3323999047279358,False
1053710,2,COMMUNITY_2,0.3323524594306946,False
2413830,1,COMMUNITY_1,0.3323475122451782,False
2429310,2,COMMUNITY_2,0.3322826027870178,False
2303740,0,COMMUNITY_0,0.33216220140457153,False
300620,2,COMMUNITY_2,0.3319793939590454,False
864700,7,COMMUNITY_7,0.3315736949443817,False
2095890,10,COMMUNITY_10,0.33139386773109436,False
2330870,10,COMMUNITY_10,0.3313922882080078,False
1253610,1,COMMUNITY_1,0.3313268721103668,False
461840,1,COMMUNITY_1,0.33130747079849243,False
1604000,1,COMMUNITY_1,0.3312072157859802,False
1917850,10,COMMUNITY_10,0.3311184048652649,False
2940890,1,COMMUNITY_1,0.3310088813304901,False
221020,1,COMMUNITY_1,0.33086100220680237,False
1166290,1,COMMUNITY_1,0.3308217227458954,False
3118290,1,COMMUNITY_1,0.3308078944683075,False
995660,2,COMMUNITY_2,0.3307766616344452,False
231200,1,COMMUNITY_1,0.33075571060180664,False
1728520,3,COMMUNITY_3,0.3304988145828247,False
657230,3,COMMUNITY_3,0.3303552567958832,False
1625720,1,COMMUNITY_1,0.3302512764930725,False
1471410,2,COMMUNITY_2,0.33025050163269043,False
3122150,2,COMMUNITY_2,0.3302362263202667,False
2919560,0,COMMUNITY_0,0.3301520049571991,False
1870140,3,COMMUNITY_3,0.33010244369506836,False
569720,5,COMMUNITY_5,0.3300384283065796,False
1089790,13,COMMUNITY_13,0.32995468378067017,False
836770,2,COMMUNITY_2,0.32995450496673584,False
809310,1,COMMUNITY_1,0.3298746943473816,False
1225780,4,COMMUNITY_4,0.3297925293445587,False
1114430,10,COMMUNITY_10,0.32956960797309875,False
330390,3,COMMUNITY_3,0.3295544385910034,False
281640,0,COMMUNITY_0,0.32950544357299805,False
40,1,COMMUNITY_1,0.32933467626571655,False
871510,2,COMMUNITY_2,0.3293211758136749,False
2515070,10,COMMUNITY_10,0.32930251955986023,False
2062690,2,COMMUNITY_2,0.3292038142681122,False
461620,1,COMMUNITY_1,0.3291527330875397,False
1503790,3,COMMUNITY_3,0.32913604378700256,False
916380,2,COMMUNITY_2,0.32906100153923035,False
1419330,2,COMMUNITY_2,0.32899224758148193,False
546050,2,COMMUNITY_2,0.32893097400665283,False
844330,6,COMMUNITY_6,0.32892388105392456,False
317360,2,COMMUNITY_2,0.32889074087142944,False
1315020,1,COMMUNITY_1,0.32888439297676086,False
2476490,9,COMMUNITY_9,0.32862287759780884,False
888530,7,COMMUNITY_7,0.3286072611808777,False
1173200,5,COMMUNITY_5,0.3285812437534332,False
828580,5,COMMUNITY_5,0.3285449147224426,False
98610,3,COMMUNITY_3,0.3282180726528168,False
2942050,2,COMMUNITY_2,0.328197181224823,False
286480,10,COMMUNITY_10,0.32811951637268066,False
298480,1,COMMUNITY_1,0.32794901728630066,False
1111460,9,COMMUNITY_9,0.3279179036617279,False
2102450,1,COMMUNITY_1,0.3278715908527374,False
2940490,9,COMMUNITY_9,0.3277778923511505,False
3383700,4,COMMUNITY_4,0.3277735710144043,False
710640,2,COMMUNITY_2,0.32775574922561646,False
3001900,2,COMMUNITY_2,0.32774049043655396,False
1043250,1,COMMUNITY_1,0.3275361955165863,False
55140,2,COMMUNITY_2,0.32728320360183716,False
368390,1,COMMUNITY_1,0.32720258831977844,False
1738990,12,COMMUNITY_12,0.3271147310733795,False
2479000,3,COMMUNITY_3,0.32706889510154724,False
1148560,3,COMMUNITY_3,0.3267742693424225,False
3060170,2,COMMUNITY_2,0.3266741633415222,False
1112790,5,COMMUNITY_5,0.32637399435043335,False
1289010,13,COMMUNITY_13,0.3263453543186188,False
2966850,2,COMMUNITY_2,0.3263223469257355,False
2825110,6,COMMUNITY_6,0.3262075185775757,False
1108830,1,COMMUNITY_1,0.3259753882884979,False
1225070,1,COMMUNITY_1,0.3256763219833374,False
793600,2,COMMUNITY_2,0.32566720247268677,False
1002430,2,COMMUNITY_2,0.32561251521110535,False
2678990,1,COMMUNITY_1,0.32555699348449707,False
228760,0,COMMUNITY_0,0.32546141743659973,False
1580520,5,COMMUNITY_5,0.32543131709098816,False
333600,5,COMMUNITY_5,0.3254270553588867,False
965010,3,COMMUNITY_3,0.32541170716285706,False
354430,4,COMMUNITY_4,0.32533279061317444,False
25980,9,COMMUNITY_9,0.32517391443252563,False
2778430,3,COMMUNITY_3,0.32515716552734375,False
900010,1,COMMUNITY_1,0.32511937618255615,False
1394100,1,COMMUNITY_1,0.32492318749427795,False
32120,2,COMMUNITY_2,0.3248346447944641,False
2348680,1,COMMUNITY_1,0.3247924745082855,False
1428560,13,COMMUNITY_13,0.32479211688041687,False
1071140,10,COMMUNITY_10,0.324743390083313,False
988340,2,COMMUNITY_2,0.32471731305122375,False
1356180,7,COMMUNITY_7,0.3246516287326813,False
1895350,1,COMMUNITY_1,0.3246280252933502,False
712670,1,COMMUNITY_1,0.32454684376716614,False
1038440,2,COMMUNITY_2,0.3244791030883789,False
1781030,1,COMMUNITY_1,0.3243809640407562,False
3718700,2,COMMUNITY_2,0.32435643672943115,False
338160,1,COMMUNITY_1,0.3242260813713074,False
1443440,0,COMMUNITY_0,0.3242035210132599,False
1295790,4,COMMUNITY_4,0.3241517245769501,False
754530,9,COMMUNITY_9,0.3240646719932556,False
2609610,9,COMMUNITY_9,0.3238004148006439,False
3391050,2,COMMUNITY_2,0.32377374172210693,False
438920,9,COMMUNITY_9,0.32376188039779663,False
2198830,1,COMMUNITY_1,0.3237261474132538,False
729000,5,COMMUNITY_5,0.32364457845687866,False
824550,9,COMMUNITY_9,0.3236333131790161,False
696160,2,COMMUNITY_2,0.323574423789978,False
2064150,2,COMMUNITY_2,0.3235667645931244,False
2999250,2,COMMUNITY_2,0.3233083188533783,False
1087810,2,COMMUNITY_2,0.3233010470867157,False
2538910,13,COMMUNITY_13,0.3231673538684845,False
1450120,1,COMMUNITY_1,0.323142409324646,False
280740,2,COMMUNITY_2,0.3230908215045929,False
1055990,9,COMMUNITY_9,0.32306358218193054,False
1273260,1,COMMUNITY_1,0.3229270577430725,False
2849680,1,COMMUNITY_1,0.32288646697998047,False
2020500,2,COMMUNITY_2,0.3228462338447571,False
1152300,6,COMMUNITY_6,0.3227684199810028,False
1976150,1,COMMUNITY_1,0.3227650225162506,False
2661160,1,COMMUNITY_1,0.32267317175865173,False
458030,2,COMMUNITY_2,0.3226068615913391,False
3218880,4,COMMUNITY_4,0.3225833773612976,False
2134030,1,COMMUNITY_1,0.32239386439323425,False
620220,1,COMMUNITY_1,0.3221591114997864,False
556090,5,COMMUNITY_5,0.32196754217147827,False
1272450,2,COMMUNITY_2,0.32186397910118103,False
305260,3,COMMUNITY_3,0.3218379020690918,False
2093920,7,COMMUNITY_7,0.32180795073509216,False
835650,11,COMMUNITY_11,0.3217541575431824,False
1418360,1,COMMUNITY_1,0.32173672318458557,False
1230800,9,COMMUNITY_9,0.3216143846511841,False
832770,1,COMMUNITY_1,0.32159721851348877,False
1448530,13,COMMUNITY_13,0.3215811252593994,False
2801930,5,COMMUNITY_5,0.3215753436088562,False
832540,2,COMMUNITY_2,0.321559339761734,False
2461430,4,COMMUNITY_4,0.32147008180618286,False
363680,9,COMMUNITY_9,0.32132792472839355,False
2905790,7,COMMUNITY_7,0.32130998373031616,False
381120,1,COMMUNITY_1,0.3211784362792969,False
2272250,9,COMMUNITY_9,0.3210721015930176,False
964440,9,COMMUNITY_9,0.32101577520370483,False
2278630,4,COMMUNITY_4,0.3209971487522125,False
913720,1,COMMUNITY_1,0.32091793417930603,False
506540,6,COMMUNITY_6,0.32091230154037476,False
1271750,2,COMMUNITY_2,0.3206956088542938,False
2201710,9,COMMUNITY_9,0.320685476064682,False
708760,2,COMMUNITY_2,0.32062724232673645,False
37210,3,COMMUNITY_3,0.3205465078353882,False
387860,1,COMMUNITY_1,0.3203991949558258,False
936160,6,COMMUNITY_6,0.3203691244125366,False
1435310,10,COMMUNITY_10,0.32014989852905273,False
345010,9,COMMUNITY_9,0.32013005018234253,False
1232570,10,COMMUNITY_10,0.3200499713420868,False
113420,12,COMMUNITY_12,0.31997042894363403,False
397420,3,COMMUNITY_3,0.31994491815567017,False
386090,10,COMMUNITY_10,0.3198317587375641,False
2595640,1,COMMUNITY_1,0.3197948932647705,False
1058650,10,COMMUNITY_10,0.3197442591190338,False
2487070,10,COMMUNITY_10,0.3197126090526581,False
1182370,2,COMMUNITY_2,0.319636732339859,False
294810,9,COMMUNITY_9,0.3196364641189575,False
1028860,7,COMMUNITY_7,0.31960487365722656,False
3177070,4,COMMUNITY_4,0.319572776556015,False
2322440,0,COMMUNITY_0,0.3195030689239502,False
518030,10,COMMUNITY_10,0.319411039352417,False
562410,10,COMMUNITY_10,0.31917136907577515,False
1552810,10,COMMUNITY_10,0.3191263973712921,False
490080,1,COMMUNITY_1,0.318903386592865,False
1354230,4,COMMUNITY_4,0.3187773823738098,False
1996210,10,COMMUNITY_10,0.31839612126350403,False
1997660,10,COMMUNITY_10,0.3183611035346985,False
963770,1,COMMUNITY_1,0.3183489739894867,False
2473640,10,COMMUNITY_10,0.31833910942077637,False
1213230,1,COMMUNITY_1,0.318335622549057,False
115300,9,COMMUNITY_9,0.3182058334350586,False
2424390,2,COMMUNITY_2,0.31805816292762756,False
2717850,4,COMMUNITY_4,0.31803643703460693,False
493600,2,COMMUNITY_2,0.31801924109458923,False
1160500,0,COMMUNITY_0,0.3179904520511627,False
391170,3,COMMUNITY_3,0.3179129660129547,False
887060,7,COMMUNITY_7,0.31790390610694885,False
1610120,2,COMMUNITY_2,0.3178878724575043,False
3677410,2,COMMUNITY_2,0.3176511228084564,False
719730,13,COMMUNITY_13,0.3175519108772278,False
3304770,2,COMMUNITY_2,0.3174816966056824,False
2995310,9,COMMUNITY_9,0.3173171281814575,False
1461980,2,COMMUNITY_2,0.31731194257736206,False
893460,13,COMMUNITY_13,0.31726309657096863,False
2385720,2,COMMUNITY_2,0.3169139623641968,False
1986040,1,COMMUNITY_1,0.3167133033275604,False
2803360,4,COMMUNITY_4,0.3165505528450012,False
521560,1,COMMUNITY_1,0.316531777381897,False
1052990,1,COMMUNITY_1,0.3163858950138092,False
332200,0,COMMUNITY_0,0.3163670599460602,False
609920,2,COMMUNITY_2,0.3163650631904602,False
1777620,9,COMMUNITY_9,0.3163045048713684,False
1592640,2,COMMUNITY_2,0.31617271900177,False
1829520,2,COMMUNITY_2,0.3161158263683319,False
842640,7,COMMUNITY_7,0.31608209013938904,False
946040,1,COMMUNITY_1,0.31601080298423767,False
3126470,2,COMMUNITY_2,0.31601041555404663,False
574150,2,COMMUNITY_2,0.3160048723220825,False
2010530,2,COMMUNITY_2,0.3159649670124054,False
3468160,2,COMMUNITY_2,0.3159565329551697,False
2950480,2,COMMUNITY_2,0.3157908320426941,False
1571440,4,COMMUNITY_4,0.31577107310295105,False
32770,13,COMMUNITY_13,0.3157608211040497,False
1507120,13,COMMUNITY_13,0.3156614303588867,False
348540,2,COMMUNITY_2,0.31549227237701416,False
2657120,3,COMMUNITY_3,0.3154813051223755,False
2710900,5,COMMUNITY_5,0.31534844636917114,False
2916170,13,COMMUNITY_13,0.3152562081813812,False
1224700,10,COMMUNITY_10,0.3149808943271637,False
1004270,1,COMMUNITY_1,0.3147880733013153,False
2229890,13,COMMUNITY_13,0.31474876403808594,False
388620,3,COMMUNITY_3,0.31474465131759644,False
1423370,7,COMMUNITY_7,0.31459206342697144,False
1121530,2,COMMUNITY_2,0.3145698010921478,False
1286340,10,COMMUNITY_10,0.314462810754776,False
908310,13,COMMUNITY_13,0.31434598565101624,False
889710,0,COMMUNITY_0,0.3143317699432373,False
222420,9,COMMUNITY_9,0.31429100036621094,False
1481080,2,COMMUNITY_2,0.31418073177337646,False
2098090,1,COMMUNITY_1,0.31405001878738403,False
3509620,4,COMMUNITY_4,0.31395724415779114,False
1688320,3,COMMUNITY_3,0.3139551877975464,False
1629830,2,COMMUNITY_2,0.31393754482269287,False
2073220,2,COMMUNITY_2,0.31393295526504517,False
411320,0,COMMUNITY_0,0.31388816237449646,False
558340,1,COMMUNITY_1,0.3138752281665802,False
3089150,3,COMMUNITY_3,0.31383103132247925,False
1853830,1,COMMUNITY_1,0.313780277967453,False
2553710,10,COMMUNITY_10,0.31376713514328003,False
1967450,13,COMMUNITY_13,0.313763827085495,False
598880,1,COMMUNITY_1,0.31365296244621277,False
597760,1,COMMUNITY_1,0.31357401609420776,False
2877540,4,COMMUNITY_4,0.31337133049964905,False
3211690,3,COMMUNITY_3,0.31335148215293884,False
462770,0,COMMUNITY_0,0.31332042813301086,False
2967920,3,COMMUNITY_3,0.3133030831813812,False
516670,5,COMMUNITY_5,0.31310054659843445,False
214790,4,COMMUNITY_4,0.3130216598510742,False
2907010,1,COMMUNITY_1,0.31299829483032227,False
856100,2,COMMUNITY_2,0.31298673152923584,False
3457180,7,COMMUNITY_7,0.3129313886165619,False
398850,1,COMMUNITY_1,0.31245532631874084,False
2351860,3,COMMUNITY_3,0.31231698393821716,False
1161900,2,COMMUNITY_2,0.312210351228714,False
1720090,8,COMMUNITY_8,0.31201380491256714,False
1587540,6,COMMUNITY_6,0.31187713146209717,False
2356470,4,COMMUNITY_4,0.3117811977863312,False
540360,5,COMMUNITY_5,0.31170713901519775,False
3389630,2,COMMUNITY_2,0.311638742685318,False
733520,8,COMMUNITY_8,0.3115387260913849,False
3276490,2,COMMUNITY_2,0.311489075422287,False
1374990,8,COMMUNITY_8,0.31142860651016235,False
2532430,13,COMMUNITY_13,0.31134194135665894,False
386930,2,COMMUNITY_2,0.311290442943573,False
2757720,1,COMMUNITY_1,0.31118282675743103,False
791500,7,COMMUNITY_7,0.3111676275730133,False
1983710,5,COMMUNITY_5,0.31116175651550293,False
334310,9,COMMUNITY_9,0.3109922409057617,False
3464510,2,COMMUNITY_2,0.31076234579086304,False
2989250,9,COMMUNITY_9,0.3105938732624054,False
1189100,1,COMMUNITY_1,0.31053847074508667,False
1185520,4,COMMUNITY_4,0.3104430139064789,False
416060,3,COMMUNITY_3,0.310407817363739,False
1680700,8,COMMUNITY_8,0.31037914752960205,False
491470,10,COMMUNITY_10,0.31034955382347107,False
1851610,13,COMMUNITY_13,0.310281902551651,False
1668720,9,COMMUNITY_9,0.31027212738990784,False
2943280,4,COMMUNITY_4,0.31020018458366394,False
821670,13,COMMUNITY_13,0.3101072907447815,False
466490,1,COMMUNITY_1,0.3099493086338043,False
2810,1,COMMUNITY_1,0.3097051680088043,False
1286880,7,COMMUNITY_7,0.30945223569869995,False
501080,11,COMMUNITY_11,0.308925986289978,False
1809530,1,COMMUNITY_1,0.30879825353622437,False
695920,9,COMMUNITY_9,0.3087494969367981,False
722060,1,COMMUNITY_1,0.30866900086402893,False
1426540,9,COMMUNITY_9,0.30866894125938416,False
2650730,3,COMMUNITY_3,0.3086644411087036,False
1406990,5,COMMUNITY_5,0.3085874915122986,False
1269690,2,COMMUNITY_2,0.3084898889064789,False
980940,10,COMMUNITY_10,0.30845826864242554,False
1167550,2,COMMUNITY_2,0.308406263589859,False
1924780,10,COMMUNITY_10,0.30821698904037476,False
787810,13,COMMUNITY_13,0.3079836964607239,False
1199570,13,COMMUNITY_13,0.3079836964607239,False
2551170,4,COMMUNITY_4,0.3077917993068695,False
1279380,2,COMMUNITY_2,0.30774885416030884,False
1422420,3,COMMUNITY_3,0.3076598644256592,False
1358250,1,COMMUNITY_1,0.30763551592826843,False
3328900,13,COMMUNITY_13,0.30755969882011414,False
839450,8,COMMUNITY_8,0.3074716627597809,False
2410490,9,COMMUNITY_9,0.30725961923599243,False
624120,1,COMMUNITY_1,0.3070950508117676,False
735350,13,COMMUNITY_13,0.30686479806900024,False
2214500,10,COMMUNITY_10,0.3068035840988159,False
541670,4,COMMUNITY_4,0.30678409337997437,False
317590,5,COMMUNITY_5,0.30667683482170105,False
1620380,0,COMMUNITY_0,0.3066578507423401,False
583090,9,COMMUNITY_9,0.3066301941871643,False
370060,10,COMMUNITY_10,0.30632999539375305,False
1689000,3,COMMUNITY_3,0.3061869442462921,False
603010,1,COMMUNITY_1,0.30614712834358215,False
2603020,9,COMMUNITY_9,0.30602923035621643,False
1846460,4,COMMUNITY_4,0.30592435598373413,False
1453490,1,COMMUNITY_1,0.3058757483959198,False
943980,2,COMMUNITY_2,0.30568820238113403,False
9200,9,COMMUNITY_9,0.3056606948375702,False
717300,2,COMMUNITY_2,0.30555614829063416,False
2423070,13,COMMUNITY_13,0.3054623007774353,False
1694600,4,COMMUNITY_4,0.3053981065750122,False
2678070,2,COMMUNITY_2,0.30537983775138855,False
1896900,1,COMMUNITY_1,0.3050908148288727,False
458480,1,COMMUNITY_1,0.30508914589881897,False
2004640,9,COMMUNITY_9,0.305039644241333,False
2590260,2,COMMUNITY_2,0.3049045503139496,False
1209330,1,COMMUNITY_1,0.3047083914279938,False
455980,10,COMMUNITY_10,0.3042723536491394,False
2783610,2,COMMUNITY_2,0.30424293875694275,False
435010,2,COMMUNITY_2,0.3042263090610504,False
2061440,5,COMMUNITY_5,0.304222971200943,False
1092000,4,COMMUNITY_4,0.3040847182273865,False
233980,11,COMMUNITY_11,0.3040790855884552,False
1342890,8,COMMUNITY_8,0.30397093296051025,False
1307690,9,COMMUNITY_9,0.30383047461509705,False
529670,8,COMMUNITY_8,0.3037577271461487,False
338810,1,COMMUNITY_1,0.30364954471588135,False
2775910,2,COMMUNITY_2,0.30357474088668823,False
1206930,2,COMMUNITY_2,0.3035431504249573,False
1291340,2,COMMUNITY_2,0.3034517765045166,False
1731070,9,COMMUNITY_9,0.3034287691116333,False
1582650,10,COMMUNITY_10,0.3033187985420227,False
1882240,9,COMMUNITY_9,0.3032841086387634,False
2369210,9,COMMUNITY_9,0.3032800257205963,False
3317770,3,COMMUNITY_3,0.3030899167060852,False
1165380,2,COMMUNITY_2,0.30305400490760803,False
848050,10,COMMUNITY_10,0.30303826928138733,False
1085150,2,COMMUNITY_2,0.3030347526073456,False
3022640,2,COMMUNITY_2,0.30291229486465454,False
740780,13,COMMUNITY_13,0.3028562366962433,False
359790,1,COMMUNITY_1,0.30282220244407654,False
496450,1,COMMUNITY_1,0.30275484919548035,False
1135260,9,COMMUNITY_9,0.30266764760017395,False
338300,4,COMMUNITY_4,0.30230680108070374,False
3708980,2,COMMUNITY_2,0.3021509349346161,False
2361570,13,COMMUNITY_13,0.30184507369995117,False
2795000,3,COMMUNITY_3,0.3017866909503937,False
1811500,2,COMMUNITY_2,0.30177924036979675,False
1732050,1,COMMUNITY_1,0.3015151619911194,False
873940,13,COMMUNITY_13,0.30150851607322693,False
2709040,0,COMMUNITY_0,0.3014706075191498,False
2626530,2,COMMUNITY_2,0.30136638879776,False
355020,2,COMMUNITY_2,0.3013504445552826,False
2852980,6,COMMUNITY_6,0.30133116245269775,False
3720,4,COMMUNITY_4,0.3012324273586273,False
410,0,COMMUNITY_0,0.3011855185031891,False
1120370,4,COMMUNITY_4,0.30114907026290894,False
570840,1,COMMUNITY_1,0.30090174078941345,False
528460,1,COMMUNITY_1,0.3003789484500885,False
234190,1,COMMUNITY_1,0.30034542083740234,False
785780,3,COMMUNITY_3,0.3002778887748718,False
589060,5,COMMUNITY_5,0.30011171102523804,False
950050,9,COMMUNITY_9,0.3000333607196808,False
2544090,13,COMMUNITY_13,0.3000139892101288,False
2977520,9,COMMUNITY_9,0.2999724745750427,False
680360,1,COMMUNITY_1,0.2999405562877655,False
646240,10,COMMUNITY_10,0.29982319474220276,False
346250,5,COMMUNITY_5,0.29967641830444336,False
2924170,2,COMMUNITY_2,0.29966405034065247,False
1172450,1,COMMUNITY_1,0.2994926869869232,False
2475420,10,COMMUNITY_10,0.29947081208229065,False
1848460,4,COMMUNITY_4,0.29937633872032166,False
1314000,9,COMMUNITY_9,0.29935458302497864,False
2000100,9,COMMUNITY_9,0.29934775829315186,False
1739300,10,COMMUNITY_10,0.29934069514274597,False
2520870,2,COMMUNITY_2,0.29915812611579895,False
2237980,5,COMMUNITY_5,0.2990930676460266,False
1843540,2,COMMUNITY_2,0.2990306615829468,False
3076620,8,COMMUNITY_8,0.299021452665329,False
2540230,1,COMMUNITY_1,0.2989978790283203,False
1165850,3,COMMUNITY_3,0.2989846169948578,False
2706370,2,COMMUNITY_2,0.2988673746585846,False
960980,5,COMMUNITY_5,0.2988226115703583,False
395860,2,COMMUNITY_2,0.29871246218681335,False
1426490,4,COMMUNITY_4,0.29865726828575134,False
2937910,13,COMMUNITY_13,0.2986043095588684,False
1849000,6,COMMUNITY_6,0.29859334230422974,False
2552330,2,COMMUNITY_2,0.2985196113586426,False
3083300,10,COMMUNITY_10,0.29850292205810547,False
2602020,9,COMMUNITY_9,0.29841354489326477,False
1424860,8,COMMUNITY_8,0.29839619994163513,False
581520,2,COMMUNITY_2,0.2981362044811249,False
3460130,2,COMMUNITY_2,0.2981358766555786,False
345180,9,COMMUNITY_9,0.2980566620826721,False
1524790,10,COMMUNITY_10,0.29793426394462585,False
1338330,5,COMMUNITY_5,0.29786956310272217,False
21100,12,COMMUNITY_12,0.29760482907295227,False
2894560,1,COMMUNITY_1,0.29743850231170654,False
2285650,3,COMMUNITY_3,0.2972719371318817,False
1502970,6,COMMUNITY_6,0.29716742038726807,False
959150,10,COMMUNITY_10,0.29682615399360657,False
1998330,7,COMMUNITY_7,0.2967761158943176,False
787450,8,COMMUNITY_8,0.2962711751461029,False
1111390,3,COMMUNITY_3,0.2962709367275238,False
237850,1,COMMUNITY_1,0.2962316572666168,False
2512200,4,COMMUNITY_4,0.29612746834754944,False
702120,0,COMMUNITY_0,0.2960798740386963,False
1283190,11,COMMUNITY_11,0.29589682817459106,False
2529770,2,COMMUNITY_2,0.29585447907447815,False
211400,0,COMMUNITY_0,0.2957983613014221,False
1469170,10,COMMUNITY_10,0.29576146602630615,False
1440170,9,COMMUNITY_9,0.2956339716911316,False
1244630,9,COMMUNITY_9,0.2956254184246063,False
1638230,9,COMMUNITY_9,0.2955165505409241,False
1035760,4,COMMUNITY_4,0.2953763008117676,False
3302860,2,COMMUNITY_2,0.2953316569328308,False
1315200,9,COMMUNITY_9,0.29516685009002686,False
2803060,1,COMMUNITY_1,0.2950814664363861,False
438560,0,COMMUNITY_0,0.2948133051395416,False
712730,2,COMMUNITY_2,0.2946694791316986,False
448670,2,COMMUNITY_2,0.29459547996520996,False
389510,1,COMMUNITY_1,0.2945419251918793,False
2169950,9,COMMUNITY_9,0.2942953407764435,False
823230,5,COMMUNITY_5,0.2942085266113281,False
2569210,1,COMMUNITY_1,0.29412731528282166,False
3029830,2,COMMUNITY_2,0.29404503107070923,False
1063540,2,COMMUNITY_2,0.2938777506351471,False
1639080,1,COMMUNITY_1,0.2937459349632263,False
5330,2,COMMUNITY_2,0.29343125224113464,False
2687190,9,COMMUNITY_9,0.2934260070323944,False
501470,7,COMMUNITY_7,0.2933962643146515,False
3206870,1,COMMUNITY_1,0.2933623194694519,False
2018230,1,COMMUNITY_1,0.2931019365787506,False
1534340,4,COMMUNITY_4,0.29308265447616577,False
1649290,6,COMMUNITY_6,0.29301655292510986,False
1898290,1,COMMUNITY_1,0.29285523295402527,False
296570,1,COMMUNITY_1,0.29279619455337524,False
1907350,7,COMMUNITY_7,0.2926424741744995,False
3173050,2,COMMUNITY_2,0.2925208806991577,False
3491570,1,COMMUNITY_1,0.29250743985176086,False
413710,9,COMMUNITY_9,0.29218828678131104,False
3002280,1,COMMUNITY_1,0.2921682298183441,False
2332240,3,COMMUNITY_3,0.2918677031993866,False
2400160,2,COMMUNITY_2,0.29186028242111206,False
266430,5,COMMUNITY_5,0.2918563187122345,False
726360,1,COMMUNITY_1,0.2917068600654602,False
3127870,2,COMMUNITY_2,0.2917018234729767,False
400940,5,COMMUNITY_5,0.29167190194129944,False
276360,0,COMMUNITY_0,0.29149460792541504,False
747340,13,COMMUNITY_13,0.2914561331272125,False
1086410,10,COMMUNITY_10,0.29120108485221863,False
331480,1,COMMUNITY_1,0.29065558314323425,False
743230,7,COMMUNITY_7,0.2906065583229065,False
435090,2,COMMUNITY_2,0.2905029356479645,False
2130460,6,COMMUNITY_6,0.29033544659614563,False
2134860,1,COMMUNITY_1,0.29024791717529297,False
1905020,13,COMMUNITY_13,0.29021862149238586,False
335670,1,COMMUNITY_1,0.2902039885520935,False
1245430,9,COMMUNITY_9,0.29018354415893555,False
733540,8,COMMUNITY_8,0.2901812493801117,False
365450,0,COMMUNITY_0,0.29007795453071594,False
1980210,8,COMMUNITY_8,0.290059357881546,False
2865530,1,COMMUNITY_1,0.2900514602661133,False
1746930,8,COMMUNITY_8,0.2900455594062805,False
1045580,1,COMMUNITY_1,0.28996992111206055,False
1637230,10,COMMUNITY_10,0.2898782193660736,False
2309400,4,COMMUNITY_4,0.2898400127887726,False
1474100,1,COMMUNITY_1,0.2898266911506653,False
32340,4,COMMUNITY_4,0.289824515581131,False
1509080,9,COMMUNITY_9,0.2897454500198364,False
270170,1,COMMUNITY_1,0.28965485095977783,False
1018160,8,COMMUNITY_8,0.2896527349948883,False
614260,7,COMMUNITY_7,0.28955379128456116,False
2953440,2,COMMUNITY_2,0.2892818748950958,False
661230,7,COMMUNITY_7,0.28925636410713196,False
2953560,13,COMMUNITY_13,0.28910160064697266,False
19320,10,COMMUNITY_10,0.2890092134475708,False
1033860,8,COMMUNITY_8,0.28893986344337463,False
1233270,9,COMMUNITY_9,0.2887097895145416,False
3381200,10,COMMUNITY_10,0.2885288894176483,False
1077320,2,COMMUNITY_2,0.28846338391304016,False
2994910,10,COMMUNITY_10,0.2883305251598358,False
1373950,1,COMMUNITY_1,0.28818193078041077,False
645320,3,COMMUNITY_3,0.2881254553794861,False
1373510,3,COMMUNITY_3,0.28794100880622864,False
1611430,3,COMMUNITY_3,0.2876686453819275,False
1178460,2,COMMUNITY_2,0.28765198588371277,False
2351120,7,COMMUNITY_7,0.28743353486061096,False
3029150,10,COMMUNITY_10,0.2874334454536438,False
2525520,13,COMMUNITY_13,0.2871991693973541,False
544650,5,COMMUNITY_5,0.2871285676956177,False
1621760,10,COMMUNITY_10,0.28706780076026917,False
2738380,2,COMMUNITY_2,0.2869641184806824,False
3034720,2,COMMUNITY_2,0.2866194248199463,False
1579660,4,COMMUNITY_4,0.2864893078804016,False
1715280,2,COMMUNITY_2,0.28641068935394287,False
1985690,2,COMMUNITY_2,0.2862723767757416,False
975550,7,COMMUNITY_7,0.28624680638313293,False
434520,9,COMMUNITY_9,0.286153107881546,False
2639420,1,COMMUNITY_1,0.28608405590057373,False
575480,5,COMMUNITY_5,0.28596875071525574,False
1242980,12,COMMUNITY_12,0.28592756390571594,False
1602980,2,COMMUNITY_2,0.28589531779289246,False
407190,3,COMMUNITY_3,0.28575897216796875,False
719140,1,COMMUNITY_1,0.28548169136047363,False
1183510,2,COMMUNITY_2,0.28536275029182434,False
3603080,5,COMMUNITY_5,0.2853384017944336,False
465520,1,COMMUNITY_1,0.28531214594841003,False
3383440,2,COMMUNITY_2,0.28526443243026733,False
1274140,1,COMMUNITY_1,0.28523126244544983,False
1013540,10,COMMUNITY_10,0.2851760685443878,False
2386580,3,COMMUNITY_3,0.28502997756004333,False
1067540,4,COMMUNITY_4,0.28496047854423523,False
754500,1,COMMUNITY_1,0.28482311964035034,False
1661260,7,COMMUNITY_7,0.28465285897254944,False
1507780,1,COMMUNITY_1,0.284648060798645,False
1161830,2,COMMUNITY_2,0.28460976481437683,False
1586960,1,COMMUNITY_1,0.2845621109008789,False
552000,2,COMMUNITY_2,0.28448575735092163,False
2251620,4,COMMUNITY_4,0.2844560444355011,False
1671410,2,COMMUNITY_2,0.2844553589820862,False
1111370,1,COMMUNITY_1,0.2843908965587616,False
1327080,9,COMMUNITY_9,0.2840862274169922,False
1049280,1,COMMUNITY_1,0.2840673327445984,False
505040,1,COMMUNITY_1,0.28406256437301636,False
857080,2,COMMUNITY_2,0.2840103805065155,False
3455450,13,COMMUNITY_13,0.28383368253707886,False
1268110,3,COMMUNITY_3,0.2837223410606384,False
2894960,10,COMMUNITY_10,0.28351643681526184,False
301420,3,COMMUNITY_3,0.2833581566810608,False
943370,13,COMMUNITY_13,0.2833288013935089,False
1866630,13,COMMUNITY_13,0.2832503318786621,False
765640,10,COMMUNITY_10,0.28285032510757446,False
844850,5,COMMUNITY_5,0.2827945053577423,False
1127110,1,COMMUNITY_1,0.2826671302318573,False
454550,9,COMMUNITY_9,0.28266283869743347,False
646270,2,COMMUNITY_2,0.2826176881790161,False
360640,1,COMMUNITY_1,0.28253090381622314,False
2646660,2,COMMUNITY_2,0.28247639536857605,False
2059530,8,COMMUNITY_8,0.2823892831802368,False
876650,1,COMMUNITY_1,0.2821560800075531,False
445720,3,COMMUNITY_3,0.2820174992084503,False
2743970,4,COMMUNITY_4,0.28201740980148315,False
407840,4,COMMUNITY_4,0.28198933601379395,False
1570960,7,COMMUNITY_7,0.2819286286830902,False
2420170,7,COMMUNITY_7,0.2819240093231201,False
1218900,4,COMMUNITY_4,0.28112903237342834,False
2820,9,COMMUNITY_9,0.281099408864975,False
2060170,9,COMMUNITY_9,0.28082361817359924,False
3174920,4,COMMUNITY_4,0.2807002067565918,False
2484130,6,COMMUNITY_6,0.2806744873523712,False
819790,13,COMMUNITY_13,0.28060752153396606,False
578840,10,COMMUNITY_10,0.2804928123950958,False
526920,2,COMMUNITY_2,0.2804032564163208,False
1753260,0,COMMUNITY_0,0.28012868762016296,False
2411980,2,COMMUNITY_2,0.280116468667984,False
2367610,2,COMMUNITY_2,0.2800486087799072,False
3043310,2,COMMUNITY_2,0.2797188460826874,False
1800940,9,COMMUNITY_9,0.27969133853912354,False
1847150,9,COMMUNITY_9,0.2796386778354645,False
1051420,10,COMMUNITY_10,0.27947062253952026,False
3572870,1,COMMUNITY_1,0.27939650416374207,False
2594290,2,COMMUNITY_2,0.27938541769981384,False
3275600,1,COMMUNITY_1,0.2793459892272949,False
2738600,10,COMMUNITY_10,0.27932101488113403,False
1347430,13,COMMUNITY_13,0.2791828215122223,False
2967500,2,COMMUNITY_2,0.279156893491745,False
1406850,9,COMMUNITY_9,0.2791438102722168,False
460430,1,COMMUNITY_1,0.2790016531944275,False
31280,12,COMMUNITY_12,0.27896350622177124,False
1046300,5,COMMUNITY_5,0.27893173694610596,False
1773210,6,COMMUNITY_6,0.278810977935791,False
2715650,4,COMMUNITY_4,0.2787999212741852,False
398250,2,COMMUNITY_2,0.2787902057170868,False
1329880,9,COMMUNITY_9,0.2787850797176361,False
1377150,7,COMMUNITY_7,0.2786649465560913,False
3308210,10,COMMUNITY_10,0.2785215973854065,False
1944250,10,COMMUNITY_10,0.27847328782081604,False
1202910,0,COMMUNITY_0,0.27833908796310425,False
1036200,0,COMMUNITY_0,0.2783195972442627,False
1882500,2,COMMUNITY_2,0.27795860171318054,False
3535780,2,COMMUNITY_2,0.27781203389167786,False
2595230,2,COMMUNITY_2,0.2777756154537201,False
2722210,4,COMMUNITY_4,0.277770072221756,False
429570,5,COMMUNITY_5,0.277559757232666,False
3411020,7,COMMUNITY_7,0.27750033140182495,False
3376270,2,COMMUNITY_2,0.27731335163116455,False
2223810,2,COMMUNITY_2,0.27730321884155273,False
1912750,10,COMMUNITY_10,0.27725788950920105,False
1481970,3,COMMUNITY_3,0.2770901024341583,False
1628610,5,COMMUNITY_5,0.27680477499961853,False
2101540,2,COMMUNITY_2,0.2767963111400604,False
1666160,2,COMMUNITY_2,0.2767077088356018,False
1187510,2,COMMUNITY_2,0.2764434814453125,False
2957110,4,COMMUNITY_4,0.2762250006198883,False
1959480,8,COMMUNITY_8,0.2761023938655853,False
2914420,1,COMMUNITY_1,0.2760734260082245,False
2392760,1,COMMUNITY_1,0.2760114371776581,False
2400640,4,COMMUNITY_4,0.2759212553501129,False
1042780,1,COMMUNITY_1,0.27579283714294434,False
2154720,7,COMMUNITY_7,0.2757848799228668,False
250180,0,COMMUNITY_0,0.2756800055503845,False
1859470,9,COMMUNITY_9,0.27549874782562256,False
272040,10,COMMUNITY_10,0.2754754424095154,False
253880,1,COMMUNITY_1,0.2754286527633667,False
909380,10,COMMUNITY_10,0.27524054050445557,False
726590,13,COMMUNITY_13,0.2752073407173157,False
712970,9,COMMUNITY_9,0.27520328760147095,False
3344950,1,COMMUNITY_1,0.27516359090805054,False
1802880,2,COMMUNITY_2,0.2751449942588806,False
1434310,8,COMMUNITY_8,0.2750483453273773,False
2296100,2,COMMUNITY_2,0.2748810052871704,False
916930,10,COMMUNITY_10,0.27486345171928406,False
2345770,13,COMMUNITY_13,0.27469101548194885,False
1044750,2,COMMUNITY_2,0.27434247732162476,False
1296770,4,COMMUNITY_4,0.27432960271835327,False
510680,2,COMMUNITY_2,0.27375125885009766,False
931690,1,COMMUNITY_1,0.27372807264328003,False
523440,2,COMMUNITY_2,0.2737073302268982,False
498240,2,COMMUNITY_2,0.2734730839729309,False
717640,1,COMMUNITY_1,0.2733269929885864,False
2512930,2,COMMUNITY_2,0.27322936058044434,False
245970,1,COMMUNITY_1,0.27308177947998047,False
1347550,5,COMMUNITY_5,0.2730461359024048,False
1641700,1,COMMUNITY_1,0.2730066776275635,False
37380,7,COMMUNITY_7,0.27274078130722046,False
1844720,3,COMMUNITY_3,0.2727295160293579,False
3378000,2,COMMUNITY_2,0.2725706100463867,False
1358830,2,COMMUNITY_2,0.2724474370479584,False
232050,4,COMMUNITY_4,0.2724301218986511,False
1288900,3,COMMUNITY_3,0.27240848541259766,False
625080,13,COMMUNITY_13,0.2723902761936188,False
3064270,2,COMMUNITY_2,0.2723624110221863,False
719750,1,COMMUNITY_1,0.27235791087150574,False
572430,4,COMMUNITY_4,0.2721157670021057,False
1774100,10,COMMUNITY_10,0.2720220685005188,False
70660,10,COMMUNITY_10,0.271831214427948,False
2445990,2,COMMUNITY_2,0.2713950276374817,False
257170,2,COMMUNITY_2,0.27076610922813416,False
2056200,2,COMMUNITY_2,0.27075400948524475,False
907090,13,COMMUNITY_13,0.2704790532588959,False
3121490,3,COMMUNITY_3,0.27032506465911865,False
383840,1,COMMUNITY_1,0.27023935317993164,False
1072390,2,COMMUNITY_2,0.27006426453590393,False
225270,7,COMMUNITY_7,0.26959022879600525,False
2423470,2,COMMUNITY_2,0.26915761828422546,False
1018000,10,COMMUNITY_10,0.26910531520843506,False
107200,4,COMMUNITY_4,0.26909929513931274,False
1536070,3,COMMUNITY_3,0.26869094371795654,False
1159090,9,COMMUNITY_9,0.2685689926147461,False
597240,13,COMMUNITY_13,0.26850056648254395,False
882790,9,COMMUNITY_9,0.2683345675468445,False
1280,1,COMMUNITY_1,0.26807260513305664,False
1046470,10,COMMUNITY_10,0.26806455850601196,False
1803550,1,COMMUNITY_1,0.2679884731769562,False
380150,0,COMMUNITY_0,0.2678622007369995,False
891200,2,COMMUNITY_2,0.2677876949310303,False
313730,1,COMMUNITY_1,0.2677742540836334,False
2237970,5,COMMUNITY_5,0.2677198350429535,False
3077790,2,COMMUNITY_2,0.2677018344402313,False
666620,13,COMMUNITY_13,0.2676665782928467,False
1195290,2,COMMUNITY_2,0.2676309645175934,False
1153640,9,COMMUNITY_9,0.2674409747123718,False
3582710,2,COMMUNITY_2,0.267368882894516,False
313680,1,COMMUNITY_1,0.2669215202331543,False
573730,2,COMMUNITY_2,0.26688364148139954,False
1759440,0,COMMUNITY_0,0.2668568193912506,False
2844850,6,COMMUNITY_6,0.2667393684387207,False
2639000,4,COMMUNITY_4,0.26670026779174805,False
3446150,2,COMMUNITY_2,0.2665822207927704,False
1868170,2,COMMUNITY_2,0.26623156666755676,False
1102340,3,COMMUNITY_3,0.26600396633148193,False
1557480,0,COMMUNITY_0,0.2658960819244385,False
1532200,2,COMMUNITY_2,0.26564618945121765,False
214560,0,COMMUNITY_0,0.2655668258666992,False
990390,2,COMMUNITY_2,0.26552414894104004,False
1031920,9,COMMUNITY_9,0.2650223970413208,False
559100,9,COMMUNITY_9,0.2648056745529175,False
1540210,0,COMMUNITY_0,0.2646142244338989,False
1592680,9,COMMUNITY_9,0.26452675461769104,False
1702760,8,COMMUNITY_8,0.2644255459308624,False
2682580,5,COMMUNITY_5,0.26436370611190796,False
1158420,10,COMMUNITY_10,0.26432886719703674,False
873190,13,COMMUNITY_13,0.26424717903137207,False
1622780,1,COMMUNITY_1,0.2642456591129303,False
898890,3,COMMUNITY_3,0.26424145698547363,False
983800,10,COMMUNITY_10,0.2641773819923401,False
225260,1,COMMUNITY_1,0.2640584707260132,False
435050,2,COMMUNITY_2,0.26403871178627014,False
2209680,10,COMMUNITY_10,0.26399970054626465,False
2193720,3,COMMUNITY_3,0.2638598680496216,False
1348180,10,COMMUNITY_10,0.26381927728652954,False
2095950,1,COMMUNITY_1,0.2637675702571869,False
2304640,8,COMMUNITY_8,0.26365160942077637,False
1157740,9,COMMUNITY_9,0.2635776400566101,False
3205430,1,COMMUNITY_1,0.26356375217437744,False
1150090,1,COMMUNITY_1,0.26350921392440796,False
2450120,4,COMMUNITY_4,0.2632782757282257,False
2880460,2,COMMUNITY_2,0.2632472813129425,False
1366810,1,COMMUNITY_1,0.26306289434432983,False
2477290,2,COMMUNITY_2,0.26305288076400757,False
1528080,2,COMMUNITY_2,0.26297175884246826,False
1577620,2,COMMUNITY_2,0.2629357576370239,False
1975340,2,COMMUNITY_2,0.26285791397094727,False
800180,9,COMMUNITY_9,0.26284050941467285,False
1803190,7,COMMUNITY_7,0.26283109188079834,False
810040,10,COMMUNITY_10,0.262772798538208,False
37240,7,COMMUNITY_7,0.26239266991615295,False
585710,5,COMMUNITY_5,0.262198805809021,False
449130,10,COMMUNITY_10,0.26213911175727844,False
3300850,2,COMMUNITY_2,0.26177749037742615,False
2102020,5,COMMUNITY_5,0.2617532014846802,False
391440,2,COMMUNITY_2,0.26173195242881775,False
584370,10,COMMUNITY_10,0.26158982515335083,False
551860,1,COMMUNITY_1,0.2613402307033539,False
331580,2,COMMUNITY_2,0.2612340450286865,False
1777510,7,COMMUNITY_7,0.26110604405403137,False
3487060,2,COMMUNITY_2,0.26108965277671814,False
1846920,8,COMMUNITY_8,0.26078885793685913,False
966430,10,COMMUNITY_10,0.2606963813304901,False
449140,1,COMMUNITY_1,0.26057296991348267,False
1528010,13,COMMUNITY_13,0.26042279601097107,False
2458210,6,COMMUNITY_6,0.26002997159957886,False
1518770,2,COMMUNITY_2,0.2598798871040344,False
471550,9,COMMUNITY_9,0.25986447930336,False
1571100,13,COMMUNITY_13,0.2597368061542511,False
2324650,2,COMMUNITY_2,0.259636789560318,False
2216130,2,COMMUNITY_2,0.25959616899490356,False
368990,10,COMMUNITY_10,0.2595737874507904,False
1744330,4,COMMUNITY_4,0.2594798803329468,False
1535060,9,COMMUNITY_9,0.259444922208786,False
2795270,9,COMMUNITY_9,0.2594112157821655,False
3071950,1,COMMUNITY_1,0.25921839475631714,False
2391900,4,COMMUNITY_4,0.2591325640678406,False
286000,1,COMMUNITY_1,0.2590978145599365,False
2497110,2,COMMUNITY_2,0.25905412435531616,False
3058030,2,COMMUNITY_2,0.25900498032569885,False
3181470,10,COMMUNITY_10,0.2589975595474243,False
1715750,2,COMMUNITY_2,0.25888705253601074,False
3001070,2,COMMUNITY_2,0.2583288550376892,False
895610,7,COMMUNITY_7,0.2581997215747833,False
1104450,4,COMMUNITY_4,0.2581031322479248,False
938560,2,COMMUNITY_2,0.2580068111419678,False
2947590,7,COMMUNITY_7,0.2579295337200165,False
1933840,7,COMMUNITY_7,0.2578389346599579,False
671610,1,COMMUNITY_1,0.25761646032333374,False
919370,5,COMMUNITY_5,0.25742852687835693,False
2689230,2,COMMUNITY_2,0.2570943236351013,False
955170,10,COMMUNITY_10,0.2570838928222656,False
654550,3,COMMUNITY_3,0.2567790150642395,False
2318070,8,COMMUNITY_8,0.256671667098999,False
3399430,2,COMMUNITY_2,0.25652775168418884,False
983820,7,COMMUNITY_7,0.25649601221084595,False
1252000,9,COMMUNITY_9,0.2561616599559784,False
2478020,2,COMMUNITY_2,0.2558733820915222,False
402210,7,COMMUNITY_7,0.25518399477005005,False
616040,2,COMMUNITY_2,0.25510817766189575,False
560570,2,COMMUNITY_2,0.2547261416912079,False
674500,2,COMMUNITY_2,0.2542930245399475,False
1441570,6,COMMUNITY_6,0.25419294834136963,False
989060,7,COMMUNITY_7,0.2541573941707611,False
3133180,2,COMMUNITY_2,0.2541446089744568,False
1697700,2,COMMUNITY_2,0.2540479004383087,False
942930,3,COMMUNITY_3,0.25376278162002563,False
732230,9,COMMUNITY_9,0.25376227498054504,False
679110,9,COMMUNITY_9,0.25374987721443176,False
3062030,7,COMMUNITY_7,0.2536659836769104,False
1636710,9,COMMUNITY_9,0.2533511221408844,False
813530,9,COMMUNITY_9,0.25332269072532654,False
1409830,1,COMMUNITY_1,0.2528247535228729,False
16450,5,COMMUNITY_5,0.25241291522979736,False
1303580,12,COMMUNITY_12,0.2522895634174347,False
2022270,9,COMMUNITY_9,0.2522691786289215,False
2337860,9,COMMUNITY_9,0.25212472677230835,False
1358800,1,COMMUNITY_1,0.25210121273994446,False
1946140,3,COMMUNITY_3,0.2520477771759033,False
1341050,9,COMMUNITY_9,0.2519482672214508,False
1554260,1,COMMUNITY_1,0.2518768608570099,False
533890,2,COMMUNITY_2,0.25180554389953613,False
1767750,13,COMMUNITY_13,0.25162473320961,False
420840,2,COMMUNITY_2,0.2514728307723999,False
3592310,10,COMMUNITY_10,0.25124725699424744,False
1635790,4,COMMUNITY_4,0.25120383501052856,False
2214170,7,COMMUNITY_7,0.25073710083961487,False
501320,11,COMMUNITY_11,0.25022760033607483,False
272270,1,COMMUNITY_1,0.25002363324165344,False
1648560,2,COMMUNITY_2,0.2496611773967743,False
890400,6,COMMUNITY_6,0.24931474030017853,False
1261180,0,COMMUNITY_0,0.2491631656885147,False
1450150,5,COMMUNITY_5,0.24909541010856628,False
1109570,1,COMMUNITY_1,0.24864241480827332,False
1082430,10,COMMUNITY_10,0.2483574002981186,False
634160,5,COMMUNITY_5,0.24833574891090393,False
749340,4,COMMUNITY_4,0.24827919900417328,False
255940,13,COMMUNITY_13,0.24821631610393524,False
600080,4,COMMUNITY_4,0.2481876015663147,False
1322630,3,COMMUNITY_3,0.24787583947181702,False
268750,1,COMMUNITY_1,0.24768978357315063,False
2176900,9,COMMUNITY_9,0.2474759966135025,False
537990,2,COMMUNITY_2,0.2474224865436554,False
1928870,4,COMMUNITY_4,0.24739572405815125,False
2447420,2,COMMUNITY_2,0.24711988866329193,False
2844770,10,COMMUNITY_10,0.24686174094676971,False
1730700,9,COMMUNITY_9,0.24684706330299377,False
770070,7,COMMUNITY_7,0.24679499864578247,False
487730,4,COMMUNITY_4,0.24678751826286316,False
2859200,2,COMMUNITY_2,0.2466476559638977,False
673540,2,COMMUNITY_2,0.24657461047172546,False
398670,2,COMMUNITY_2,0.24657461047172546,False
2248900,10,COMMUNITY_10,0.24649575352668762,False
1439750,9,COMMUNITY_9,0.2464321255683899,False
1914730,7,COMMUNITY_7,0.24615219235420227,False
1003090,3,COMMUNITY_3,0.24602364003658295,False
1416130,2,COMMUNITY_2,0.24593694508075714,False
2370,2,COMMUNITY_2,0.24590668082237244,False
2820590,1,COMMUNITY_1,0.24588796496391296,False
1022780,2,COMMUNITY_2,0.24586617946624756,False
48950,10,COMMUNITY_10,0.245796799659729,False
539660,9,COMMUNITY_9,0.24549494683742523,False
1069690,1,COMMUNITY_1,0.24544258415699005,False
1733110,10,COMMUNITY_10,0.24514538049697876,False
2231040,4,COMMUNITY_4,0.24512410163879395,False
2430360,1,COMMUNITY_1,0.24507011473178864,False
1103400,2,COMMUNITY_2,0.24495719373226166,False
1265930,9,COMMUNITY_9,0.24472753703594208,False
416680,1,COMMUNITY_1,0.24465133249759674,False
2067050,5,COMMUNITY_5,0.2445686310529709,False
612510,2,COMMUNITY_2,0.24440628290176392,False
2993680,2,COMMUNITY_2,0.24411779642105103,False
413760,2,COMMUNITY_2,0.24391333758831024,False
510060,2,COMMUNITY_2,0.2438896745443344,False
2103620,1,COMMUNITY_1,0.24338114261627197,False
358270,8,COMMUNITY_8,0.24336305260658264,False
1219240,9,COMMUNITY_9,0.2431938648223877,False
2187210,7,COMMUNITY_7,0.24290722608566284,False
1151050,9,COMMUNITY_9,0.24279232323169708,False
2488340,5,COMMUNITY_5,0.24271069467067719,False
1683340,5,COMMUNITY_5,0.2425987273454666,False
2587450,1,COMMUNITY_1,0.24191218614578247,False
2676820,0,COMMUNITY_0,0.24186643958091736,False
2291020,9,COMMUNITY_9,0.24163691699504852,False
1681870,9,COMMUNITY_9,0.24159830808639526,False
3009990,1,COMMUNITY_1,0.24150528013706207,False
769680,7,COMMUNITY_7,0.24128960072994232,False
1571600,2,COMMUNITY_2,0.24092966318130493,False
1044770,2,COMMUNITY_2,0.2408423274755478,False
783180,9,COMMUNITY_9,0.24048075079917908,False
1659600,10,COMMUNITY_10,0.23985694348812103,False
1205560,13,COMMUNITY_13,0.2397373765707016,False
2589670,13,COMMUNITY_13,0.23958946764469147,False
1532690,9,COMMUNITY_9,0.23911152780056,False
536920,2,COMMUNITY_2,0.23900184035301208,False
679770,2,COMMUNITY_2,0.23899440467357635,False
1973970,13,COMMUNITY_13,0.238895982503891,False
42230,0,COMMUNITY_0,0.23860326409339905,False
1928540,3,COMMUNITY_3,0.2384582757949829,False
358340,7,COMMUNITY_7,0.2384270280599594,False
2285890,3,COMMUNITY_3,0.2380516231060028,False
1082190,1,COMMUNITY_1,0.23803508281707764,False
1890650,1,COMMUNITY_1,0.2378579080104828,False
534270,8,COMMUNITY_8,0.23782411217689514,False
444620,9,COMMUNITY_9,0.23776553571224213,False
1335240,9,COMMUNITY_9,0.2377178966999054,False
747970,7,COMMUNITY_7,0.23762544989585876,False
3169620,3,COMMUNITY_3,0.2375388890504837,False
3214000,2,COMMUNITY_2,0.23709331452846527,False
1661630,9,COMMUNITY_9,0.23695723712444305,False
412430,2,COMMUNITY_2,0.23683154582977295,False
1683950,12,COMMUNITY_12,0.23680083453655243,False
490920,5,COMMUNITY_5,0.23669707775115967,False
1337970,10,COMMUNITY_10,0.2363254278898239,False
1636310,1,COMMUNITY_1,0.23623627424240112,False
880950,9,COMMUNITY_9,0.23619325459003448,False
1281160,9,COMMUNITY_9,0.23607370257377625,False
1477170,9,COMMUNITY_9,0.23606765270233154,False
1733640,10,COMMUNITY_10,0.23576056957244873,False
884180,3,COMMUNITY_3,0.23562373220920563,False
1336180,9,COMMUNITY_9,0.23487336933612823,False
939620,1,COMMUNITY_1,0.23474422097206116,False
2438230,2,COMMUNITY_2,0.23440507054328918,False
2739630,5,COMMUNITY_5,0.23429742455482483,False
1187330,7,COMMUNITY_7,0.23388348519802094,False
3038820,10,COMMUNITY_10,0.23339912295341492,False
1939970,2,COMMUNITY_2,0.23338112235069275,False
3546740,2,COMMUNITY_2,0.2333068698644638,False
1097300,2,COMMUNITY_2,0.23327608406543732,False
2336980,9,COMMUNITY_9,0.2331148236989975,False
383730,8,COMMUNITY_8,0.2328476756811142,False
2697890,7,COMMUNITY_7,0.2328357994556427,False
263540,5,COMMUNITY_5,0.23272185027599335,False
1620290,2,COMMUNITY_2,0.2326124757528305,False
745740,8,COMMUNITY_8,0.2324344515800476,False
1116550,1,COMMUNITY_1,0.23228819668293,False
1011390,9,COMMUNITY_9,0.2322201281785965,False
1967700,13,COMMUNITY_13,0.23220807313919067,False
1729940,3,COMMUNITY_3,0.23214465379714966,False
277910,2,COMMUNITY_2,0.23208999633789062,False
1667250,1,COMMUNITY_1,0.23197531700134277,False
1717170,4,COMMUNITY_4,0.23192483186721802,False
924750,2,COMMUNITY_2,0.23169240355491638,False
1909270,13,COMMUNITY_13,0.23168468475341797,False
2834910,0,COMMUNITY_0,0.2316545844078064,False
1516750,9,COMMUNITY_9,0.23143264651298523,False
1054430,1,COMMUNITY_1,0.231377974152565,False
314980,5,COMMUNITY_5,0.23122623562812805,False
1132190,9,COMMUNITY_9,0.23118162155151367,False
1421250,4,COMMUNITY_4,0.2311091274023056,False
493200,2,COMMUNITY_2,0.23081077635288239,False
389980,5,COMMUNITY_5,0.23070521652698517,False
1740300,2,COMMUNITY_2,0.23068536818027496,False
1573720,1,COMMUNITY_1,0.2306068390607834,False
510660,4,COMMUNITY_4,0.23023276031017303,False
3106530,13,COMMUNITY_13,0.23010721802711487,False
770200,1,COMMUNITY_1,0.22999782860279083,False
1384320,10,COMMUNITY_10,0.2299303114414215,False
1280260,9,COMMUNITY_9,0.22966691851615906,False
3120700,4,COMMUNITY_4,0.22956019639968872,False
1545450,2,COMMUNITY_2,0.22939127683639526,False
1728870,9,COMMUNITY_9,0.22931461036205292,False
762650,7,COMMUNITY_7,0.22900879383087158,False
886390,7,COMMUNITY_7,0.22900879383087158,False
1575710,7,COMMUNITY_7,0.22900879383087158,False
3358270,7,COMMUNITY_7,0.22900879383087158,False
878110,7,COMMUNITY_7,0.22900879383087158,False
858040,7,COMMUNITY_7,0.22900879383087158,False
386290,7,COMMUNITY_7,0.22900879383087158,False
561770,7,COMMUNITY_7,0.22900879383087158,False
486940,7,COMMUNITY_7,0.22900879383087158,False
1151610,7,COMMUNITY_7,0.22900879383087158,False
1904160,7,COMMUNITY_7,0.22900879383087158,False
2419800,7,COMMUNITY_7,0.22900879383087158,False
1113240,7,COMMUNITY_7,0.22900879383087158,False
343440,7,COMMUNITY_7,0.22900879383087158,False
370350,7,COMMUNITY_7,0.22900879383087158,False
956200,7,COMMUNITY_7,0.22900879383087158,False
1760250,7,COMMUNITY_7,0.22900879383087158,False
2647230,7,COMMUNITY_7,0.22900879383087158,False
696170,7,COMMUNITY_7,0.22900879383087158,False
2719060,7,COMMUNITY_7,0.22900879383087158,False
2796000,7,COMMUNITY_7,0.22900879383087158,False
1299930,7,COMMUNITY_7,0.22900879383087158,False
2625850,7,COMMUNITY_7,0.22900879383087158,False
2516170,7,COMMUNITY_7,0.228709876537323,False
1212830,4,COMMUNITY_4,0.22802609205245972,False
2380410,13,COMMUNITY_13,0.2279924750328064,False
841190,9,COMMUNITY_9,0.22796538472175598,False
2994150,2,COMMUNITY_2,0.2276000678539276,False
3152590,5,COMMUNITY_5,0.22754506766796112,False
97120,0,COMMUNITY_0,0.22746670246124268,False
3253830,9,COMMUNITY_9,0.22745126485824585,False
1866980,9,COMMUNITY_9,0.22719359397888184,False
523000,13,COMMUNITY_13,0.22716300189495087,False
1901340,9,COMMUNITY_9,0.22709114849567413,False
339210,2,COMMUNITY_2,0.22689306735992432,False
1778330,12,COMMUNITY_12,0.2268202304840088,False
2078120,1,COMMUNITY_1,0.22666296362876892,False
760060,4,COMMUNITY_4,0.2265985757112503,False
607890,10,COMMUNITY_10,0.22648651897907257,False
1142100,9,COMMUNITY_9,0.2260495275259018,False
510500,9,COMMUNITY_9,0.2258155643939972,False
3154920,2,COMMUNITY_2,0.22577087581157684,False
1709050,5,COMMUNITY_5,0.2257508635520935,False
467220,9,COMMUNITY_9,0.2256499081850052,False
2886860,6,COMMUNITY_6,0.225633904337883,False
2142160,10,COMMUNITY_10,0.22554545104503632,False
1794490,9,COMMUNITY_9,0.22550176084041595,False
2291680,4,COMMUNITY_4,0.22549118101596832,False
979560,10,COMMUNITY_10,0.22524504363536835,False
2856450,4,COMMUNITY_4,0.2249830663204193,False
1282690,13,COMMUNITY_13,0.22494341433048248,False
2564660,1,COMMUNITY_1,0.22457651793956757,False
1310990,5,COMMUNITY_5,0.22401608526706696,False
2631250,9,COMMUNITY_9,0.22371231019496918,False
1218360,2,COMMUNITY_2,0.22328588366508484,False
1268310,1,COMMUNITY_1,0.2227296680212021,False
17080,0,COMMUNITY_0,0.22225914895534515,False
272860,13,COMMUNITY_13,0.22220370173454285,False
261940,2,COMMUNITY_2,0.22192348539829254,False
557400,5,COMMUNITY_5,0.22173671424388885,False
672150,8,COMMUNITY_8,0.22170132398605347,False
2340870,2,COMMUNITY_2,0.221178337931633,False
1955960,9,COMMUNITY_9,0.22086282074451447,False
2551110,9,COMMUNITY_9,0.2203359603881836,False
2294630,9,COMMUNITY_9,0.21985085308551788,False
301610,6,COMMUNITY_6,0.21982638537883759,False
381240,7,COMMUNITY_7,0.2198019027709961,False
2375040,2,COMMUNITY_2,0.21967236697673798,False
2445340,9,COMMUNITY_9,0.21940073370933533,False
547680,5,COMMUNITY_5,0.21938446164131165,False
658530,1,COMMUNITY_1,0.2193191796541214,False
1974520,13,COMMUNITY_13,0.21922315657138824,False
1097420,10,COMMUNITY_10,0.2192097008228302,False
645730,5,COMMUNITY_5,0.21920381486415863,False
1150730,1,COMMUNITY_1,0.2191218137741089,False
2012670,5,COMMUNITY_5,0.21899902820587158,False
1788850,10,COMMUNITY_10,0.21893885731697083,False
3550980,2,COMMUNITY_2,0.2188303917646408,False
1763030,1,COMMUNITY_1,0.2187943458557129,False
3172280,1,COMMUNITY_1,0.21868844330310822,False
1277950,2,COMMUNITY_2,0.21853503584861755,False
258470,2,COMMUNITY_2,0.2180374413728714,False
857060,8,COMMUNITY_8,0.21791182458400726,False
791470,2,COMMUNITY_2,0.21771933138370514,False
733950,1,COMMUNITY_1,0.21771495044231415,False
1109690,7,COMMUNITY_7,0.21731890738010406,False
638110,3,COMMUNITY_3,0.2172972708940506,False
2765860,2,COMMUNITY_2,0.21699489653110504,False
2493620,6,COMMUNITY_6,0.2169879972934723,False
2235440,8,COMMUNITY_8,0.21687531471252441,False
794540,5,COMMUNITY_5,0.21659022569656372,False
1294810,9,COMMUNITY_9,0.21658867597579956,False
1486140,9,COMMUNITY_9,0.2165772020816803,False
512460,9,COMMUNITY_9,0.2163357138633728,False
1398210,1,COMMUNITY_1,0.21613717079162598,False
1025140,7,COMMUNITY_7,0.21610477566719055,False
1126310,1,COMMUNITY_1,0.21532505750656128,False
1680000,9,COMMUNITY_9,0.21518556773662567,False
2165470,3,COMMUNITY_3,0.21491639316082,False
3166780,10,COMMUNITY_10,0.21474763751029968,False
1039960,1,COMMUNITY_1,0.214595228433609,False
1011590,9,COMMUNITY_9,0.21459317207336426,False
592600,4,COMMUNITY_4,0.21457862854003906,False
839910,3,COMMUNITY_3,0.2145688682794571,False
1235110,4,COMMUNITY_4,0.21446993947029114,False
1208080,7,COMMUNITY_7,0.21446062624454498,False
866020,6,COMMUNITY_6,0.21412396430969238,False
483330,1,COMMUNITY_1,0.21389584243297577,False
1263470,9,COMMUNITY_9,0.21386206150054932,False
1559390,5,COMMUNITY_5,0.21376782655715942,False
2292370,6,COMMUNITY_6,0.21368440985679626,False
31250,7,COMMUNITY_7,0.21363042294979095,False
366440,3,COMMUNITY_3,0.21331414580345154,False
300970,10,COMMUNITY_10,0.21321679651737213,False
611300,13,COMMUNITY_13,0.21289046108722687,False
2258890,2,COMMUNITY_2,0.21259379386901855,False
326380,7,COMMUNITY_7,0.212324857711792,False
2019680,12,COMMUNITY_12,0.21230529248714447,False
2903050,4,COMMUNITY_4,0.212227463722229,False
2433730,7,COMMUNITY_7,0.21200841665267944,False
720560,1,COMMUNITY_1,0.21154874563217163,False
1039880,4,COMMUNITY_4,0.2113977074623108,False
1007090,13,COMMUNITY_13,0.2108563780784607,False
1398390,9,COMMUNITY_9,0.21083542704582214,False
689580,0,COMMUNITY_0,0.2107483148574829,False
931950,5,COMMUNITY_5,0.2106340080499649,False
1775270,3,COMMUNITY_3,0.2104632556438446,False
1200330,7,COMMUNITY_7,0.2102561742067337,False
1146950,4,COMMUNITY_4,0.21024568378925323,False
965230,4,COMMUNITY_4,0.21016602218151093,False
820030,9,COMMUNITY_9,0.20990736782550812,False
1532190,13,COMMUNITY_13,0.20979951322078705,False
346330,1,COMMUNITY_1,0.20958100259304047,False
740250,5,COMMUNITY_5,0.20950622856616974,False
952150,7,COMMUNITY_7,0.20935675501823425,False
1516050,7,COMMUNITY_7,0.2090713381767273,False
228400,10,COMMUNITY_10,0.20905131101608276,False
1174380,3,COMMUNITY_3,0.2088519036769867,False
417840,0,COMMUNITY_0,0.20877939462661743,False
1297100,9,COMMUNITY_9,0.20869147777557373,False
803330,9,COMMUNITY_9,0.20869147777557373,False
2989980,7,COMMUNITY_7,0.20865420997142792,False
1099530,13,COMMUNITY_13,0.20811228454113007,False
1155970,1,COMMUNITY_1,0.20798161625862122,False
1613770,2,COMMUNITY_2,0.20765040814876556,False
2180210,2,COMMUNITY_2,0.20740461349487305,False
711810,1,COMMUNITY_1,0.20713086426258087,False
1098080,3,COMMUNITY_3,0.2062922716140747,False
1273710,7,COMMUNITY_7,0.2054678499698639,False
355180,9,COMMUNITY_9,0.20538854598999023,False
926520,7,COMMUNITY_7,0.20536160469055176,False
2398520,9,COMMUNITY_9,0.2047920823097229,False
508900,8,COMMUNITY_8,0.20424866676330566,False
1023690,9,COMMUNITY_9,0.2033584713935852,False
1590600,4,COMMUNITY_4,0.20334340631961823,False
1282740,4,COMMUNITY_4,0.20309436321258545,False
792200,7,COMMUNITY_7,0.20307981967926025,False
678550,1,COMMUNITY_1,0.20267872512340546,False
1470110,4,COMMUNITY_4,0.2022986114025116,False
3217360,1,COMMUNITY_1,0.20186851918697357,False
1016110,5,COMMUNITY_5,0.20177172124385834,False
1418530,4,COMMUNITY_4,0.20157992839813232,False
1621860,9,COMMUNITY_9,0.201234370470047,False
612810,7,COMMUNITY_7,0.2006409466266632,False
726110,9,COMMUNITY_9,0.200514018535614,False
844870,4,COMMUNITY_4,0.20044729113578796,False
2898760,7,COMMUNITY_7,0.19923730194568634,False
39160,11,COMMUNITY_11,0.19913612306118011,False
2381620,9,COMMUNITY_9,0.1989438533782959,False
2804680,2,COMMUNITY_2,0.19880157709121704,False
618140,4,COMMUNITY_4,0.19861255586147308,False
1420640,7,COMMUNITY_7,0.1982942521572113,False
1390520,7,COMMUNITY_7,0.19819442927837372,False
2293900,6,COMMUNITY_6,0.19773252308368683,False
915810,9,COMMUNITY_9,0.1971840113401413,False
863330,1,COMMUNITY_1,0.19709716737270355,False
2157110,4,COMMUNITY_4,0.19689629971981049,False
9310,2,COMMUNITY_2,0.19656653702259064,False
1271050,1,COMMUNITY_1,0.1965099275112152,False
243950,5,COMMUNITY_5,0.19538460671901703,False
1865930,9,COMMUNITY_9,0.19487491250038147,False
1330250,13,COMMUNITY_13,0.19463147222995758,False
1683860,5,COMMUNITY_5,0.19350488483905792,False
3157850,7,COMMUNITY_7,0.19340084493160248,False
2808830,7,COMMUNITY_7,0.19297350943088531,False
738510,9,COMMUNITY_9,0.19291628897190094,False
2772820,13,COMMUNITY_13,0.19271329045295715,False
936530,12,COMMUNITY_12,0.19255836308002472,False
1055010,7,COMMUNITY_7,0.19240933656692505,False
922320,4,COMMUNITY_4,0.19168758392333984,False
433300,10,COMMUNITY_10,0.19038118422031403,False
440420,2,COMMUNITY_2,0.19037866592407227,False
326590,4,COMMUNITY_4,0.19036200642585754,False
1367320,12,COMMUNITY_12,0.19032761454582214,False
1341820,4,COMMUNITY_4,0.19023451209068298,False
1324530,9,COMMUNITY_9,0.1890200674533844,False
523600,10,COMMUNITY_10,0.18898646533489227,False
215120,5,COMMUNITY_5,0.18880563974380493,False
698540,1,COMMUNITY_1,0.18868277966976166,False
2313250,3,COMMUNITY_3,0.18854160606861115,False
3245770,7,COMMUNITY_7,0.18834909796714783,False
1454970,4,COMMUNITY_4,0.18767249584197998,False
2718010,9,COMMUNITY_9,0.18743979930877686,False
1275640,9,COMMUNITY_9,0.18712547421455383,False
452230,9,COMMUNITY_9,0.18664318323135376,False
1408220,9,COMMUNITY_9,0.18645283579826355,False
516000,7,COMMUNITY_7,0.18585842847824097,False
2262080,0,COMMUNITY_0,0.18576496839523315,False
3136420,7,COMMUNITY_7,0.18568739295005798,False
398810,6,COMMUNITY_6,0.1854197382926941,False
2560460,9,COMMUNITY_9,0.18523524701595306,False
2932040,0,COMMUNITY_0,0.1851494014263153,False
367120,1,COMMUNITY_1,0.18413709104061127,False
622300,7,COMMUNITY_7,0.18389838933944702,False
299360,11,COMMUNITY_11,0.1829911768436432,False
252850,9,COMMUNITY_9,0.18264904618263245,False
67370,0,COMMUNITY_0,0.1825682669878006,False
405930,0,COMMUNITY_0,0.18222901225090027,False
351090,10,COMMUNITY_10,0.18218261003494263,False
2494510,2,COMMUNITY_2,0.18209026753902435,False
3029820,9,COMMUNITY_9,0.18179291486740112,False
515230,9,COMMUNITY_9,0.18146978318691254,False
1740000,9,COMMUNITY_9,0.18099796772003174,False
290300,5,COMMUNITY_5,0.1805570125579834,False
1589120,5,COMMUNITY_5,0.17973017692565918,False
3405660,7,COMMUNITY_7,0.17889246344566345,False
1402480,10,COMMUNITY_10,0.1784149557352066,False
439700,5,COMMUNITY_5,0.17822787165641785,False
1789480,13,COMMUNITY_13,0.17676565051078796,False
646330,7,COMMUNITY_7,0.17594094574451447,False
1998660,7,COMMUNITY_7,0.1758972704410553,False
411020,0,COMMUNITY_0,0.17585323750972748,False
2327780,8,COMMUNITY_8,0.175752192735672,False
1216200,2,COMMUNITY_2,0.17539602518081665,False
2756830,13,COMMUNITY_13,0.17522995173931122,False
2711320,13,COMMUNITY_13,0.1747146099805832,False
2720700,7,COMMUNITY_7,0.17457319796085358,False
1504020,9,COMMUNITY_9,0.17436781525611877,False
245470,1,COMMUNITY_1,0.1733671873807907,False
2337630,10,COMMUNITY_10,0.17324839532375336,False
1272550,10,COMMUNITY_10,0.17317596077919006,False
733500,8,COMMUNITY_8,0.1726786196231842,False
3192760,7,COMMUNITY_7,0.17205849289894104,False
3064420,13,COMMUNITY_13,0.1715160459280014,False
440740,7,COMMUNITY_7,0.17122812569141388,False
828660,13,COMMUNITY_13,0.17104969918727875,False
1379130,10,COMMUNITY_10,0.17091749608516693,False
3220170,1,COMMUNITY_1,0.17054714262485504,False
1293160,9,COMMUNITY_9,0.1705336570739746,False
321290,9,COMMUNITY_9,0.17042432725429535,False
2399910,4,COMMUNITY_4,0.16921284794807434,False
1470020,9,COMMUNITY_9,0.16836844384670258,False
1003400,9,COMMUNITY_9,0.16824708878993988,False
1065100,2,COMMUNITY_2,0.1681859791278839,False
33760,2,COMMUNITY_2,0.1678849309682846,False
1094530,9,COMMUNITY_9,0.1671251356601715,False
3060300,2,COMMUNITY_2,0.16670864820480347,False
857350,9,COMMUNITY_9,0.16670146584510803,False
3485050,4,COMMUNITY_4,0.1657571643590927,False
393530,4,COMMUNITY_4,0.165690079331398,False
3056770,7,COMMUNITY_7,0.16558703780174255,False
392950,7,COMMUNITY_7,0.16544708609580994,False
1189440,9,COMMUNITY_9,0.16485470533370972,False
2918550,9,COMMUNITY_9,0.16467034816741943,False
1865730,4,COMMUNITY_4,0.1636020690202713,False
630140,7,COMMUNITY_7,0.16281834244728088,False
461560,0,COMMUNITY_0,0.16264872252941132,False
585270,7,COMMUNITY_7,0.16262167692184448,False
420290,9,COMMUNITY_9,0.16261440515518188,False
2128740,9,COMMUNITY_9,0.1626010239124298,False
609940,2,COMMUNITY_2,0.16205857694149017,False
551370,7,COMMUNITY_7,0.16157107055187225,False
2525880,7,COMMUNITY_7,0.1612880825996399,False
2601560,10,COMMUNITY_10,0.16127808392047882,False
403030,6,COMMUNITY_6,0.16045431792736053,False
1941720,7,COMMUNITY_7,0.1597011238336563,False
724970,9,COMMUNITY_9,0.1596856713294983,False
1786760,7,COMMUNITY_7,0.15914493799209595,False
352680,2,COMMUNITY_2,0.15885613858699799,False
3109050,9,COMMUNITY_9,0.15839093923568726,False
765870,9,COMMUNITY_9,0.15833410620689392,False
2639810,5,COMMUNITY_5,0.15577782690525055,False
260210,9,COMMUNITY_9,0.15576627850532532,False
1669870,7,COMMUNITY_7,0.15575753152370453,False
372590,9,COMMUNITY_9,0.1551077514886856,False
3592000,7,COMMUNITY_7,0.15442439913749695,False
1368950,7,COMMUNITY_7,0.15441353619098663,False
2099110,7,COMMUNITY_7,0.1543758362531662,False
1862860,8,COMMUNITY_8,0.15419049561023712,False
1730910,7,COMMUNITY_7,0.15405702590942383,False
277590,9,COMMUNITY_9,0.1490357667207718,False
516610,2,COMMUNITY_2,0.14699189364910126,False
1029860,7,COMMUNITY_7,0.14609365165233612,False
1823600,9,COMMUNITY_9,0.14583341777324677,False
575890,9,COMMUNITY_9,0.14493808150291443,False
568580,7,COMMUNITY_7,0.14492160081863403,False
1753490,7,COMMUNITY_7,0.14491026103496552,False
353740,2,COMMUNITY_2,0.14441899955272675,False
1902490,1,COMMUNITY_1,0.14418479800224304,False
1622900,9,COMMUNITY_9,0.14386503398418427,False
840710,8,COMMUNITY_8,0.14242742955684662,False
994930,10,COMMUNITY_10,0.14183633029460907,False
3535220,7,COMMUNITY_7,0.14107057452201843,False
2428810,9,COMMUNITY_9,0.14053978025913239,False
2179170,1,COMMUNITY_1,0.1401849240064621,False
2867410,7,COMMUNITY_7,0.1389361172914505,False
3596390,5,COMMUNITY_5,0.13873101770877838,False
257400,13,COMMUNITY_13,0.1380435675382614,False
344760,11,COMMUNITY_11,0.1375763714313507,False
987980,7,COMMUNITY_7,0.1374480277299881,False
781350,7,COMMUNITY_7,0.1333271712064743,False
752220,7,COMMUNITY_7,0.1333271712064743,False
3416780,7,COMMUNITY_7,0.1333271712064743,False
681840,7,COMMUNITY_7,0.1333271712064743,False
1850360,7,COMMUNITY_7,0.1333271712064743,False
1801280,7,COMMUNITY_7,0.1333271712064743,False
3970,7,COMMUNITY_7,0.1333271712064743,False
1831250,7,COMMUNITY_7,0.1333271712064743,False
939700,7,COMMUNITY_7,0.1333271712064743,False
433290,7,COMMUNITY_7,0.1333271712064743,False
537640,7,COMMUNITY_7,0.1333271712064743,False
499950,7,COMMUNITY_7,0.1333271712064743,False
200880,7,COMMUNITY_7,0.1333271712064743,False
1046480,7,COMMUNITY_7,0.1333271712064743,False
2955370,7,COMMUNITY_7,0.1333271712064743,False
19030,7,COMMUNITY_7,0.1333271712064743,False
528390,7,COMMUNITY_7,0.1333271712064743,False
318240,7,COMMUNITY_7,0.1333271712064743,False
1541840,7,COMMUNITY_7,0.1333271712064743,False
401870,7,COMMUNITY_7,0.1333271712064743,False
895970,7,COMMUNITY_7,0.1333271712064743,False
12140,7,COMMUNITY_7,0.1333271712064743,False
3114940,7,COMMUNITY_7,0.1333271712064743,False
17500,1,COMMUNITY_1,0.1321873962879181,False
1732330,10,COMMUNITY_10,0.13064652681350708,False
377350,7,COMMUNITY_7,0.12642063200473785,False
2512620,7,COMMUNITY_7,0.12615984678268433,False
1538730,9,COMMUNITY_9,0.12434456497430801,False
1266560,7,COMMUNITY_7,0.12409946322441101,False
783710,7,COMMUNITY_7,0.12321404367685318,False
1696400,2,COMMUNITY_2,0.12134964764118195,False
2051060,7,COMMUNITY_7,0.1209169253706932,False
596140,7,COMMUNITY_7,0.11906411498785019,False
343450,1,COMMUNITY_1,0.11755997687578201,False
3464570,9,COMMUNITY_9,0.11721575260162354,False
670460,7,COMMUNITY_7,0.11644311994314194,False
689790,7,COMMUNITY_7,0.11562469601631165,False
444970,7,COMMUNITY_7,0.10911333560943604,False
2342030,7,COMMUNITY_7,0.1063980832695961,False
435750,7,COMMUNITY_7,0.10575862228870392,False
416640,9,COMMUNITY_9,0.10558570176362991,False
1069820,9,COMMUNITY_9,0.1051231324672699,False
772300,9,COMMUNITY_9,0.10510853677988052,False
343370,9,COMMUNITY_9,0.10476992279291153,False
1585850,9,COMMUNITY_9,0.09698929637670517,False
1066110,10,COMMUNITY_10,0.08381430804729462,False
1099550,1,COMMUNITY_1,0.08104413747787476,False
353380,11,COMMUNITY_11,0.07888361066579819,False
1745780,1,COMMUNITY_1,0.04054419696331024,False
741390,2,COMMUNITY_2,0.02509172447025776,False
1023940,6,COMMUNITY_6,0.020880036056041718,False
2200530,5,COMMUNITY_5,0.008414444513618946,False
3068400,9,COMMUNITY_9,-0.05507097765803337,False
